#2026 09 11 07:16:21.554#Z#INFO#b0b272a9-adb0-11f1-ab12-eeee0a941739.OPERATION#http-nio-0.0.0.0-8080-exec-8#
[XS2StartProcessListener] Operation ID: b0b272a9-adb0-11f1-ab12-eeee0a941739#
#2026 09 11 07:16:21.579#Z#DEBUG#b0b272a9-adb0-11f1-ab12-eeee0a941739.OPERATION#http-nio-0.0.0.0-8080-exec-8#
[XS2StartProcessListener] Process environment: {
  "SKIP_SSL_VALIDATION" : "false",
  "FLOWABLE_JOB_EXECUTOR_MAX_THREADS" : "128",
  "VERSION" : "2.53.0",
  "BASIC_AUTH_ENABLED" : "true",
  "FLOWABLE_JOB_EXECUTOR_QUEUE_CAPACITY" : "4",
  "FLOWABLE_JOB_EXECUTOR_CORE_THREADS" : "64"
}#
#2026 09 11 07:16:21.579#Z#DEBUG#b0b272a9-adb0-11f1-ab12-eeee0a941739.OPERATION#http-nio-0.0.0.0-8080-exec-8#
[XS2StartProcessListener] Current user: jai@brainbox.consulting#
#2026 09 11 07:16:21.579#Z#DEBUG#b0b272a9-adb0-11f1-ab12-eeee0a941739.OPERATION#http-nio-0.0.0.0-8080-exec-8#
[XS2StartProcessListener] Client space: dev#
#2026 09 11 07:16:21.579#Z#DEBUG#b0b272a9-adb0-11f1-ab12-eeee0a941739.OPERATION#http-nio-0.0.0.0-8080-exec-8#
[XS2StartProcessListener] Client organization: BrainBox Consulting BV_BrainboxConsultingIG#
#2026 09 11 07:16:21.580#Z#INFO#b0b272a9-adb0-11f1-ab12-eeee0a941739.OPERATION#http-nio-0.0.0.0-8080-exec-8#
[XS2StartProcessListener] Process variables: {
  "keepFiles" : false,
  "skipAppDigestCalculation" : false,
  "abortOnError" : false,
  "mtaId" : "note-for-approval",
  "noFailOnMissingPermissions" : false,
  "isSecurityEnabled" : false,
  "apiRequestPath" : "https://deploy-service.cf.eu10-005.hana.ondemand.com/api/v1/spaces/68e32ac3-8ca0-48aa-af92-b0c9129360d2/operations",
  "deleteServiceBrokers" : false,
  "appArchiveId" : "d5d6a581-5bdd-40d9-b2b3-32de8e223e3c",
  "isDisposableUserProvidedServiceEnabled" : false,
  "deleteServiceKeys" : false,
  "noRestartSubscribedApps" : false,
  "noStart" : false,
  "deleteServices" : false
}#
#2026 09 11 07:16:21.790#Z#DEBUG#b0b272a9-adb0-11f1-ab12-eeee0a941739.OPERATION#flowable-async-job-executor-thread-25794#
[ValidateDeployParametersStep] Executing task "validateParametersTask" of process "b0b272cf-adb0-11f1-ab12-eeee0a941739"...#
#2026 09 11 07:16:21.790#Z#DEBUG#b0b272a9-adb0-11f1-ab12-eeee0a941739.OPERATION#flowable-async-job-executor-thread-25794#
[ValidateDeployParametersStep] Validating parameters...#
#2026 09 11 07:16:21.793#Z#INFO#b0b272a9-adb0-11f1-ab12-eeee0a941739.OPERATION#flowable-async-job-executor-thread-25794#
[ValidateDeployParametersStep] Size of mtars is 25,220,563 and size of extension descriptors is 0#
#2026 09 11 07:16:21.818#Z#INFO#b0b272a9-adb0-11f1-ab12-eeee0a941739.OPERATION#flowable-async-job-executor-thread-25794#
[ValidateDeployParametersStep] Archive was not split! Total size in bytes: 25,220,563#
#2026 09 11 07:16:21.819#Z#INFO#b0b272a9-adb0-11f1-ab12-eeee0a941739.OPERATION#flowable-async-job-executor-thread-25794#
[ValidateDeployParametersStep] Deploying in org "BrainBox Consulting BV_BrainboxConsultingIG" and space "dev"#
#2026 09 11 07:16:21.826#Z#DEBUG#b0b272a9-adb0-11f1-ab12-eeee0a941739.OPERATION#flowable-async-job-executor-thread-25794#
[ValidateDeployParametersStep] Parameters validated#
#2026 09 11 07:16:21.826#Z#DEBUG#b0b272a9-adb0-11f1-ab12-eeee0a941739.OPERATION#flowable-async-job-executor-thread-25794#
Step "Validate Parameters" finished#
#2026 09 11 07:16:21.865#Z#DEBUG#b0b272a9-adb0-11f1-ab12-eeee0a941739.OPERATION#flowable-async-job-executor-thread-25795#
[DeleteRemainingFileParts] Executing task "deleteRemainingFileParts" of process "b0b272cf-adb0-11f1-ab12-eeee0a941739"...#
#2026 09 11 07:16:21.866#Z#DEBUG#b0b272a9-adb0-11f1-ab12-eeee0a941739.OPERATION#flowable-async-job-executor-thread-25795#
Step "Delete Remaining File Parts" finished#
#2026 09 11 07:16:21.905#Z#DEBUG#b0b272a9-adb0-11f1-ab12-eeee0a941739.OPERATION#flowable-async-job-executor-thread-25796#
[XS2ProcessMtaArchiveStep] Executing task "processArchiveTask" of process "b0b272cf-adb0-11f1-ab12-eeee0a941739"...#
#2026 09 11 07:16:21.906#Z#DEBUG#b0b272a9-adb0-11f1-ab12-eeee0a941739.OPERATION#flowable-async-job-executor-thread-25796#
[XS2ProcessMtaArchiveStep] Processing MTA archive...#
#2026 09 11 07:16:21.906#Z#DEBUG#b0b272a9-adb0-11f1-ab12-eeee0a941739.OPERATION#flowable-async-job-executor-thread-25796#
[XS2ProcessMtaArchiveStep] MTA Archive ID: d5d6a581-5bdd-40d9-b2b3-32de8e223e3c#
#2026 09 11 07:16:22.232#Z#DEBUG#b0b272a9-adb0-11f1-ab12-eeee0a941739.OPERATION#flowable-async-job-executor-thread-25796#
[XS2ProcessMtaArchiveStep] MTA Descriptor length: 2,459#
#2026 09 11 07:16:22.232#Z#DEBUG#b0b272a9-adb0-11f1-ab12-eeee0a941739.OPERATION#flowable-async-job-executor-thread-25796#
[XS2ProcessMtaArchiveStep] MTA Archive Modules: [note-for-approval-db-deployer, note-for-approval-srv, note-for-approval-app-content, note-for-approval]#
#2026 09 11 07:16:22.232#Z#DEBUG#b0b272a9-adb0-11f1-ab12-eeee0a941739.OPERATION#flowable-async-job-executor-thread-25796#
[XS2ProcessMtaArchiveStep] MTA Archive Requires: []#
#2026 09 11 07:16:22.232#Z#DEBUG#b0b272a9-adb0-11f1-ab12-eeee0a941739.OPERATION#flowable-async-job-executor-thread-25796#
[XS2ProcessMtaArchiveStep] MTA Archive Resources: []#
#2026 09 11 07:16:22.244#Z#DEBUG#b0b272a9-adb0-11f1-ab12-eeee0a941739.OPERATION#flowable-async-job-executor-thread-25796#
[XS2ProcessMtaArchiveStep] MTA archive processed#
#2026 09 11 07:16:22.244#Z#DEBUG#b0b272a9-adb0-11f1-ab12-eeee0a941739.OPERATION#flowable-async-job-executor-thread-25796#
Step "Process Archive" finished#
#2026 09 11 07:16:22.294#Z#DEBUG#b0b272a9-adb0-11f1-ab12-eeee0a941739.OPERATION#flowable-async-job-executor-thread-25797#
[ProcessMtaExtensionDescriptorsStep] Executing task "processExtensionDescriptorsTask" of process "b0b272cf-adb0-11f1-ab12-eeee0a941739"...#
#2026 09 11 07:16:22.295#Z#DEBUG#b0b272a9-adb0-11f1-ab12-eeee0a941739.OPERATION#flowable-async-job-executor-thread-25797#
[ProcessMtaExtensionDescriptorsStep] Processing MTA extension descriptors...#
#2026 09 11 07:16:22.297#Z#DEBUG#b0b272a9-adb0-11f1-ab12-eeee0a941739.OPERATION#flowable-async-job-executor-thread-25797#
[ProcessMtaExtensionDescriptorsStep] Provided extension descriptors: [ ]#
#2026 09 11 07:16:22.297#Z#DEBUG#b0b272a9-adb0-11f1-ab12-eeee0a941739.OPERATION#flowable-async-job-executor-thread-25797#
[ProcessMtaExtensionDescriptorsStep] No extension descriptors in use#
#2026 09 11 07:16:22.297#Z#DEBUG#b0b272a9-adb0-11f1-ab12-eeee0a941739.OPERATION#flowable-async-job-executor-thread-25797#
[ProcessMtaExtensionDescriptorsStep] MTA extension descriptors processed#
#2026 09 11 07:16:22.297#Z#DEBUG#b0b272a9-adb0-11f1-ab12-eeee0a941739.OPERATION#flowable-async-job-executor-thread-25797#
Step "Process Extension Descriptors" finished#
#2026 09 11 07:16:22.336#Z#DEBUG#b0b272a9-adb0-11f1-ab12-eeee0a941739.OPERATION#flowable-async-job-executor-thread-25798#
[XS2DetectMtaSchemaVersionStep] Executing task "detectSchemaVersionTask" of process "b0b272cf-adb0-11f1-ab12-eeee0a941739"...#
#2026 09 11 07:16:22.337#Z#DEBUG#b0b272a9-adb0-11f1-ab12-eeee0a941739.OPERATION#flowable-async-job-executor-thread-25798#
[XS2DetectMtaSchemaVersionStep] Detecting MTA major schema version...#
#2026 09 11 07:16:22.340#Z#INFO#b0b272a9-adb0-11f1-ab12-eeee0a941739.OPERATION#flowable-async-job-executor-thread-25798#
[XS2DetectMtaSchemaVersionStep] Detected MTA schema version: "3"#
#2026 09 11 07:16:22.346#Z#DEBUG#b0b272a9-adb0-11f1-ab12-eeee0a941739.OPERATION#flowable-async-job-executor-thread-25798#
Step "Detect Schema Version" finished#
#2026 09 11 07:16:22.386#Z#DEBUG#b0b272a9-adb0-11f1-ab12-eeee0a941739.OPERATION#flowable-async-job-executor-thread-25799#
[MergeDescriptorsStep] Executing task "mergeDescriptorsTask" of process "b0b272cf-adb0-11f1-ab12-eeee0a941739"...#
#2026 09 11 07:16:22.387#Z#DEBUG#b0b272a9-adb0-11f1-ab12-eeee0a941739.OPERATION#flowable-async-job-executor-thread-25799#
[MergeDescriptorsStep] Validating and merging descriptors...#
#2026 09 11 07:16:22.391#Z#DEBUG#b0b272a9-adb0-11f1-ab12-eeee0a941739.OPERATION#flowable-async-job-executor-thread-25799#
[MergeDescriptorsStep] Merged deployment descriptor: {
  "majorSchemaVersion" : 3,
  "schemaVersion" : "3.3.0",
  "id" : "note-for-approval",
  "version" : "1.0.0",
  "modules" : [ {
    "majorSchemaVersion" : 3,
    "name" : "note-for-approval-srv",
    "type" : "javascript.nodejs",
    "path" : "note-for-approval-srv",
    "properties" : { },
    "parameters" : {
      "buildpack" : "nodejs_buildpack",
      "instances" : 1,
      "command" : "npm start"
    },
    "requiredDependencies" : [ {
      "majorSchemaVersion" : 3,
      "name" : "note-for-approval-db",
      "properties" : { },
      "parameters" : { },
      "propertiesMetadata" : {
        "metadata" : { }
      },
      "parametersMetadata" : {
        "metadata" : { }
      }
    } ],
    "providedDependencies" : [ {
      "majorSchemaVersion" : 3,
      "name" : "srv-api",
      "isPublic" : false,
      "properties" : {
        "srv-url" : "${default-url}"
      },
      "parameters" : { },
      "propertiesMetadata" : {
        "metadata" : { }
      },
      "parametersMetadata" : {
        "metadata" : { }
      }
    }, {
      "majorSchemaVersion" : 3,
      "name" : "note-for-approval-srv",
      "isPublic" : false,
      "properties" : { },
      "parameters" : { },
      "propertiesMetadata" : {
        "metadata" : { }
      },
      "parametersMetadata" : {
        "metadata" : { }
      }
    } ],
    "propertiesMetadata" : {
      "metadata" : { }
    },
    "parametersMetadata" : {
      "metadata" : { }
    },
    "hooks" : [ ]
  }, {
    "majorSchemaVersion" : 3,
    "name" : "note-for-approval-app-content",
    "type" : "com.sap.application.content",
    "path" : "note-for-approval-app-content",
    "properties" : { },
    "parameters" : { },
    "requiredDependencies" : [ {
      "majorSchemaVersion" : 3,
      "name" : "note-for-approval-repo-host",
      "properties" : { },
      "parameters" : {
        "content-target" : true
      },
      "propertiesMetadata" : {
        "metadata" : { }
      },
      "parametersMetadata" : {
        "metadata" : { }
      }
    } ],
    "providedDependencies" : [ {
      "majorSchemaVersion" : 3,
      "name" : "note-for-approval-app-content",
      "isPublic" : false,
      "properties" : { },
      "parameters" : { },
      "propertiesMetadata" : {
        "metadata" : { }
      },
      "parametersMetadata" : {
        "metadata" : { }
      }
    } ],
    "propertiesMetadata" : {
      "metadata" : { }
    },
    "parametersMetadata" : {
      "metadata" : { }
    },
    "hooks" : [ ]
  }, {
    "majorSchemaVersion" : 3,
    "name" : "note-for-approval-db-deployer",
    "type" : "com.sap.xs.hdi",
    "path" : "note-for-approval-db-deployer",
    "properties" : {
      "EXIT" : 1
    },
    "parameters" : {
      "memory" : "256M",
      "buildpack" : "nodejs_buildpack",
      "no-route" : true,
      "dependency-type" : "hard",
      "tasks" : [ {
        "name" : "deploy",
        "memory" : "256M",
        "command" : "npm start"
      } ],
      "no-start" : true
    },
    "requiredDependencies" : [ {
      "majorSchemaVersion" : 3,
      "name" : "note-for-approval-db",
      "properties" : { },
      "parameters" : { },
      "propertiesMetadata" : {
        "metadata" : { }
      },
      "parametersMetadata" : {
        "metadata" : { }
      }
    } ],
    "providedDependencies" : [ {
      "majorSchemaVersion" : 3,
      "name" : "note-for-approval-db-deployer",
      "isPublic" : false,
      "properties" : { },
      "parameters" : { },
      "propertiesMetadata" : {
        "metadata" : { }
      },
      "parametersMetadata" : {
        "metadata" : { }
      }
    } ],
    "propertiesMetadata" : {
      "metadata" : { }
    },
    "parametersMetadata" : {
      "metadata" : { }
    },
    "hooks" : [ ]
  }, {
    "majorSchemaVersion" : 3,
    "name" : "note-for-approval",
    "type" : "javascript.nodejs",
    "path" : "note-for-approval",
    "properties" : { },
    "parameters" : {
      "disk-quota" : "256M",
      "keep-existing-routes" : true,
      "memory" : "256M"
    },
    "requiredDependencies" : [ {
      "majorSchemaVersion" : 3,
      "name" : "srv-api",
      "group" : "destinations",
      "properties" : {
        "name" : "srv-api",
        "forwardAuthToken" : "********",
        "url" : "~{srv-url}"
      },
      "parameters" : { },
      "propertiesMetadata" : {
        "metadata" : { }
      },
      "parametersMetadata" : {
        "metadata" : { }
      }
    }, {
      "majorSchemaVersion" : 3,
      "name" : "note-for-approval-html5-runtime",
      "properties" : { },
      "parameters" : { },
      "propertiesMetadata" : {
        "metadata" : { }
      },
      "parametersMetadata" : {
        "metadata" : { }
      }
    } ],
    "providedDependencies" : [ {
      "majorSchemaVersion" : 3,
      "name" : "app-api",
      "isPublic" : false,
      "properties" : {
        "app-protocol" : "${protocol}",
        "app-uri" : "${default-uri}"
      },
      "parameters" : { },
      "propertiesMetadata" : {
        "metadata" : { }
      },
      "parametersMetadata" : {
        "metadata" : { }
      }
    }, {
      "majorSchemaVersion" : 3,
      "name" : "note-for-approval",
      "isPublic" : false,
      "properties" : { },
      "parameters" : { },
      "propertiesMetadata" : {
        "metadata" : { }
      },
      "parametersMetadata" : {
        "metadata" : { }
      }
    } ],
    "propertiesMetadata" : {
      "metadata" : { }
    },
    "parametersMetadata" : {
      "metadata" : { }
    },
    "hooks" : [ ]
  } ],
  "resources" : [ {
    "majorSchemaVersion" : 3,
    "name" : "note-for-approval-repo-host",
    "type" : "org.cloudfoundry.managed-service",
    "properties" : { },
    "parameters" : {
      "service-name" : "note-for-approval-html5-service",
      "service-plan" : "app-host",
      "type" : "managed-service",
      "service" : "html5-apps-repo"
    },
    "isActive" : true,
    "isOptional" : false,
    "propertiesMetadata" : {
      "metadata" : { }
    },
    "parametersMetadata" : {
      "metadata" : { }
    },
    "requiredDependencies" : [ ],
    "processedAfter" : [ ]
  }, {
    "majorSchemaVersion" : 3,
    "name" : "note-for-approval-html5-runtime",
    "type" : "org.cloudfoundry.managed-service",
    "properties" : { },
    "parameters" : {
      "type" : "managed-service",
      "service" : "html5-apps-repo",
      "service-plan" : "app-runtime"
    },
    "isActive" : true,
    "isOptional" : false,
    "propertiesMetadata" : {
      "metadata" : { }
    },
    "parametersMetadata" : {
      "metadata" : { }
    },
    "requiredDependencies" : [ ],
    "processedAfter" : [ ]
  }, {
    "majorSchemaVersion" : 3,
    "name" : "note-for-approval-destination-service",
    "type" : "org.cloudfoundry.managed-service",
    "properties" : { },
    "parameters" : {
      "service-name" : "note-for-approval-destination-service",
      "service-plan" : "lite",
      "type" : "managed-service",
      "config" : {
        "HTML5Runtime_enabled" : false,
        "init_data" : {
          "instance" : {
            "destinations" : [ {
              "Authentication" : "********",
              "Name" : "ui5",
              "ProxyType" : "Internet",
              "Type" : "HTTP",
              "URL" : "https://ui5.sap.com"
            } ],
            "existing_destinations_policy" : "update"
          }
        },
        "version" : "1.0.0"
      },
      "service" : "destination"
    },
    "isActive" : true,
    "isOptional" : false,
    "propertiesMetadata" : {
      "metadata" : { }
    },
    "parametersMetadata" : {
      "metadata" : { }
    },
    "requiredDependencies" : [ ],
    "processedAfter" : [ ]
  }, {
    "majorSchemaVersion" : 3,
    "name" : "note-for-approval-db",
    "type" : "com.sap.xs.hdi-container",
    "properties" : { },
    "parameters" : {
      "type" : "managed-service",
      "service" : "hana",
      "service-plan" : "hdi-shared"
    },
    "isActive" : true,
    "isOptional" : false,
    "propertiesMetadata" : {
      "metadata" : { }
    },
    "parametersMetadata" : {
      "metadata" : { }
    },
    "requiredDependencies" : [ ],
    "processedAfter" : [ ]
  } ],
  "parameters" : {
    "enable-parallel-deployments" : true,
    "deploy_mode" : "html5-repo"
  },
  "parametersMetadata" : {
    "metadata" : { }
  }
}#
#2026 09 11 07:16:22.394#Z#DEBUG#b0b272a9-adb0-11f1-ab12-eeee0a941739.OPERATION#flowable-async-job-executor-thread-25799#
[MergeDescriptorsStep] Descriptors validated and merged#
#2026 09 11 07:16:22.394#Z#DEBUG#b0b272a9-adb0-11f1-ab12-eeee0a941739.OPERATION#flowable-async-job-executor-thread-25799#
Step "Merge Descriptors" finished#
#2026 09 11 07:16:22.437#Z#DEBUG#b0b272a9-adb0-11f1-ab12-eeee0a941739.OPERATION#flowable-async-job-executor-thread-25800#
[CollectCloudLoggingServiceParametersStep] Executing task "sid-9C5714DF-CEC8-4019-8873-CBBA99AC459A" of process "b0b272cf-adb0-11f1-ab12-eeee0a941739"...#
#2026 09 11 07:16:22.441#Z#DEBUG#b0b272a9-adb0-11f1-ab12-eeee0a941739.OPERATION#flowable-async-job-executor-thread-25800#
Step "Collect Cloud Logging Service Parameters" finished#
#2026 09 11 07:16:22.476#Z#DEBUG#b0b272a9-adb0-11f1-ab12-eeee0a941739.OPERATION#flowable-async-job-executor-thread-25801#
[DetectDeployedMtaStep] Executing task "detectDeployedMtaTask" of process "b0b272cf-adb0-11f1-ab12-eeee0a941739"...#
#2026 09 11 07:16:22.477#Z#DEBUG#b0b272a9-adb0-11f1-ab12-eeee0a941739.OPERATION#flowable-async-job-executor-thread-25801#
[DetectDeployedMtaStep] Detecting deployed MTA...#
#2026 09 11 07:16:22.547#Z#DEBUG#b0b272a9-adb0-11f1-ab12-eeee0a941739.OPERATION#flowable-async-job-executor-thread-25801#
[DetectDeployedMtaStep] Detecting MTA by id note-for-approval and namespace null#
#2026 09 11 07:16:22.547#Z#DEBUG#b0b272a9-adb0-11f1-ab12-eeee0a941739.OPERATION#flowable-async-job-executor-thread-25801#
[DetectDeployedMtaStep] Getting applications by metadata label selector "mta_id=8a35cafb96b1015a5dfdd58f1e09134f,!mta_namespace"...#
#2026 09 11 07:16:22.605#Z#DEBUG#b0b272a9-adb0-11f1-ab12-eeee0a941739.OPERATION#flowable-async-job-executor-thread-25801#
[DetectDeployedMtaStep] Getting service instances by metadata label selector "mta_id=8a35cafb96b1015a5dfdd58f1e09134f,!mta_namespace"...#
#2026 09 11 07:16:22.749#Z#DEBUG#b0b272a9-adb0-11f1-ab12-eeee0a941739.OPERATION#flowable-async-job-executor-thread-25801#
[DetectDeployedMtaStep] Deployed MTA: {
  "metadata" : {
    "id" : "note-for-approval",
    "version" : "1.0.0"
  },
  "applications" : [ {
    "name" : "note-for-approval-srv",
    "metadata" : {
      "guid" : "7037cbc0-f596-4751-ad38-f95db4aad153",
      "createdAt" : [ 2026, 8, 31, 12, 17, 37 ],
      "updatedAt" : [ 2026, 9, 3, 13, 1, 13 ]
    },
    "v3Metadata" : {
      "annotations" : {
        "mta_id" : "note-for-approval",
        "mta_version" : "1.0.0",
        "mta_module" : "{\"name\":\"note-for-approval-srv\"}",
        "mta_module_provided_dependencies" : "[]",
        "mta_bound_services" : "[\"note-for-approval-db\"]"
      },
      "labels" : {
        "mta_id" : "8a35cafb96b1015a5dfdd58f1e09134f"
      }
    },
    "state" : "STARTED",
    "lifecycle" : {
      "type" : "BUILDPACK",
      "data" : {
        "stack" : "cflinuxfs4",
        "buildpacks" : [ "nodejs_buildpack" ]
      }
    },
    "space" : {
      "name" : "dev",
      "metadata" : {
        "guid" : "68e32ac3-8ca0-48aa-af92-b0c9129360d2",
        "createdAt" : [ 2025, 11, 11, 6, 20, 46 ],
        "updatedAt" : [ 2025, 11, 11, 6, 20, 46 ]
      },
      "organization" : {
        "name" : "BrainBox Consulting BV_BrainboxConsultingIG",
        "metadata" : {
          "guid" : "f75518ee-c52e-4c0f-8577-d43c69acffc3",
          "createdAt" : [ 2025, 11, 11, 6, 10, 20 ],
          "updatedAt" : [ 2025, 11, 11, 6, 10, 20 ]
        }
      }
    },
    "moduleName" : "note-for-approval-srv",
    "boundMtaServices" : [ "note-for-approval-db" ],
    "providedDependencyNames" : [ ],
    "productizationState" : "LIVE"
  }, {
    "name" : "note-for-approval-db-deployer",
    "metadata" : {
      "guid" : "cfa7ca5e-15f8-47db-8f56-b1eb52c10373",
      "createdAt" : [ 2026, 8, 31, 12, 17, 42 ],
      "updatedAt" : [ 2026, 9, 3, 13, 1, 3 ]
    },
    "v3Metadata" : {
      "annotations" : {
        "mta_id" : "note-for-approval",
        "mta_version" : "1.0.0",
        "mta_module" : "{\"name\":\"note-for-approval-db-deployer\"}",
        "mta_module_provided_dependencies" : "[]",
        "mta_bound_services" : "[\"note-for-approval-db\"]"
      },
      "labels" : {
        "mta_id" : "8a35cafb96b1015a5dfdd58f1e09134f"
      }
    },
    "state" : "STOPPED",
    "lifecycle" : {
      "type" : "BUILDPACK",
      "data" : {
        "stack" : "cflinuxfs4",
        "buildpacks" : [ "nodejs_buildpack" ]
      }
    },
    "space" : {
      "name" : "dev",
      "metadata" : {
        "guid" : "68e32ac3-8ca0-48aa-af92-b0c9129360d2",
        "createdAt" : [ 2025, 11, 11, 6, 20, 46 ],
        "updatedAt" : [ 2025, 11, 11, 6, 20, 46 ]
      },
      "organization" : {
        "name" : "BrainBox Consulting BV_BrainboxConsultingIG",
        "metadata" : {
          "guid" : "f75518ee-c52e-4c0f-8577-d43c69acffc3",
          "createdAt" : [ 2025, 11, 11, 6, 10, 20 ],
          "updatedAt" : [ 2025, 11, 11, 6, 10, 20 ]
        }
      }
    },
    "moduleName" : "note-for-approval-db-deployer",
    "boundMtaServices" : [ "note-for-approval-db" ],
    "providedDependencyNames" : [ ],
    "productizationState" : "LIVE"
  }, {
    "name" : "note-for-approval",
    "metadata" : {
      "guid" : "00415b23-d656-42e4-9089-360c286d1f4f",
      "createdAt" : [ 2026, 8, 31, 19, 28, 6 ],
      "updatedAt" : [ 2026, 9, 3, 13, 1, 23 ]
    },
    "v3Metadata" : {
      "annotations" : {
        "mta_id" : "note-for-approval",
        "mta_version" : "1.0.0",
        "mta_module" : "{\"name\":\"note-for-approval\"}",
        "mta_module_provided_dependencies" : "[]",
        "mta_bound_services" : "[\"note-for-approval-html5-runtime\"]"
      },
      "labels" : {
        "mta_id" : "8a35cafb96b1015a5dfdd58f1e09134f"
      }
    },
    "state" : "STARTED",
    "lifecycle" : {
      "type" : "BUILDPACK",
      "data" : {
        "stack" : "cflinuxfs4",
        "buildpacks" : [ ]
      }
    },
    "space" : {
      "name" : "dev",
      "metadata" : {
        "guid" : "68e32ac3-8ca0-48aa-af92-b0c9129360d2",
        "createdAt" : [ 2025, 11, 11, 6, 20, 46 ],
        "updatedAt" : [ 2025, 11, 11, 6, 20, 46 ]
      },
      "organization" : {
        "name" : "BrainBox Consulting BV_BrainboxConsultingIG",
        "metadata" : {
          "guid" : "f75518ee-c52e-4c0f-8577-d43c69acffc3",
          "createdAt" : [ 2025, 11, 11, 6, 10, 20 ],
          "updatedAt" : [ 2025, 11, 11, 6, 10, 20 ]
        }
      }
    },
    "moduleName" : "note-for-approval",
    "boundMtaServices" : [ "note-for-approval-html5-runtime" ],
    "providedDependencyNames" : [ ],
    "productizationState" : "LIVE"
  } ],
  "services" : [ {
    "name" : "note-for-approval-db",
    "metadata" : {
      "guid" : "3cda08d7-bd8d-45de-a8e6-41a33d7f1e28",
      "createdAt" : [ 2026, 8, 31, 12, 17, 18 ],
      "updatedAt" : [ 2026, 8, 31, 12, 17, 19 ]
    },
    "v3Metadata" : {
      "annotations" : {
        "mta_id" : "note-for-approval",
        "mta_version" : "1.0.0",
        "mta_resource" : "{\"name\":\"note-for-approval-db\"}"
      },
      "labels" : {
        "mta_id" : "8a35cafb96b1015a5dfdd58f1e09134f"
      }
    },
    "label" : "hana",
    "plan" : "hdi-shared",
    "credentials" : "********",
    "tags" : [ ],
    "type" : "managed",
    "lastOperation" : {
      "type" : "CREATE",
      "state" : "SUCCEEDED"
    },
    "resourceName" : "note-for-approval-db"
  }, {
    "name" : "note-for-approval-html5-service",
    "metadata" : {
      "guid" : "49fffbed-09fa-45b8-b879-4a143684ee2f",
      "createdAt" : [ 2026, 8, 31, 12, 17, 18 ],
      "updatedAt" : [ 2026, 8, 31, 12, 17, 19 ]
    },
    "v3Metadata" : {
      "annotations" : {
        "mta_id" : "note-for-approval",
        "mta_version" : "1.0.0",
        "mta_resource" : "{\"name\":\"note-for-approval-repo-host\"}"
      },
      "labels" : {
        "mta_id" : "8a35cafb96b1015a5dfdd58f1e09134f"
      }
    },
    "label" : "html5-apps-repo",
    "plan" : "app-host",
    "credentials" : "********",
    "tags" : [ ],
    "type" : "managed",
    "lastOperation" : {
      "type" : "CREATE",
      "description" : "",
      "state" : "SUCCEEDED"
    },
    "resourceName" : "note-for-approval-repo-host"
  }, {
    "name" : "note-for-approval-html5-runtime",
    "metadata" : {
      "guid" : "7d72db8e-eb9e-477c-a62a-92e4416d38d2",
      "createdAt" : [ 2026, 8, 31, 19, 27, 57 ],
      "updatedAt" : [ 2026, 8, 31, 19, 27, 58 ]
    },
    "v3Metadata" : {
      "annotations" : {
        "mta_id" : "note-for-approval",
        "mta_version" : "1.0.0",
        "mta_resource" : "{\"name\":\"note-for-approval-html5-runtime\"}"
      },
      "labels" : {
        "mta_id" : "8a35cafb96b1015a5dfdd58f1e09134f"
      }
    },
    "label" : "html5-apps-repo",
    "plan" : "app-runtime",
    "credentials" : "********",
    "tags" : [ ],
    "type" : "managed",
    "lastOperation" : {
      "type" : "CREATE",
      "description" : "",
      "state" : "SUCCEEDED"
    },
    "resourceName" : "note-for-approval-html5-runtime"
  }, {
    "name" : "note-for-approval-destination-service",
    "metadata" : {
      "guid" : "b3312f59-2e53-4489-8957-1c1421177eae",
      "createdAt" : [ 2026, 8, 31, 12, 17, 16 ],
      "updatedAt" : [ 2026, 8, 31, 12, 17, 17 ]
    },
    "v3Metadata" : {
      "annotations" : {
        "mta_id" : "note-for-approval",
        "mta_version" : "1.0.0",
        "mta_resource" : "{\"name\":\"note-for-approval-destination-service\"}"
      },
      "labels" : {
        "mta_id" : "8a35cafb96b1015a5dfdd58f1e09134f"
      }
    },
    "label" : "destination",
    "plan" : "lite",
    "credentials" : "********",
    "tags" : [ ],
    "type" : "managed",
    "lastOperation" : {
      "type" : "UPDATE",
      "description" : "",
      "state" : "SUCCEEDED"
    },
    "resourceName" : "note-for-approval-destination-service"
  } ]
}#
#2026 09 11 07:16:22.749#Z#INFO#b0b272a9-adb0-11f1-ab12-eeee0a941739.OPERATION#flowable-async-job-executor-thread-25801#
[DetectDeployedMtaStep] Detected deployed MTA with ID "note-for-approval" and version "1.0.0"#
#2026 09 11 07:16:22.755#Z#DEBUG#b0b272a9-adb0-11f1-ab12-eeee0a941739.OPERATION#flowable-async-job-executor-thread-25801#
[DetectDeployedMtaStep] Detecting backup mta by id "note-for-approval" and namespace "null"#
#2026 09 11 07:16:22.755#Z#DEBUG#b0b272a9-adb0-11f1-ab12-eeee0a941739.OPERATION#flowable-async-job-executor-thread-25801#
[DetectDeployedMtaStep] Getting applications by metadata label selector "mta_id=8a35cafb96b1015a5dfdd58f1e09134f,mta_namespace=b698114a0995e936895b9598a6c19a2c"...#
#2026 09 11 07:16:22.786#Z#DEBUG#b0b272a9-adb0-11f1-ab12-eeee0a941739.OPERATION#flowable-async-job-executor-thread-25801#
[DetectDeployedMtaStep] Getting service instances by metadata label selector "mta_id=8a35cafb96b1015a5dfdd58f1e09134f,mta_namespace=b698114a0995e936895b9598a6c19a2c"...#
#2026 09 11 07:16:22.856#Z#DEBUG#b0b272a9-adb0-11f1-ab12-eeee0a941739.OPERATION#flowable-async-job-executor-thread-25801#
[DetectDeployedMtaStep] Deployed MTA service keys: [ {
  "name" : "********",
  "metadata" : {
    "guid" : "fba8482c-7491-4d03-9e40-4d7b5a2d5b77",
    "createdAt" : [ 2026, 8, 31, 12, 17, 39 ],
    "updatedAt" : [ 2026, 8, 31, 12, 17, 40 ]
  },
  "v3Metadata" : {
    "annotations" : {
      "mta_id" : "note-for-approval",
      "mta_version" : "1.0.0"
    },
    "labels" : {
      "mta_id" : "8a35cafb96b1015a5dfdd58f1e09134f",
      "space_guid" : "68e32ac3-8ca0-48aa-af92-b0c9129360d2"
    }
  },
  "serviceInstance" : {
    "name" : "note-for-approval-html5-service",
    "metadata" : {
      "guid" : "49fffbed-09fa-45b8-b879-4a143684ee2f",
      "createdAt" : [ 2026, 8, 31, 12, 17, 18 ],
      "updatedAt" : [ 2026, 8, 31, 12, 17, 19 ]
    },
    "v3Metadata" : {
      "annotations" : {
        "mta_id" : "note-for-approval",
        "mta_version" : "1.0.0",
        "mta_resource" : "{\"name\":\"note-for-approval-repo-host\"}"
      },
      "labels" : {
        "mta_id" : "8a35cafb96b1015a5dfdd58f1e09134f"
      }
    },
    "credentials" : "********",
    "tags" : [ ],
    "type" : "managed"
  }
} ]#
#2026 09 11 07:16:22.856#Z#DEBUG#b0b272a9-adb0-11f1-ab12-eeee0a941739.OPERATION#flowable-async-job-executor-thread-25801#
Step "Detect Deployed MTA" finished#
#2026 09 11 07:16:22.902#Z#DEBUG#b0b272a9-adb0-11f1-ab12-eeee0a941739.OPERATION#flowable-async-job-executor-thread-25802#
[XS2CollectSystemParametersStep] Executing task "collectSystemParametersTask" of process "b0b272cf-adb0-11f1-ab12-eeee0a941739"...#
#2026 09 11 07:16:22.903#Z#DEBUG#b0b272a9-adb0-11f1-ab12-eeee0a941739.OPERATION#flowable-async-job-executor-thread-25802#
[XS2CollectSystemParametersStep] Collecting system parameters...#
#2026 09 11 07:16:22.904#Z#DEBUG#b0b272a9-adb0-11f1-ab12-eeee0a941739.OPERATION#flowable-async-job-executor-thread-25802#
[XS2CollectSystemParametersStep] Getting default domain...#
#2026 09 11 07:16:22.937#Z#DEBUG#b0b272a9-adb0-11f1-ab12-eeee0a941739.OPERATION#flowable-async-job-executor-thread-25802#
[XS2CollectSystemParametersStep] Default domain: cfapps.eu10-005.hana.ondemand.com#
#2026 09 11 07:16:22.938#Z#DEBUG#b0b272a9-adb0-11f1-ab12-eeee0a941739.OPERATION#flowable-async-job-executor-thread-25802#
[XS2CollectSystemParametersStep] Checking for overwriting read-only parameters for mta with id: "note-for-approval"#
#2026 09 11 07:16:22.939#Z#DEBUG#b0b272a9-adb0-11f1-ab12-eeee0a941739.OPERATION#flowable-async-job-executor-thread-25802#
[XS2CollectSystemParametersStep] No read-only parameters are overwritten#
#2026 09 11 07:16:22.952#Z#DEBUG#b0b272a9-adb0-11f1-ab12-eeee0a941739.OPERATION#flowable-async-job-executor-thread-25802#
[XS2CollectSystemParametersStep] Descriptor with system parameters: {
  "majorSchemaVersion" : 3,
  "schemaVersion" : "3.3.0",
  "id" : "note-for-approval",
  "version" : "1.0.0",
  "modules" : [ {
    "majorSchemaVersion" : 3,
    "name" : "note-for-approval-srv",
    "type" : "javascript.nodejs",
    "path" : "note-for-approval-srv",
    "properties" : { },
    "parameters" : {
      "default-url" : "${protocol}://${default-uri}",
      "default-app-name" : "note-for-approval-srv",
      "generated-password" : "********",
      "default-live-url" : "${protocol}://${default-live-uri}",
      "default-uri" : "${host}.${domain}",
      "default-instances" : 1,
      "default-live-host" : "brainbox-consulting-bv-brainboxconsultingig-dev-note-fo4054ba4a",
      "instances" : 1,
      "buildpack" : "nodejs_buildpack",
      "default-host" : "brainbox-consulting-bv-brainboxconsultingig-dev-note-fo4054ba4a",
      "command" : "npm start",
      "app-name" : "${default-app-name}",
      "default-live-uri" : "brainbox-consulting-bv-brainboxconsultingig-dev-note-fo4054ba4a.${domain}",
      "protocol" : "https",
      "default-live-app-name" : "note-for-approval-srv",
      "default-live-domain" : "cfapps.eu10-005.hana.ondemand.com",
      "domain" : "${default-domain}",
      "host" : "${default-host}",
      "generated-user" : "********"
    },
    "requiredDependencies" : [ {
      "majorSchemaVersion" : 3,
      "name" : "note-for-approval-db",
      "properties" : { },
      "parameters" : { },
      "propertiesMetadata" : {
        "metadata" : { }
      },
      "parametersMetadata" : {
        "metadata" : { }
      }
    } ],
    "providedDependencies" : [ {
      "majorSchemaVersion" : 3,
      "name" : "srv-api",
      "isPublic" : false,
      "properties" : {
        "srv-url" : "${default-url}"
      },
      "parameters" : { },
      "propertiesMetadata" : {
        "metadata" : { }
      },
      "parametersMetadata" : {
        "metadata" : { }
      }
    }, {
      "majorSchemaVersion" : 3,
      "name" : "note-for-approval-srv",
      "isPublic" : false,
      "properties" : { },
      "parameters" : { },
      "propertiesMetadata" : {
        "metadata" : { }
      },
      "parametersMetadata" : {
        "metadata" : { }
      }
    } ],
    "propertiesMetadata" : {
      "metadata" : { }
    },
    "parametersMetadata" : {
      "metadata" : { }
    },
    "hooks" : [ ]
  }, {
    "majorSchemaVersion" : 3,
    "name" : "note-for-approval-app-content",
    "type" : "com.sap.application.content",
    "path" : "note-for-approval-app-content",
    "properties" : { },
    "parameters" : {
      "default-url" : "${protocol}://${default-uri}",
      "default-app-name" : "note-for-approval-app-content",
      "generated-password" : "********",
      "default-live-url" : "${protocol}://${default-live-uri}",
      "default-uri" : "${host}.${domain}",
      "default-instances" : 1,
      "default-live-host" : "brainbox-consulting-bv-brainboxconsultingig-dev-note-fo1e3325e0",
      "instances" : "${default-instances}",
      "default-host" : "brainbox-consulting-bv-brainboxconsultingig-dev-note-fo1e3325e0",
      "app-name" : "${default-app-name}",
      "default-live-uri" : "brainbox-consulting-bv-brainboxconsultingig-dev-note-fo1e3325e0.${domain}",
      "protocol" : "https",
      "default-live-app-name" : "note-for-approval-app-content",
      "default-live-domain" : "cfapps.eu10-005.hana.ondemand.com",
      "domain" : "${default-domain}",
      "host" : "${default-host}",
      "generated-user" : "********"
    },
    "requiredDependencies" : [ {
      "majorSchemaVersion" : 3,
      "name" : "note-for-approval-repo-host",
      "properties" : { },
      "parameters" : {
        "content-target" : true
      },
      "propertiesMetadata" : {
        "metadata" : { }
      },
      "parametersMetadata" : {
        "metadata" : { }
      }
    } ],
    "providedDependencies" : [ {
      "majorSchemaVersion" : 3,
      "name" : "note-for-approval-app-content",
      "isPublic" : false,
      "properties" : { },
      "parameters" : { },
      "propertiesMetadata" : {
        "metadata" : { }
      },
      "parametersMetadata" : {
        "metadata" : { }
      }
    } ],
    "propertiesMetadata" : {
      "metadata" : { }
    },
    "parametersMetadata" : {
      "metadata" : { }
    },
    "hooks" : [ ]
  }, {
    "majorSchemaVersion" : 3,
    "name" : "note-for-approval-db-deployer",
    "type" : "com.sap.xs.hdi",
    "path" : "note-for-approval-db-deployer",
    "properties" : {
      "EXIT" : 1
    },
    "parameters" : {
      "default-url" : "${protocol}://${default-uri}",
      "default-app-name" : "note-for-approval-db-deployer",
      "generated-password" : "********",
      "default-live-url" : "${protocol}://${default-live-uri}",
      "default-uri" : "${host}.${domain}",
      "memory" : "256M",
      "default-instances" : 1,
      "no-route" : true,
      "default-live-host" : "brainbox-consulting-bv-brainboxconsultingig-dev-note-fo33517d96",
      "instances" : "${default-instances}",
      "buildpack" : "nodejs_buildpack",
      "default-host" : "brainbox-consulting-bv-brainboxconsultingig-dev-note-fo33517d96",
      "app-name" : "${default-app-name}",
      "default-live-uri" : "brainbox-consulting-bv-brainboxconsultingig-dev-note-fo33517d96.${domain}",
      "protocol" : "https",
      "default-live-app-name" : "note-for-approval-db-deployer",
      "default-live-domain" : "cfapps.eu10-005.hana.ondemand.com",
      "dependency-type" : "hard",
      "domain" : "${default-domain}",
      "host" : "${default-host}",
      "generated-user" : "********",
      "tasks" : [ {
        "name" : "deploy",
        "memory" : "256M",
        "command" : "npm start"
      } ],
      "no-start" : true
    },
    "requiredDependencies" : [ {
      "majorSchemaVersion" : 3,
      "name" : "note-for-approval-db",
      "properties" : { },
      "parameters" : { },
      "propertiesMetadata" : {
        "metadata" : { }
      },
      "parametersMetadata" : {
        "metadata" : { }
      }
    } ],
    "providedDependencies" : [ {
      "majorSchemaVersion" : 3,
      "name" : "note-for-approval-db-deployer",
      "isPublic" : false,
      "properties" : { },
      "parameters" : { },
      "propertiesMetadata" : {
        "metadata" : { }
      },
      "parametersMetadata" : {
        "metadata" : { }
      }
    } ],
    "propertiesMetadata" : {
      "metadata" : { }
    },
    "parametersMetadata" : {
      "metadata" : { }
    },
    "hooks" : [ ]
  }, {
    "majorSchemaVersion" : 3,
    "name" : "note-for-approval",
    "type" : "javascript.nodejs",
    "path" : "note-for-approval",
    "properties" : { },
    "parameters" : {
      "default-url" : "${protocol}://${default-uri}",
      "default-app-name" : "note-for-approval",
      "generated-password" : "********",
      "default-live-url" : "${protocol}://${default-live-uri}",
      "default-uri" : "${host}.${domain}",
      "memory" : "256M",
      "default-instances" : 1,
      "default-live-host" : "brainbox-consulting-bv-brainboxconsultingig-dev-note-fo1ef357a0",
      "instances" : "${default-instances}",
      "default-host" : "brainbox-consulting-bv-brainboxconsultingig-dev-note-fo1ef357a0",
      "keep-existing-routes" : true,
      "app-name" : "${default-app-name}",
      "default-live-uri" : "brainbox-consulting-bv-brainboxconsultingig-dev-note-fo1ef357a0.${domain}",
      "protocol" : "https",
      "default-live-app-name" : "note-for-approval",
      "default-live-domain" : "cfapps.eu10-005.hana.ondemand.com",
      "disk-quota" : "256M",
      "domain" : "${default-domain}",
      "host" : "${default-host}",
      "generated-user" : "********"
    },
    "requiredDependencies" : [ {
      "majorSchemaVersion" : 3,
      "name" : "srv-api",
      "group" : "destinations",
      "properties" : {
        "name" : "srv-api",
        "forwardAuthToken" : "********",
        "url" : "~{srv-url}"
      },
      "parameters" : { },
      "propertiesMetadata" : {
        "metadata" : { }
      },
      "parametersMetadata" : {
        "metadata" : { }
      }
    }, {
      "majorSchemaVersion" : 3,
      "name" : "note-for-approval-html5-runtime",
      "properties" : { },
      "parameters" : { },
      "propertiesMetadata" : {
        "metadata" : { }
      },
      "parametersMetadata" : {
        "metadata" : { }
      }
    } ],
    "providedDependencies" : [ {
      "majorSchemaVersion" : 3,
      "name" : "app-api",
      "isPublic" : false,
      "properties" : {
        "app-protocol" : "${protocol}",
        "app-uri" : "${default-uri}"
      },
      "parameters" : { },
      "propertiesMetadata" : {
        "metadata" : { }
      },
      "parametersMetadata" : {
        "metadata" : { }
      }
    }, {
      "majorSchemaVersion" : 3,
      "name" : "note-for-approval",
      "isPublic" : false,
      "properties" : { },
      "parameters" : { },
      "propertiesMetadata" : {
        "metadata" : { }
      },
      "parametersMetadata" : {
        "metadata" : { }
      }
    } ],
    "propertiesMetadata" : {
      "metadata" : { }
    },
    "parametersMetadata" : {
      "metadata" : { }
    },
    "hooks" : [ ]
  } ],
  "resources" : [ {
    "majorSchemaVersion" : 3,
    "name" : "note-for-approval-repo-host",
    "type" : "org.cloudfoundry.managed-service",
    "properties" : { },
    "parameters" : {
      "generated-password" : "********",
      "service-name" : "note-for-approval-html5-service",
      "service-plan" : "app-host",
      "service" : "html5-apps-repo",
      "generated-user" : "********",
      "default-xsappname" : "note-for-approval-repo-host",
      "type" : "managed-service",
      "default-service-name" : "note-for-approval-repo-host",
      "default-container-name" : "BRAINBOX_CONSULTING_BV_BRAINBOXCONSULTINGIG_DEV_NOTE_FOR794BA098"
    },
    "isActive" : true,
    "isOptional" : false,
    "propertiesMetadata" : {
      "metadata" : { }
    },
    "parametersMetadata" : {
      "metadata" : { }
    },
    "requiredDependencies" : [ ],
    "processedAfter" : [ ]
  }, {
    "majorSchemaVersion" : 3,
    "name" : "note-for-approval-html5-runtime",
    "type" : "org.cloudfoundry.managed-service",
    "properties" : { },
    "parameters" : {
      "generated-password" : "********",
      "service-name" : "${default-service-name}",
      "service-plan" : "app-runtime",
      "service" : "html5-apps-repo",
      "generated-user" : "********",
      "default-xsappname" : "note-for-approval-html5-runtime",
      "type" : "managed-service",
      "default-service-name" : "note-for-approval-html5-runtime",
      "default-container-name" : "BRAINBOX_CONSULTING_BV_BRAINBOXCONSULTINGIG_DEV_NOTE_FOR77D661F6"
    },
    "isActive" : true,
    "isOptional" : false,
    "propertiesMetadata" : {
      "metadata" : { }
    },
    "parametersMetadata" : {
      "metadata" : { }
    },
    "requiredDependencies" : [ ],
    "processedAfter" : [ ]
  }, {
    "majorSchemaVersion" : 3,
    "name" : "note-for-approval-destination-service",
    "type" : "org.cloudfoundry.managed-service",
    "properties" : { },
    "parameters" : {
      "generated-password" : "********",
      "service-name" : "note-for-approval-destination-service",
      "service-plan" : "lite",
      "service" : "destination",
      "generated-user" : "********",
      "default-xsappname" : "note-for-approval-destination-service",
      "type" : "managed-service",
      "config" : {
        "HTML5Runtime_enabled" : false,
        "init_data" : {
          "instance" : {
            "destinations" : [ {
              "Authentication" : "********",
              "Name" : "ui5",
              "ProxyType" : "Internet",
              "Type" : "HTTP",
              "URL" : "https://ui5.sap.com"
            } ],
            "existing_destinations_policy" : "update"
          }
        },
        "version" : "1.0.0"
      },
      "default-service-name" : "note-for-approval-destination-service",
      "default-container-name" : "BRAINBOX_CONSULTING_BV_BRAINBOXCONSULTINGIG_DEV_NOTE_FOR11A5BC97"
    },
    "isActive" : true,
    "isOptional" : false,
    "propertiesMetadata" : {
      "metadata" : { }
    },
    "parametersMetadata" : {
      "metadata" : { }
    },
    "requiredDependencies" : [ ],
    "processedAfter" : [ ]
  }, {
    "majorSchemaVersion" : 3,
    "name" : "note-for-approval-db",
    "type" : "com.sap.xs.hdi-container",
    "properties" : { },
    "parameters" : {
      "generated-password" : "********",
      "service-name" : "${default-service-name}",
      "service-plan" : "hdi-shared",
      "service" : "hana",
      "generated-user" : "********",
      "default-xsappname" : "note-for-approval-db",
      "type" : "managed-service",
      "default-service-name" : "note-for-approval-db",
      "default-container-name" : "BRAINBOX_CONSULTING_BV_BRAINBOXCONSULTINGIG_DEV_NOTE_FOR712E6D35"
    },
    "isActive" : true,
    "isOptional" : false,
    "propertiesMetadata" : {
      "metadata" : { }
    },
    "parametersMetadata" : {
      "metadata" : { }
    },
    "requiredDependencies" : [ ],
    "processedAfter" : [ ]
  } ],
  "parameters" : {
    "deploy_mode" : "html5-repo",
    "mta-id" : "note-for-approval",
    "authorization-url" : "********",
    "org-guid" : "f75518ee-c52e-4c0f-8577-d43c69acffc3",
    "org" : "BrainBox Consulting BV_BrainboxConsultingIG",
    "deploy-target" : "BrainBox Consulting BV_BrainboxConsultingIG dev",
    "enable-parallel-deployments" : true,
    "space" : "dev",
    "xs-api-url" : "https://api.cf.eu10-005.hana.ondemand.com",
    "deploy-url" : "deploy-service.cfapps.eu10-005.hana.ondemand.com",
    "xs-type" : "CF",
    "default-domain" : "cfapps.eu10-005.hana.ondemand.com",
    "mta-version" : "1.0.0",
    "xs-auth-url" : "********",
    "space-guid" : "68e32ac3-8ca0-48aa-af92-b0c9129360d2",
    "user" : "********",
    "controller-url" : "https://api.cf.eu10-005.hana.ondemand.com",
    "timestamp" : "20260911071621"
  },
  "parametersMetadata" : {
    "metadata" : { }
  }
}#
#2026 09 11 07:16:22.954#Z#DEBUG#b0b272a9-adb0-11f1-ab12-eeee0a941739.OPERATION#flowable-async-job-executor-thread-25802#
[XS2CollectSystemParametersStep] Version rule: SAME_HIGHER#
#2026 09 11 07:16:22.954#Z#INFO#b0b272a9-adb0-11f1-ab12-eeee0a941739.OPERATION#flowable-async-job-executor-thread-25802#
[XS2CollectSystemParametersStep] Detected new MTA version: "1.0.0"#
#2026 09 11 07:16:22.959#Z#INFO#b0b272a9-adb0-11f1-ab12-eeee0a941739.OPERATION#flowable-async-job-executor-thread-25802#
[XS2CollectSystemParametersStep] Deployed MTA version: "1.0.0"#
#2026 09 11 07:16:22.964#Z#DEBUG#b0b272a9-adb0-11f1-ab12-eeee0a941739.OPERATION#flowable-async-job-executor-thread-25802#
[XS2CollectSystemParametersStep] MTA accepted for deployment#
#2026 09 11 07:16:22.964#Z#DEBUG#b0b272a9-adb0-11f1-ab12-eeee0a941739.OPERATION#flowable-async-job-executor-thread-25802#
[XS2CollectSystemParametersStep] System parameters collected#
#2026 09 11 07:16:22.965#Z#DEBUG#b0b272a9-adb0-11f1-ab12-eeee0a941739.OPERATION#flowable-async-job-executor-thread-25802#
Step "Collect System Parameters" finished#
#2026 09 11 07:16:23.010#Z#DEBUG#b0b272a9-adb0-11f1-ab12-eeee0a941739.OPERATION#flowable-async-job-executor-thread-25803#
[ProcessDescriptorStep] Executing task "processDescriptorTask" of process "b0b272cf-adb0-11f1-ab12-eeee0a941739"...#
#2026 09 11 07:16:23.011#Z#DEBUG#b0b272a9-adb0-11f1-ab12-eeee0a941739.OPERATION#flowable-async-job-executor-thread-25803#
[ProcessDescriptorStep] Resolving properties and parameters in merged descriptor...#
#2026 09 11 07:16:23.018#Z#DEBUG#b0b272a9-adb0-11f1-ab12-eeee0a941739.OPERATION#flowable-async-job-executor-thread-25803#
[ProcessDescriptorStep] Subscriptions: [ ]#
#2026 09 11 07:16:23.019#Z#DEBUG#b0b272a9-adb0-11f1-ab12-eeee0a941739.OPERATION#flowable-async-job-executor-thread-25803#
[ProcessDescriptorStep] MTA modules: [note-for-approval-db-deployer, note-for-approval-srv, note-for-approval-app-content, note-for-approval]#
#2026 09 11 07:16:23.020#Z#DEBUG#b0b272a9-adb0-11f1-ab12-eeee0a941739.OPERATION#flowable-async-job-executor-thread-25803#
[ProcessDescriptorStep] Resolved deployment descriptor: {
  "majorSchemaVersion" : 3,
  "schemaVersion" : "3.3.0",
  "id" : "note-for-approval",
  "version" : "1.0.0",
  "modules" : [ {
    "majorSchemaVersion" : 3,
    "name" : "note-for-approval-srv",
    "type" : "javascript.nodejs",
    "path" : "note-for-approval-srv",
    "properties" : { },
    "parameters" : {
      "default-url" : "https://brainbox-consulting-bv-brainboxconsultingig-dev-note-fo4054ba4a.cfapps.eu10-005.hana.ondemand.com",
      "default-app-name" : "note-for-approval-srv",
      "generated-password" : "********",
      "default-live-url" : "https://brainbox-consulting-bv-brainboxconsultingig-dev-note-fo4054ba4a.cfapps.eu10-005.hana.ondemand.com",
      "default-uri" : "brainbox-consulting-bv-brainboxconsultingig-dev-note-fo4054ba4a.cfapps.eu10-005.hana.ondemand.com",
      "default-instances" : 1,
      "default-live-host" : "brainbox-consulting-bv-brainboxconsultingig-dev-note-fo4054ba4a",
      "instances" : 1,
      "buildpack" : "nodejs_buildpack",
      "default-host" : "brainbox-consulting-bv-brainboxconsultingig-dev-note-fo4054ba4a",
      "command" : "npm start",
      "app-name" : "note-for-approval-srv",
      "default-live-uri" : "brainbox-consulting-bv-brainboxconsultingig-dev-note-fo4054ba4a.cfapps.eu10-005.hana.ondemand.com",
      "protocol" : "https",
      "default-live-app-name" : "note-for-approval-srv",
      "default-live-domain" : "cfapps.eu10-005.hana.ondemand.com",
      "domain" : "cfapps.eu10-005.hana.ondemand.com",
      "host" : "brainbox-consulting-bv-brainboxconsultingig-dev-note-fo4054ba4a",
      "generated-user" : "********"
    },
    "requiredDependencies" : [ {
      "majorSchemaVersion" : 3,
      "name" : "note-for-approval-db",
      "properties" : { },
      "parameters" : { },
      "propertiesMetadata" : {
        "metadata" : { }
      },
      "parametersMetadata" : {
        "metadata" : { }
      }
    } ],
    "providedDependencies" : [ {
      "majorSchemaVersion" : 3,
      "name" : "srv-api",
      "isPublic" : false,
      "properties" : {
        "srv-url" : "https://brainbox-consulting-bv-brainboxconsultingig-dev-note-fo4054ba4a.cfapps.eu10-005.hana.ondemand.com"
      },
      "parameters" : { },
      "propertiesMetadata" : {
        "metadata" : { }
      },
      "parametersMetadata" : {
        "metadata" : { }
      }
    }, {
      "majorSchemaVersion" : 3,
      "name" : "note-for-approval-srv",
      "isPublic" : false,
      "properties" : { },
      "parameters" : { },
      "propertiesMetadata" : {
        "metadata" : { }
      },
      "parametersMetadata" : {
        "metadata" : { }
      }
    } ],
    "propertiesMetadata" : {
      "metadata" : { }
    },
    "parametersMetadata" : {
      "metadata" : { }
    },
    "hooks" : [ ]
  }, {
    "majorSchemaVersion" : 3,
    "name" : "note-for-approval-app-content",
    "type" : "com.sap.application.content",
    "path" : "note-for-approval-app-content",
    "properties" : { },
    "parameters" : {
      "default-url" : "https://brainbox-consulting-bv-brainboxconsultingig-dev-note-fo1e3325e0.cfapps.eu10-005.hana.ondemand.com",
      "default-app-name" : "note-for-approval-app-content",
      "generated-password" : "********",
      "default-live-url" : "https://brainbox-consulting-bv-brainboxconsultingig-dev-note-fo1e3325e0.cfapps.eu10-005.hana.ondemand.com",
      "default-uri" : "brainbox-consulting-bv-brainboxconsultingig-dev-note-fo1e3325e0.cfapps.eu10-005.hana.ondemand.com",
      "default-instances" : 1,
      "default-live-host" : "brainbox-consulting-bv-brainboxconsultingig-dev-note-fo1e3325e0",
      "instances" : 1,
      "default-host" : "brainbox-consulting-bv-brainboxconsultingig-dev-note-fo1e3325e0",
      "app-name" : "note-for-approval-app-content",
      "default-live-uri" : "brainbox-consulting-bv-brainboxconsultingig-dev-note-fo1e3325e0.cfapps.eu10-005.hana.ondemand.com",
      "protocol" : "https",
      "default-live-app-name" : "note-for-approval-app-content",
      "default-live-domain" : "cfapps.eu10-005.hana.ondemand.com",
      "domain" : "cfapps.eu10-005.hana.ondemand.com",
      "host" : "brainbox-consulting-bv-brainboxconsultingig-dev-note-fo1e3325e0",
      "generated-user" : "********"
    },
    "requiredDependencies" : [ {
      "majorSchemaVersion" : 3,
      "name" : "note-for-approval-repo-host",
      "properties" : { },
      "parameters" : {
        "content-target" : true
      },
      "propertiesMetadata" : {
        "metadata" : { }
      },
      "parametersMetadata" : {
        "metadata" : { }
      }
    } ],
    "providedDependencies" : [ {
      "majorSchemaVersion" : 3,
      "name" : "note-for-approval-app-content",
      "isPublic" : false,
      "properties" : { },
      "parameters" : { },
      "propertiesMetadata" : {
        "metadata" : { }
      },
      "parametersMetadata" : {
        "metadata" : { }
      }
    } ],
    "propertiesMetadata" : {
      "metadata" : { }
    },
    "parametersMetadata" : {
      "metadata" : { }
    },
    "hooks" : [ ]
  }, {
    "majorSchemaVersion" : 3,
    "name" : "note-for-approval-db-deployer",
    "type" : "com.sap.xs.hdi",
    "path" : "note-for-approval-db-deployer",
    "properties" : {
      "EXIT" : 1
    },
    "parameters" : {
      "default-url" : "https://brainbox-consulting-bv-brainboxconsultingig-dev-note-fo33517d96.cfapps.eu10-005.hana.ondemand.com",
      "default-app-name" : "note-for-approval-db-deployer",
      "generated-password" : "********",
      "default-live-url" : "https://brainbox-consulting-bv-brainboxconsultingig-dev-note-fo33517d96.cfapps.eu10-005.hana.ondemand.com",
      "default-uri" : "brainbox-consulting-bv-brainboxconsultingig-dev-note-fo33517d96.cfapps.eu10-005.hana.ondemand.com",
      "memory" : "256M",
      "default-instances" : 1,
      "no-route" : true,
      "default-live-host" : "brainbox-consulting-bv-brainboxconsultingig-dev-note-fo33517d96",
      "instances" : 1,
      "buildpack" : "nodejs_buildpack",
      "default-host" : "brainbox-consulting-bv-brainboxconsultingig-dev-note-fo33517d96",
      "app-name" : "note-for-approval-db-deployer",
      "default-live-uri" : "brainbox-consulting-bv-brainboxconsultingig-dev-note-fo33517d96.cfapps.eu10-005.hana.ondemand.com",
      "protocol" : "https",
      "default-live-app-name" : "note-for-approval-db-deployer",
      "default-live-domain" : "cfapps.eu10-005.hana.ondemand.com",
      "dependency-type" : "hard",
      "domain" : "cfapps.eu10-005.hana.ondemand.com",
      "host" : "brainbox-consulting-bv-brainboxconsultingig-dev-note-fo33517d96",
      "generated-user" : "********",
      "tasks" : [ {
        "command" : "npm start",
        "memory" : "256M",
        "name" : "deploy"
      } ],
      "no-start" : true
    },
    "requiredDependencies" : [ {
      "majorSchemaVersion" : 3,
      "name" : "note-for-approval-db",
      "properties" : { },
      "parameters" : { },
      "propertiesMetadata" : {
        "metadata" : { }
      },
      "parametersMetadata" : {
        "metadata" : { }
      }
    } ],
    "providedDependencies" : [ {
      "majorSchemaVersion" : 3,
      "name" : "note-for-approval-db-deployer",
      "isPublic" : false,
      "properties" : { },
      "parameters" : { },
      "propertiesMetadata" : {
        "metadata" : { }
      },
      "parametersMetadata" : {
        "metadata" : { }
      }
    } ],
    "propertiesMetadata" : {
      "metadata" : { }
    },
    "parametersMetadata" : {
      "metadata" : { }
    },
    "hooks" : [ ]
  }, {
    "majorSchemaVersion" : 3,
    "name" : "note-for-approval",
    "type" : "javascript.nodejs",
    "path" : "note-for-approval",
    "properties" : { },
    "parameters" : {
      "default-url" : "https://brainbox-consulting-bv-brainboxconsultingig-dev-note-fo1ef357a0.cfapps.eu10-005.hana.ondemand.com",
      "default-app-name" : "note-for-approval",
      "generated-password" : "********",
      "default-live-url" : "https://brainbox-consulting-bv-brainboxconsultingig-dev-note-fo1ef357a0.cfapps.eu10-005.hana.ondemand.com",
      "default-uri" : "brainbox-consulting-bv-brainboxconsultingig-dev-note-fo1ef357a0.cfapps.eu10-005.hana.ondemand.com",
      "memory" : "256M",
      "default-instances" : 1,
      "default-live-host" : "brainbox-consulting-bv-brainboxconsultingig-dev-note-fo1ef357a0",
      "instances" : 1,
      "default-host" : "brainbox-consulting-bv-brainboxconsultingig-dev-note-fo1ef357a0",
      "keep-existing-routes" : true,
      "app-name" : "note-for-approval",
      "default-live-uri" : "brainbox-consulting-bv-brainboxconsultingig-dev-note-fo1ef357a0.cfapps.eu10-005.hana.ondemand.com",
      "protocol" : "https",
      "default-live-app-name" : "note-for-approval",
      "default-live-domain" : "cfapps.eu10-005.hana.ondemand.com",
      "disk-quota" : "256M",
      "domain" : "cfapps.eu10-005.hana.ondemand.com",
      "host" : "brainbox-consulting-bv-brainboxconsultingig-dev-note-fo1ef357a0",
      "generated-user" : "********"
    },
    "requiredDependencies" : [ {
      "majorSchemaVersion" : 3,
      "name" : "srv-api",
      "group" : "destinations",
      "properties" : {
        "name" : "srv-api",
        "forwardAuthToken" : "********",
        "url" : "https://brainbox-consulting-bv-brainboxconsultingig-dev-note-fo4054ba4a.cfapps.eu10-005.hana.ondemand.com"
      },
      "parameters" : { },
      "propertiesMetadata" : {
        "metadata" : { }
      },
      "parametersMetadata" : {
        "metadata" : { }
      }
    }, {
      "majorSchemaVersion" : 3,
      "name" : "note-for-approval-html5-runtime",
      "properties" : { },
      "parameters" : { },
      "propertiesMetadata" : {
        "metadata" : { }
      },
      "parametersMetadata" : {
        "metadata" : { }
      }
    } ],
    "providedDependencies" : [ {
      "majorSchemaVersion" : 3,
      "name" : "app-api",
      "isPublic" : false,
      "properties" : {
        "app-protocol" : "https",
        "app-uri" : "brainbox-consulting-bv-brainboxconsultingig-dev-note-fo1ef357a0.cfapps.eu10-005.hana.ondemand.com"
      },
      "parameters" : { },
      "propertiesMetadata" : {
        "metadata" : { }
      },
      "parametersMetadata" : {
        "metadata" : { }
      }
    }, {
      "majorSchemaVersion" : 3,
      "name" : "note-for-approval",
      "isPublic" : false,
      "properties" : { },
      "parameters" : { },
      "propertiesMetadata" : {
        "metadata" : { }
      },
      "parametersMetadata" : {
        "metadata" : { }
      }
    } ],
    "propertiesMetadata" : {
      "metadata" : { }
    },
    "parametersMetadata" : {
      "metadata" : { }
    },
    "hooks" : [ ]
  } ],
  "resources" : [ {
    "majorSchemaVersion" : 3,
    "name" : "note-for-approval-repo-host",
    "type" : "org.cloudfoundry.managed-service",
    "properties" : { },
    "parameters" : {
      "generated-password" : "********",
      "service-name" : "note-for-approval-html5-service",
      "service-plan" : "app-host",
      "service" : "html5-apps-repo",
      "generated-user" : "********",
      "default-xsappname" : "note-for-approval-repo-host",
      "type" : "managed-service",
      "default-service-name" : "note-for-approval-repo-host",
      "default-container-name" : "BRAINBOX_CONSULTING_BV_BRAINBOXCONSULTINGIG_DEV_NOTE_FOR794BA098"
    },
    "isActive" : true,
    "isOptional" : false,
    "propertiesMetadata" : {
      "metadata" : { }
    },
    "parametersMetadata" : {
      "metadata" : { }
    },
    "requiredDependencies" : [ ],
    "processedAfter" : [ ]
  }, {
    "majorSchemaVersion" : 3,
    "name" : "note-for-approval-html5-runtime",
    "type" : "org.cloudfoundry.managed-service",
    "properties" : { },
    "parameters" : {
      "generated-password" : "********",
      "service-name" : "note-for-approval-html5-runtime",
      "service-plan" : "app-runtime",
      "service" : "html5-apps-repo",
      "generated-user" : "********",
      "default-xsappname" : "note-for-approval-html5-runtime",
      "type" : "managed-service",
      "default-service-name" : "note-for-approval-html5-runtime",
      "default-container-name" : "BRAINBOX_CONSULTING_BV_BRAINBOXCONSULTINGIG_DEV_NOTE_FOR77D661F6"
    },
    "isActive" : true,
    "isOptional" : false,
    "propertiesMetadata" : {
      "metadata" : { }
    },
    "parametersMetadata" : {
      "metadata" : { }
    },
    "requiredDependencies" : [ ],
    "processedAfter" : [ ]
  }, {
    "majorSchemaVersion" : 3,
    "name" : "note-for-approval-destination-service",
    "type" : "org.cloudfoundry.managed-service",
    "properties" : { },
    "parameters" : {
      "generated-password" : "********",
      "service-name" : "note-for-approval-destination-service",
      "service-plan" : "lite",
      "service" : "destination",
      "generated-user" : "********",
      "default-xsappname" : "note-for-approval-destination-service",
      "type" : "managed-service",
      "config" : {
        "HTML5Runtime_enabled" : false,
        "init_data" : {
          "instance" : {
            "destinations" : [ {
              "Authentication" : "********",
              "Name" : "ui5",
              "ProxyType" : "Internet",
              "Type" : "HTTP",
              "URL" : "https://ui5.sap.com"
            } ],
            "existing_destinations_policy" : "update"
          }
        },
        "version" : "1.0.0"
      },
      "default-service-name" : "note-for-approval-destination-service",
      "default-container-name" : "BRAINBOX_CONSULTING_BV_BRAINBOXCONSULTINGIG_DEV_NOTE_FOR11A5BC97"
    },
    "isActive" : true,
    "isOptional" : false,
    "propertiesMetadata" : {
      "metadata" : { }
    },
    "parametersMetadata" : {
      "metadata" : { }
    },
    "requiredDependencies" : [ ],
    "processedAfter" : [ ]
  }, {
    "majorSchemaVersion" : 3,
    "name" : "note-for-approval-db",
    "type" : "com.sap.xs.hdi-container",
    "properties" : { },
    "parameters" : {
      "generated-password" : "********",
      "service-name" : "note-for-approval-db",
      "service-plan" : "hdi-shared",
      "service" : "hana",
      "generated-user" : "********",
      "default-xsappname" : "note-for-approval-db",
      "type" : "managed-service",
      "default-service-name" : "note-for-approval-db",
      "default-container-name" : "BRAINBOX_CONSULTING_BV_BRAINBOXCONSULTINGIG_DEV_NOTE_FOR712E6D35"
    },
    "isActive" : true,
    "isOptional" : false,
    "propertiesMetadata" : {
      "metadata" : { }
    },
    "parametersMetadata" : {
      "metadata" : { }
    },
    "requiredDependencies" : [ ],
    "processedAfter" : [ ]
  } ],
  "parameters" : {
    "deploy_mode" : "html5-repo",
    "mta-id" : "note-for-approval",
    "authorization-url" : "********",
    "org-guid" : "f75518ee-c52e-4c0f-8577-d43c69acffc3",
    "org" : "BrainBox Consulting BV_BrainboxConsultingIG",
    "deploy-target" : "BrainBox Consulting BV_BrainboxConsultingIG dev",
    "enable-parallel-deployments" : true,
    "region-primary-domain" : "eu10.hana.ondemand.com",
    "space" : "dev",
    "region-domain" : "eu10-005.hana.ondemand.com",
    "xs-api-url" : "https://api.cf.eu10-005.hana.ondemand.com",
    "deploy-url" : "deploy-service.cfapps.eu10-005.hana.ondemand.com",
    "xs-type" : "CF",
    "default-domain" : "cfapps.eu10-005.hana.ondemand.com",
    "mta-version" : "1.0.0",
    "xs-auth-url" : "********",
    "space-guid" : "68e32ac3-8ca0-48aa-af92-b0c9129360d2",
    "user" : "********",
    "controller-url" : "https://api.cf.eu10-005.hana.ondemand.com",
    "timestamp" : "20260911071621"
  },
  "parametersMetadata" : {
    "metadata" : { }
  }
}#
#2026 09 11 07:16:23.020#Z#DEBUG#b0b272a9-adb0-11f1-ab12-eeee0a941739.OPERATION#flowable-async-job-executor-thread-25803#
[ProcessDescriptorStep] Merged descriptor properties and parameters resolved#
#2026 09 11 07:16:23.020#Z#DEBUG#b0b272a9-adb0-11f1-ab12-eeee0a941739.OPERATION#flowable-async-job-executor-thread-25803#
Step "Process Descriptor Step" finished#
#2026 09 11 07:16:23.063#Z#DEBUG#b0b272a9-adb0-11f1-ab12-eeee0a941739.OPERATION#flowable-async-job-executor-thread-25804#
[XS2BuildCloudDeployModelStep] Executing task "buildDeployModelTask" of process "b0b272cf-adb0-11f1-ab12-eeee0a941739"...#
#2026 09 11 07:16:23.067#Z#DEBUG#b0b272a9-adb0-11f1-ab12-eeee0a941739.OPERATION#flowable-async-job-executor-thread-25804#
[XS2BuildCloudDeployModelStep] Service keys defined for content deployment grouped by service name: {
  "note-for-approval-repo-host" : [ {
    "name" : "********",
    "v3Metadata" : {
      "annotations" : {
        "mta_id" : "note-for-approval",
        "mta_version" : "1.0.0"
      },
      "labels" : {
        "mta_id" : "8a35cafb96b1015a5dfdd58f1e09134f",
        "space_guid" : "68e32ac3-8ca0-48aa-af92-b0c9129360d2"
      }
    },
    "credentials" : "********",
    "moduleName" : "note-for-approval-app-content",
    "resourceName" : "note-for-approval-repo-host",
    "serviceInstance" : {
      "isOptional" : false,
      "isManaged" : false,
      "name" : "note-for-approval-html5-service",
      "credentials" : "********",
      "tags" : [ ],
      "shouldSkipParametersUpdate" : false,
      "shouldSkipPlanUpdate" : false,
      "shouldSkipTagsUpdate" : false,
      "shouldSkipSyslogUrlUpdate" : false
    },
    "shouldDeleteServiceKeyAfterDeploy" : "********",
    "resourceType" : "org.cloudfoundry.managed-service"
  } ]
}#
#2026 09 11 07:16:23.067#Z#DEBUG#b0b272a9-adb0-11f1-ab12-eeee0a941739.OPERATION#flowable-async-job-executor-thread-25804#
[XS2BuildCloudDeployModelStep] Building cloud deployment model...#
#2026 09 11 07:16:23.070#Z#DEBUG#b0b272a9-adb0-11f1-ab12-eeee0a941739.OPERATION#flowable-async-job-executor-thread-25804#
[XS2BuildCloudDeployModelStep] MTA archive modules: [note-for-approval-db-deployer, note-for-approval-srv, note-for-approval-app-content, note-for-approval]#
#2026 09 11 07:16:23.070#Z#DEBUG#b0b272a9-adb0-11f1-ab12-eeee0a941739.OPERATION#flowable-async-job-executor-thread-25804#
[XS2BuildCloudDeployModelStep] Deployed modules: [note-for-approval, note-for-approval-db-deployer, note-for-approval-srv]#
#2026 09 11 07:16:23.071#Z#DEBUG#b0b272a9-adb0-11f1-ab12-eeee0a941739.OPERATION#flowable-async-job-executor-thread-25804#
[XS2BuildCloudDeployModelStep] MTA modules: [note-for-approval-db-deployer, note-for-approval-srv, note-for-approval-app-content, note-for-approval]#
#2026 09 11 07:16:23.072#Z#DEBUG#b0b272a9-adb0-11f1-ab12-eeee0a941739.OPERATION#flowable-async-job-executor-thread-25804#
[XS2BuildCloudDeployModelStep] Service keys to create: {
  "note-for-approval-repo-host" : [ ],
  "note-for-approval-db" : [ ],
  "note-for-approval-html5-runtime" : [ ],
  "note-for-approval-destination-service" : [ ]
}#
#2026 09 11 07:16:23.073#Z#DEBUG#b0b272a9-adb0-11f1-ab12-eeee0a941739.OPERATION#flowable-async-job-executor-thread-25804#
[XS2BuildCloudDeployModelStep] Modules to deploy: [{
  "majorSchemaVersion" : 3,
  "name" : "note-for-approval-srv",
  "type" : "javascript.nodejs",
  "path" : "note-for-approval-srv",
  "properties" : { },
  "parameters" : {
    "default-url" : "https://brainbox-consulting-bv-brainboxconsultingig-dev-note-fo4054ba4a.cfapps.eu10-005.hana.ondemand.com",
    "default-app-name" : "note-for-approval-srv",
    "generated-password" : "********",
    "default-live-url" : "https://brainbox-consulting-bv-brainboxconsultingig-dev-note-fo4054ba4a.cfapps.eu10-005.hana.ondemand.com",
    "default-uri" : "brainbox-consulting-bv-brainboxconsultingig-dev-note-fo4054ba4a.cfapps.eu10-005.hana.ondemand.com",
    "default-instances" : 1,
    "default-live-host" : "brainbox-consulting-bv-brainboxconsultingig-dev-note-fo4054ba4a",
    "instances" : 1,
    "buildpack" : "nodejs_buildpack",
    "default-host" : "brainbox-consulting-bv-brainboxconsultingig-dev-note-fo4054ba4a",
    "command" : "npm start",
    "app-name" : "note-for-approval-srv",
    "default-live-uri" : "brainbox-consulting-bv-brainboxconsultingig-dev-note-fo4054ba4a.cfapps.eu10-005.hana.ondemand.com",
    "protocol" : "https",
    "default-live-app-name" : "note-for-approval-srv",
    "default-live-domain" : "cfapps.eu10-005.hana.ondemand.com",
    "dependency-type" : "soft",
    "domain" : "cfapps.eu10-005.hana.ondemand.com",
    "host" : "brainbox-consulting-bv-brainboxconsultingig-dev-note-fo4054ba4a",
    "generated-user" : "********"
  },
  "requiredDependencies" : [ {
    "majorSchemaVersion" : 3,
    "name" : "note-for-approval-db",
    "properties" : { },
    "parameters" : { },
    "propertiesMetadata" : {
      "metadata" : { }
    },
    "parametersMetadata" : {
      "metadata" : { }
    }
  } ],
  "providedDependencies" : [ {
    "majorSchemaVersion" : 3,
    "name" : "srv-api",
    "isPublic" : false,
    "properties" : {
      "srv-url" : "https://brainbox-consulting-bv-brainboxconsultingig-dev-note-fo4054ba4a.cfapps.eu10-005.hana.ondemand.com"
    },
    "parameters" : { },
    "propertiesMetadata" : {
      "metadata" : { }
    },
    "parametersMetadata" : {
      "metadata" : { }
    }
  }, {
    "majorSchemaVersion" : 3,
    "name" : "note-for-approval-srv",
    "isPublic" : false,
    "properties" : { },
    "parameters" : { },
    "propertiesMetadata" : {
      "metadata" : { }
    },
    "parametersMetadata" : {
      "metadata" : { }
    }
  } ],
  "propertiesMetadata" : {
    "metadata" : { }
  },
  "parametersMetadata" : {
    "metadata" : { }
  },
  "deployedAfter" : [ ],
  "hooks" : [ ]
}, {
  "majorSchemaVersion" : 3,
  "name" : "note-for-approval-app-content",
  "type" : "com.sap.application.content",
  "path" : "note-for-approval-app-content",
  "properties" : { },
  "parameters" : {
    "default-url" : "https://brainbox-consulting-bv-brainboxconsultingig-dev-note-fo1e3325e0.cfapps.eu10-005.hana.ondemand.com",
    "default-app-name" : "note-for-approval-app-content",
    "generated-password" : "********",
    "default-live-url" : "https://brainbox-consulting-bv-brainboxconsultingig-dev-note-fo1e3325e0.cfapps.eu10-005.hana.ondemand.com",
    "default-uri" : "brainbox-consulting-bv-brainboxconsultingig-dev-note-fo1e3325e0.cfapps.eu10-005.hana.ondemand.com",
    "default-instances" : 1,
    "default-live-host" : "brainbox-consulting-bv-brainboxconsultingig-dev-note-fo1e3325e0",
    "instances" : 1,
    "default-host" : "brainbox-consulting-bv-brainboxconsultingig-dev-note-fo1e3325e0",
    "app-name" : "note-for-approval-app-content",
    "default-live-uri" : "brainbox-consulting-bv-brainboxconsultingig-dev-note-fo1e3325e0.cfapps.eu10-005.hana.ondemand.com",
    "protocol" : "https",
    "default-live-app-name" : "note-for-approval-app-content",
    "default-live-domain" : "cfapps.eu10-005.hana.ondemand.com",
    "dependency-type" : "soft",
    "domain" : "cfapps.eu10-005.hana.ondemand.com",
    "host" : "brainbox-consulting-bv-brainboxconsultingig-dev-note-fo1e3325e0",
    "generated-user" : "********"
  },
  "requiredDependencies" : [ {
    "majorSchemaVersion" : 3,
    "name" : "note-for-approval-repo-host",
    "properties" : { },
    "parameters" : {
      "content-target" : true
    },
    "propertiesMetadata" : {
      "metadata" : { }
    },
    "parametersMetadata" : {
      "metadata" : { }
    }
  } ],
  "providedDependencies" : [ {
    "majorSchemaVersion" : 3,
    "name" : "note-for-approval-app-content",
    "isPublic" : false,
    "properties" : { },
    "parameters" : { },
    "propertiesMetadata" : {
      "metadata" : { }
    },
    "parametersMetadata" : {
      "metadata" : { }
    }
  } ],
  "propertiesMetadata" : {
    "metadata" : { }
  },
  "parametersMetadata" : {
    "metadata" : { }
  },
  "deployedAfter" : [ ],
  "hooks" : [ ]
}, {
  "majorSchemaVersion" : 3,
  "name" : "note-for-approval-db-deployer",
  "type" : "com.sap.xs.hdi",
  "path" : "note-for-approval-db-deployer",
  "properties" : {
    "EXIT" : 1
  },
  "parameters" : {
    "default-url" : "https://brainbox-consulting-bv-brainboxconsultingig-dev-note-fo33517d96.cfapps.eu10-005.hana.ondemand.com",
    "default-app-name" : "note-for-approval-db-deployer",
    "generated-password" : "********",
    "default-live-url" : "https://brainbox-consulting-bv-brainboxconsultingig-dev-note-fo33517d96.cfapps.eu10-005.hana.ondemand.com",
    "default-uri" : "brainbox-consulting-bv-brainboxconsultingig-dev-note-fo33517d96.cfapps.eu10-005.hana.ondemand.com",
    "memory" : "256M",
    "default-instances" : 1,
    "no-route" : true,
    "default-live-host" : "brainbox-consulting-bv-brainboxconsultingig-dev-note-fo33517d96",
    "instances" : 1,
    "buildpack" : "nodejs_buildpack",
    "default-host" : "brainbox-consulting-bv-brainboxconsultingig-dev-note-fo33517d96",
    "app-name" : "note-for-approval-db-deployer",
    "default-live-uri" : "brainbox-consulting-bv-brainboxconsultingig-dev-note-fo33517d96.cfapps.eu10-005.hana.ondemand.com",
    "protocol" : "https",
    "default-live-app-name" : "note-for-approval-db-deployer",
    "default-live-domain" : "cfapps.eu10-005.hana.ondemand.com",
    "dependency-type" : "hard",
    "domain" : "cfapps.eu10-005.hana.ondemand.com",
    "host" : "brainbox-consulting-bv-brainboxconsultingig-dev-note-fo33517d96",
    "generated-user" : "********",
    "tasks" : [ {
      "command" : "npm start",
      "memory" : "256M",
      "name" : "deploy"
    } ],
    "no-start" : true
  },
  "requiredDependencies" : [ {
    "majorSchemaVersion" : 3,
    "name" : "note-for-approval-db",
    "properties" : { },
    "parameters" : { },
    "propertiesMetadata" : {
      "metadata" : { }
    },
    "parametersMetadata" : {
      "metadata" : { }
    }
  } ],
  "providedDependencies" : [ {
    "majorSchemaVersion" : 3,
    "name" : "note-for-approval-db-deployer",
    "isPublic" : false,
    "properties" : { },
    "parameters" : { },
    "propertiesMetadata" : {
      "metadata" : { }
    },
    "parametersMetadata" : {
      "metadata" : { }
    }
  } ],
  "propertiesMetadata" : {
    "metadata" : { }
  },
  "parametersMetadata" : {
    "metadata" : { }
  },
  "deployedAfter" : [ ],
  "hooks" : [ ]
}, {
  "majorSchemaVersion" : 3,
  "name" : "note-for-approval",
  "type" : "javascript.nodejs",
  "path" : "note-for-approval",
  "properties" : { },
  "parameters" : {
    "default-url" : "https://brainbox-consulting-bv-brainboxconsultingig-dev-note-fo1ef357a0.cfapps.eu10-005.hana.ondemand.com",
    "default-app-name" : "note-for-approval",
    "generated-password" : "********",
    "default-live-url" : "https://brainbox-consulting-bv-brainboxconsultingig-dev-note-fo1ef357a0.cfapps.eu10-005.hana.ondemand.com",
    "default-uri" : "brainbox-consulting-bv-brainboxconsultingig-dev-note-fo1ef357a0.cfapps.eu10-005.hana.ondemand.com",
    "memory" : "256M",
    "default-instances" : 1,
    "default-live-host" : "brainbox-consulting-bv-brainboxconsultingig-dev-note-fo1ef357a0",
    "instances" : 1,
    "default-host" : "brainbox-consulting-bv-brainboxconsultingig-dev-note-fo1ef357a0",
    "keep-existing-routes" : true,
    "app-name" : "note-for-approval",
    "default-live-uri" : "brainbox-consulting-bv-brainboxconsultingig-dev-note-fo1ef357a0.cfapps.eu10-005.hana.ondemand.com",
    "protocol" : "https",
    "default-live-app-name" : "note-for-approval",
    "default-live-domain" : "cfapps.eu10-005.hana.ondemand.com",
    "disk-quota" : "256M",
    "dependency-type" : "soft",
    "domain" : "cfapps.eu10-005.hana.ondemand.com",
    "host" : "brainbox-consulting-bv-brainboxconsultingig-dev-note-fo1ef357a0",
    "generated-user" : "********"
  },
  "requiredDependencies" : [ {
    "majorSchemaVersion" : 3,
    "name" : "srv-api",
    "group" : "destinations",
    "properties" : {
      "name" : "srv-api",
      "forwardAuthToken" : "********",
      "url" : "https://brainbox-consulting-bv-brainboxconsultingig-dev-note-fo4054ba4a.cfapps.eu10-005.hana.ondemand.com"
    },
    "parameters" : { },
    "propertiesMetadata" : {
      "metadata" : { }
    },
    "parametersMetadata" : {
      "metadata" : { }
    }
  }, {
    "majorSchemaVersion" : 3,
    "name" : "note-for-approval-html5-runtime",
    "properties" : { },
    "parameters" : { },
    "propertiesMetadata" : {
      "metadata" : { }
    },
    "parametersMetadata" : {
      "metadata" : { }
    }
  } ],
  "providedDependencies" : [ {
    "majorSchemaVersion" : 3,
    "name" : "app-api",
    "isPublic" : false,
    "properties" : {
      "app-protocol" : "https",
      "app-uri" : "brainbox-consulting-bv-brainboxconsultingig-dev-note-fo1ef357a0.cfapps.eu10-005.hana.ondemand.com"
    },
    "parameters" : { },
    "propertiesMetadata" : {
      "metadata" : { }
    },
    "parametersMetadata" : {
      "metadata" : { }
    }
  }, {
    "majorSchemaVersion" : 3,
    "name" : "note-for-approval",
    "isPublic" : false,
    "properties" : { },
    "parameters" : { },
    "propertiesMetadata" : {
      "metadata" : { }
    },
    "parametersMetadata" : {
      "metadata" : { }
    }
  } ],
  "propertiesMetadata" : {
    "metadata" : { }
  },
  "parametersMetadata" : {
    "metadata" : { }
  },
  "deployedAfter" : [ ],
  "hooks" : [ ]
}]#
#2026 09 11 07:16:23.075#Z#DEBUG#b0b272a9-adb0-11f1-ab12-eeee0a941739.OPERATION#flowable-async-job-executor-thread-25804#
[XS2BuildCloudDeployModelStep] Custom domains: []#
#2026 09 11 07:16:23.078#Z#DEBUG#b0b272a9-adb0-11f1-ab12-eeee0a941739.OPERATION#flowable-async-job-executor-thread-25804#
[XS2BuildCloudDeployModelStep] Calculating resource batches...#
#2026 09 11 07:16:23.078#Z#DEBUG#b0b272a9-adb0-11f1-ab12-eeee0a941739.OPERATION#flowable-async-job-executor-thread-25804#
[XS2BuildCloudDeployModelStep] Calculating resource batches completed.#
#2026 09 11 07:16:23.078#Z#DEBUG#b0b272a9-adb0-11f1-ab12-eeee0a941739.OPERATION#flowable-async-job-executor-thread-25804#
[XS2BuildCloudDeployModelStep] Cloud deployment model built#
#2026 09 11 07:16:23.078#Z#DEBUG#b0b272a9-adb0-11f1-ab12-eeee0a941739.OPERATION#flowable-async-job-executor-thread-25804#
Step "Build Deploy Model" finished#
#2026 09 11 07:16:23.131#Z#DEBUG#b0b272a9-adb0-11f1-ab12-eeee0a941739.OPERATION#flowable-async-job-executor-thread-25805#
[BuildCloudUndeployModelStep] Executing task "buildUndeployModelTask" of process "b0b272cf-adb0-11f1-ab12-eeee0a941739"...#
#2026 09 11 07:16:23.132#Z#DEBUG#b0b272a9-adb0-11f1-ab12-eeee0a941739.OPERATION#flowable-async-job-executor-thread-25805#
[BuildCloudUndeployModelStep] Building cloud undeployment model...#
#2026 09 11 07:16:23.135#Z#DEBUG#b0b272a9-adb0-11f1-ab12-eeee0a941739.OPERATION#flowable-async-job-executor-thread-25805#
[BuildCloudUndeployModelStep] Detecting service keys to delete.#
#2026 09 11 07:16:23.136#Z#DEBUG#b0b272a9-adb0-11f1-ab12-eeee0a941739.OPERATION#flowable-async-job-executor-thread-25805#
[BuildCloudUndeployModelStep] Detected deployed service keys by service "{note-for-approval-html5-service=[DeployedMtaServiceKey{name=note-for-approval-app-content-note-for-approval-repo-host-credentials, metadata=CloudMetadata{guid=fba8482c-7491-4d03-9e40-4d7b5a2d5b77, createdAt=2026-08-31T12:17:39, updatedAt=2026-08-31T12:17:40, url=null}, v3Metadata=Metadata{annotations={mta_id=note-for-approval, mta_version=1.0.0}, labels={mta_id=8a35cafb96b1015a5dfdd58f1e09134f, space_guid=68e32ac3-8ca0-48aa-af92-b0c9129360d2}}, credentials=null, serviceInstance=CloudServiceInstance{name=note-for-approval-html5-service, metadata=CloudMetadata{guid=49fffbed-09fa-45b8-b879-4a143684ee2f, createdAt=2026-08-31T12:17:18, updatedAt=2026-08-31T12:17:19, url=null}, v3Metadata=Metadata{annotations={mta_id=note-for-approval, mta_version=1.0.0, mta_resource={"name":"note-for-approval-repo-host"}}, labels={mta_id=8a35cafb96b1015a5dfdd58f1e09134f}}, label=null, plan=null, provider=null, broker=null, version=null, credentials={}, syslogDrainUrl=null, tags=[], type=managed, lastOperation=null}, serviceKeyOperation=null, resourceName=null}]}"#
#2026 09 11 07:16:23.139#Z#DEBUG#b0b272a9-adb0-11f1-ab12-eeee0a941739.OPERATION#flowable-async-job-executor-thread-25805#
[BuildCloudUndeployModelStep] New service keys by service "{note-for-approval-html5-service=[note-for-approval-app-content-note-for-approval-repo-host-credentials]}"#
#2026 09 11 07:16:23.140#Z#DEBUG#b0b272a9-adb0-11f1-ab12-eeee0a941739.OPERATION#flowable-async-job-executor-thread-25805#
[BuildCloudUndeployModelStep] Existing service keys by service "{}"#
#2026 09 11 07:16:23.140#Z#DEBUG#b0b272a9-adb0-11f1-ab12-eeee0a941739.OPERATION#flowable-async-job-executor-thread-25805#
[BuildCloudUndeployModelStep] Detected service keys to delete "[]"#
#2026 09 11 07:16:23.148#Z#DEBUG#b0b272a9-adb0-11f1-ab12-eeee0a941739.OPERATION#flowable-async-job-executor-thread-25805#
[BuildCloudUndeployModelStep] MTA modules: [note-for-approval-db-deployer, note-for-approval-srv, note-for-approval-app-content, note-for-approval]#
#2026 09 11 07:16:23.148#Z#DEBUG#b0b272a9-adb0-11f1-ab12-eeee0a941739.OPERATION#flowable-async-job-executor-thread-25805#
[BuildCloudUndeployModelStep] Modules to undeploy: [ ]#
#2026 09 11 07:16:23.148#Z#DEBUG#b0b272a9-adb0-11f1-ab12-eeee0a941739.OPERATION#flowable-async-job-executor-thread-25805#
[BuildCloudUndeployModelStep] Modules that won't be changed: [ ]#
#2026 09 11 07:16:23.150#Z#DEBUG#b0b272a9-adb0-11f1-ab12-eeee0a941739.OPERATION#flowable-async-job-executor-thread-25805#
[BuildCloudUndeployModelStep] Subscriptions to delete: [ ]#
#2026 09 11 07:16:23.153#Z#DEBUG#b0b272a9-adb0-11f1-ab12-eeee0a941739.OPERATION#flowable-async-job-executor-thread-25805#
[BuildCloudUndeployModelStep] Cloud services to delete: []#
#2026 09 11 07:16:23.153#Z#DEBUG#b0b272a9-adb0-11f1-ab12-eeee0a941739.OPERATION#flowable-async-job-executor-thread-25805#
[BuildCloudUndeployModelStep] Cloud applications to undeploy: [ ]#
#2026 09 11 07:16:23.157#Z#DEBUG#b0b272a9-adb0-11f1-ab12-eeee0a941739.OPERATION#flowable-async-job-executor-thread-25805#
[BuildCloudUndeployModelStep] Cloud undeployment model built#
#2026 09 11 07:16:23.157#Z#DEBUG#b0b272a9-adb0-11f1-ab12-eeee0a941739.OPERATION#flowable-async-job-executor-thread-25805#
Step "Build Undeploy Model" finished#
#2026 09 11 07:16:23.199#Z#DEBUG#b0b272a9-adb0-11f1-ab12-eeee0a941739.OPERATION#flowable-async-job-executor-thread-25806#
[AddDomainsStep] Executing task "addDomainsTask" of process "b0b272cf-adb0-11f1-ab12-eeee0a941739"...#
#2026 09 11 07:16:23.201#Z#DEBUG#b0b272a9-adb0-11f1-ab12-eeee0a941739.OPERATION#flowable-async-job-executor-thread-25806#
[AddDomainsStep] Custom domains: []#
#2026 09 11 07:16:23.201#Z#DEBUG#b0b272a9-adb0-11f1-ab12-eeee0a941739.OPERATION#flowable-async-job-executor-thread-25806#
Step "Add Domains" finished#
#2026 09 11 07:16:23.385#Z#DEBUG#b0b272a9-adb0-11f1-ab12-eeee0a941739.OPERATION#flowable-async-job-executor-thread-25808#
[ExtractBatchedServicesWithResolvedDynamicParametersStep] Executing task "prepareModulesDeploymentTask" of process "b1b75f67-adb0-11f1-ab12-eeee0a941739"...#
#2026 09 11 07:16:23.386#Z#DEBUG#b0b272a9-adb0-11f1-ab12-eeee0a941739.OPERATION#flowable-async-job-executor-thread-25808#
[ExtractBatchedServicesWithResolvedDynamicParametersStep] Extracting services and resolving dynamic parameters from batch#
#2026 09 11 07:16:23.388#Z#DEBUG#b0b272a9-adb0-11f1-ab12-eeee0a941739.OPERATION#flowable-async-job-executor-thread-25808#
[ExtractBatchedServicesWithResolvedDynamicParametersStep] Services to create: [ {
  "isOptional" : false,
  "isManaged" : true,
  "name" : "note-for-approval-html5-service",
  "v3Metadata" : {
    "annotations" : {
      "mta_id" : "note-for-approval",
      "mta_version" : "1.0.0",
      "mta_resource" : "{\"name\":\"note-for-approval-repo-host\"}"
    },
    "labels" : {
      "mta_id" : "8a35cafb96b1015a5dfdd58f1e09134f"
    }
  },
  "label" : "html5-apps-repo",
  "plan" : "app-host",
  "credentials" : "********",
  "tags" : [ ],
  "type" : "managed",
  "resourceName" : "note-for-approval-repo-host",
  "shouldSkipParametersUpdate" : false,
  "shouldSkipPlanUpdate" : false,
  "shouldSkipTagsUpdate" : false,
  "shouldSkipSyslogUrlUpdate" : false
}, {
  "isOptional" : false,
  "isManaged" : true,
  "name" : "note-for-approval-html5-runtime",
  "v3Metadata" : {
    "annotations" : {
      "mta_id" : "note-for-approval",
      "mta_version" : "1.0.0",
      "mta_resource" : "{\"name\":\"note-for-approval-html5-runtime\"}"
    },
    "labels" : {
      "mta_id" : "8a35cafb96b1015a5dfdd58f1e09134f"
    }
  },
  "label" : "html5-apps-repo",
  "plan" : "app-runtime",
  "credentials" : "********",
  "tags" : [ ],
  "type" : "managed",
  "resourceName" : "note-for-approval-html5-runtime",
  "shouldSkipParametersUpdate" : false,
  "shouldSkipPlanUpdate" : false,
  "shouldSkipTagsUpdate" : false,
  "shouldSkipSyslogUrlUpdate" : false
}, {
  "isOptional" : false,
  "isManaged" : true,
  "name" : "note-for-approval-destination-service",
  "v3Metadata" : {
    "annotations" : {
      "mta_id" : "note-for-approval",
      "mta_version" : "1.0.0",
      "mta_resource" : "{\"name\":\"note-for-approval-destination-service\"}"
    },
    "labels" : {
      "mta_id" : "8a35cafb96b1015a5dfdd58f1e09134f"
    }
  },
  "label" : "destination",
  "plan" : "lite",
  "credentials" : "********",
  "tags" : [ ],
  "type" : "managed",
  "resourceName" : "note-for-approval-destination-service",
  "shouldSkipParametersUpdate" : false,
  "shouldSkipPlanUpdate" : false,
  "shouldSkipTagsUpdate" : false,
  "shouldSkipSyslogUrlUpdate" : false
}, {
  "isOptional" : false,
  "isManaged" : true,
  "name" : "note-for-approval-db",
  "v3Metadata" : {
    "annotations" : {
      "mta_id" : "note-for-approval",
      "mta_version" : "1.0.0",
      "mta_resource" : "{\"name\":\"note-for-approval-db\"}"
    },
    "labels" : {
      "mta_id" : "8a35cafb96b1015a5dfdd58f1e09134f"
    }
  },
  "label" : "hana",
  "plan" : "hdi-shared",
  "credentials" : "********",
  "tags" : [ ],
  "type" : "managed",
  "resourceName" : "note-for-approval-db",
  "shouldSkipParametersUpdate" : false,
  "shouldSkipPlanUpdate" : false,
  "shouldSkipTagsUpdate" : false,
  "shouldSkipSyslogUrlUpdate" : false
} ]#
#2026 09 11 07:16:23.389#Z#DEBUG#b0b272a9-adb0-11f1-ab12-eeee0a941739.OPERATION#flowable-async-job-executor-thread-25808#
Step "Extract Services with Resolved Dynamic parameters from batch" finished#
#2026 09 11 07:16:23.512#Z#DEBUG#b0b272a9-adb0-11f1-ab12-eeee0a941739.OPERATION#flowable-async-job-executor-thread-25813#
[CheckServiceOperationStateStep] Executing task "CheckServiceOperationStateTask" of process "b1d4f9d2-adb0-11f1-ab12-eeee0a941739"...#
#2026 09 11 07:16:23.514#Z#DEBUG#b0b272a9-adb0-11f1-ab12-eeee0a941739.OPERATION#flowable-async-job-executor-thread-25813#
[CheckServiceOperationStateStep] Getting service instance "note-for-approval-html5-service"...#
#2026 09 11 07:16:23.617#Z#DEBUG#b0b272a9-adb0-11f1-ab12-eeee0a941739.OPERATION#flowable-async-job-executor-thread-25813#
Step "Check for service operations in Progress" finished#
#2026 09 11 07:16:23.654#Z#DEBUG#b0b272a9-adb0-11f1-ab12-eeee0a941739.OPERATION#flowable-async-job-executor-thread-25814#
[DetermineServiceCreateUpdateServiceActionsStep] Executing task "DetermineServiceCreateUpdateActionsTask" of process "b1d4f9d2-adb0-11f1-ab12-eeee0a941739"...#
#2026 09 11 07:16:23.657#Z#INFO#b0b272a9-adb0-11f1-ab12-eeee0a941739.OPERATION#flowable-async-job-executor-thread-25814#
[DetermineServiceCreateUpdateServiceActionsStep] Processing service "note-for-approval-html5-service"...#
#2026 09 11 07:16:23.661#Z#DEBUG#b0b272a9-adb0-11f1-ab12-eeee0a941739.OPERATION#flowable-async-job-executor-thread-25814#
[DetermineServiceCreateUpdateServiceActionsStep] Getting service instance "note-for-approval-html5-service"...#
#2026 09 11 07:16:23.784#Z#DEBUG#b0b272a9-adb0-11f1-ab12-eeee0a941739.OPERATION#flowable-async-job-executor-thread-25814#
[DetermineServiceCreateUpdateServiceActionsStep] Existing service: {
  "name" : "note-for-approval-html5-service",
  "metadata" : {
    "guid" : "49fffbed-09fa-45b8-b879-4a143684ee2f",
    "createdAt" : [ 2026, 8, 31, 12, 17, 18 ],
    "updatedAt" : [ 2026, 8, 31, 12, 17, 19 ]
  },
  "v3Metadata" : {
    "annotations" : {
      "mta_id" : "note-for-approval",
      "mta_version" : "1.0.0",
      "mta_resource" : "{\"name\":\"note-for-approval-repo-host\"}"
    },
    "labels" : {
      "mta_id" : "8a35cafb96b1015a5dfdd58f1e09134f"
    }
  },
  "label" : "html5-apps-repo",
  "plan" : "app-host",
  "credentials" : "********",
  "tags" : [ ],
  "type" : "managed",
  "lastOperation" : {
    "type" : "CREATE",
    "description" : "",
    "state" : "SUCCEEDED"
  }
}#
#2026 09 11 07:16:23.784#Z#WARN#b0b272a9-adb0-11f1-ab12-eeee0a941739.OPERATION#flowable-async-job-executor-thread-25814#
[DetermineServiceCreateUpdateServiceActionsStep] Service parameters for service "note-for-approval-html5-service" will not be updated, as the parameters are not defined or empty.#
#2026 09 11 07:16:23.784#Z#DEBUG#b0b272a9-adb0-11f1-ab12-eeee0a941739.OPERATION#flowable-async-job-executor-thread-25814#
Step "Determine update actions" finished#
#2026 09 11 07:16:23.840#Z#DEBUG#b0b272a9-adb0-11f1-ab12-eeee0a941739.OPERATION#flowable-async-job-executor-thread-25815#
[CheckForServiceBindingOrKeyOperationStep] Executing task "CheckForServiceBindingOrKeyCreation" of process "b1d4f9d2-adb0-11f1-ab12-eeee0a941739"...#
#2026 09 11 07:16:23.842#Z#DEBUG#b0b272a9-adb0-11f1-ab12-eeee0a941739.OPERATION#flowable-async-job-executor-thread-25815#
Step "Check for service binding or key creation" finished#
#2026 09 11 07:16:24.833#Z#DEBUG#b0b272a9-adb0-11f1-ab12-eeee0a941739.OPERATION#flowable-async-job-executor-thread-25821#
[CheckServiceOperationStateStep] Executing task "CheckServiceOperationStateTask" of process "b29feb4c-adb0-11f1-ab12-eeee0a941739"...#
#2026 09 11 07:16:24.834#Z#DEBUG#b0b272a9-adb0-11f1-ab12-eeee0a941739.OPERATION#flowable-async-job-executor-thread-25821#
[CheckServiceOperationStateStep] Getting service instance "note-for-approval-db"...#
#2026 09 11 07:16:24.942#Z#DEBUG#b0b272a9-adb0-11f1-ab12-eeee0a941739.OPERATION#flowable-async-job-executor-thread-25821#
Step "Check for service operations in Progress" finished#
#2026 09 11 07:16:24.981#Z#DEBUG#b0b272a9-adb0-11f1-ab12-eeee0a941739.OPERATION#flowable-async-job-executor-thread-25824#
[DetermineServiceCreateUpdateServiceActionsStep] Executing task "DetermineServiceCreateUpdateActionsTask" of process "b29feb4c-adb0-11f1-ab12-eeee0a941739"...#
#2026 09 11 07:16:24.984#Z#INFO#b0b272a9-adb0-11f1-ab12-eeee0a941739.OPERATION#flowable-async-job-executor-thread-25824#
[DetermineServiceCreateUpdateServiceActionsStep] Processing service "note-for-approval-db"...#
#2026 09 11 07:16:24.989#Z#DEBUG#b0b272a9-adb0-11f1-ab12-eeee0a941739.OPERATION#flowable-async-job-executor-thread-25824#
[DetermineServiceCreateUpdateServiceActionsStep] Getting service instance "note-for-approval-db"...#
#2026 09 11 07:16:25.104#Z#DEBUG#b0b272a9-adb0-11f1-ab12-eeee0a941739.OPERATION#flowable-async-job-executor-thread-25824#
[DetermineServiceCreateUpdateServiceActionsStep] Existing service: {
  "name" : "note-for-approval-db",
  "metadata" : {
    "guid" : "3cda08d7-bd8d-45de-a8e6-41a33d7f1e28",
    "createdAt" : [ 2026, 8, 31, 12, 17, 18 ],
    "updatedAt" : [ 2026, 8, 31, 12, 17, 19 ]
  },
  "v3Metadata" : {
    "annotations" : {
      "mta_id" : "note-for-approval",
      "mta_version" : "1.0.0",
      "mta_resource" : "{\"name\":\"note-for-approval-db\"}"
    },
    "labels" : {
      "mta_id" : "8a35cafb96b1015a5dfdd58f1e09134f"
    }
  },
  "label" : "hana",
  "plan" : "hdi-shared",
  "credentials" : "********",
  "tags" : [ ],
  "type" : "managed",
  "lastOperation" : {
    "type" : "CREATE",
    "state" : "SUCCEEDED"
  }
}#
#2026 09 11 07:16:25.105#Z#WARN#b0b272a9-adb0-11f1-ab12-eeee0a941739.OPERATION#flowable-async-job-executor-thread-25824#
[DetermineServiceCreateUpdateServiceActionsStep] Service parameters for service "note-for-approval-db" will not be updated, as the parameters are not defined or empty.#
#2026 09 11 07:16:25.105#Z#DEBUG#b0b272a9-adb0-11f1-ab12-eeee0a941739.OPERATION#flowable-async-job-executor-thread-25824#
Step "Determine update actions" finished#
#2026 09 11 07:16:25.163#Z#DEBUG#b0b272a9-adb0-11f1-ab12-eeee0a941739.OPERATION#flowable-async-job-executor-thread-25825#
[CheckForServiceBindingOrKeyOperationStep] Executing task "CheckForServiceBindingOrKeyCreation" of process "b29feb4c-adb0-11f1-ab12-eeee0a941739"...#
#2026 09 11 07:16:25.166#Z#DEBUG#b0b272a9-adb0-11f1-ab12-eeee0a941739.OPERATION#flowable-async-job-executor-thread-25825#
Step "Check for service binding or key creation" finished#
#2026 09 11 07:16:25.004#Z#DEBUG#b0b272a9-adb0-11f1-ab12-eeee0a941739.OPERATION#flowable-async-job-executor-thread-29907#
[CheckServiceOperationStateStep] Executing task "CheckServiceOperationStateTask" of process "b2bb1400-adb0-11f1-9a30-eeee0a8fa52c"...#
#2026 09 11 07:16:25.089#Z#DEBUG#b0b272a9-adb0-11f1-ab12-eeee0a941739.OPERATION#flowable-async-job-executor-thread-29907#
[CheckServiceOperationStateStep] Getting service instance "note-for-approval-destination-service"...#
#2026 09 11 07:16:25.217#Z#DEBUG#b0b272a9-adb0-11f1-ab12-eeee0a941739.OPERATION#flowable-async-job-executor-thread-29907#
Step "Check for service operations in Progress" finished#
#2026 09 11 07:16:25.249#Z#DEBUG#b0b272a9-adb0-11f1-ab12-eeee0a941739.OPERATION#flowable-async-job-executor-thread-29908#
[DetermineServiceCreateUpdateServiceActionsStep] Executing task "DetermineServiceCreateUpdateActionsTask" of process "b2bb1400-adb0-11f1-9a30-eeee0a8fa52c"...#
#2026 09 11 07:16:25.251#Z#INFO#b0b272a9-adb0-11f1-ab12-eeee0a941739.OPERATION#flowable-async-job-executor-thread-29908#
[DetermineServiceCreateUpdateServiceActionsStep] Processing service "note-for-approval-destination-service"...#
#2026 09 11 07:16:25.256#Z#DEBUG#b0b272a9-adb0-11f1-ab12-eeee0a941739.OPERATION#flowable-async-job-executor-thread-29908#
[DetermineServiceCreateUpdateServiceActionsStep] Getting service instance "note-for-approval-destination-service"...#
#2026 09 11 07:16:25.376#Z#DEBUG#b0b272a9-adb0-11f1-ab12-eeee0a941739.OPERATION#flowable-async-job-executor-thread-29908#
[DetermineServiceCreateUpdateServiceActionsStep] Existing service: {
  "name" : "note-for-approval-destination-service",
  "metadata" : {
    "guid" : "b3312f59-2e53-4489-8957-1c1421177eae",
    "createdAt" : [ 2026, 8, 31, 12, 17, 16 ],
    "updatedAt" : [ 2026, 8, 31, 12, 17, 17 ]
  },
  "v3Metadata" : {
    "annotations" : {
      "mta_id" : "note-for-approval",
      "mta_version" : "1.0.0",
      "mta_resource" : "{\"name\":\"note-for-approval-destination-service\"}"
    },
    "labels" : {
      "mta_id" : "8a35cafb96b1015a5dfdd58f1e09134f"
    }
  },
  "label" : "destination",
  "plan" : "lite",
  "credentials" : "********",
  "tags" : [ ],
  "type" : "managed",
  "lastOperation" : {
    "type" : "UPDATE",
    "description" : "",
    "state" : "SUCCEEDED"
  }
}#
#2026 09 11 07:16:25.376#Z#DEBUG#b0b272a9-adb0-11f1-ab12-eeee0a941739.OPERATION#flowable-async-job-executor-thread-29908#
[DetermineServiceCreateUpdateServiceActionsStep] Service parameters will be updated#
#2026 09 11 07:16:25.376#Z#DEBUG#b0b272a9-adb0-11f1-ab12-eeee0a941739.OPERATION#flowable-async-job-executor-thread-29908#
[DetermineServiceCreateUpdateServiceActionsStep] New parameters: {
  "HTML5Runtime_enabled" : false,
  "init_data" : {
    "instance" : {
      "destinations" : [ {
        "Authentication" : "********",
        "Name" : "ui5",
        "ProxyType" : "Internet",
        "Type" : "HTTP",
        "URL" : "https://ui5.sap.com"
      } ],
      "existing_destinations_policy" : "update"
    }
  },
  "version" : "1.0.0"
}#
#2026 09 11 07:16:25.376#Z#DEBUG#b0b272a9-adb0-11f1-ab12-eeee0a941739.OPERATION#flowable-async-job-executor-thread-29908#
Step "Determine update actions" finished#
#2026 09 11 07:16:25.416#Z#DEBUG#b0b272a9-adb0-11f1-ab12-eeee0a941739.OPERATION#flowable-async-job-executor-thread-29909#
[CheckForServiceBindingOrKeyOperationStep] Executing task "CheckForServiceBindingOrKeyCreation" of process "b2bb1400-adb0-11f1-9a30-eeee0a8fa52c"...#
#2026 09 11 07:16:25.418#Z#DEBUG#b0b272a9-adb0-11f1-ab12-eeee0a941739.OPERATION#flowable-async-job-executor-thread-29909#
Step "Check for service binding or key creation" finished#
#2026 09 11 07:16:25.452#Z#DEBUG#b0b272a9-adb0-11f1-ab12-eeee0a941739.OPERATION#flowable-async-job-executor-thread-29910#
[UpdateServiceParametersStep] Executing task "UpdateServiceParametersTask" of process "b2bb1400-adb0-11f1-9a30-eeee0a8fa52c"...#
#2026 09 11 07:16:25.454#Z#INFO#b0b272a9-adb0-11f1-ab12-eeee0a941739.OPERATION#flowable-async-job-executor-thread-29910#
[UpdateServiceParametersStep] Updating service "note-for-approval-destination-service"...#
#2026 09 11 07:16:25.458#Z#DEBUG#b0b272a9-adb0-11f1-ab12-eeee0a941739.OPERATION#flowable-async-job-executor-thread-29910#
[UpdateServiceParametersStep] Updating service parameters for service "note-for-approval-destination-service"...#
#2026 09 11 07:16:25.551#Z#DEBUG#b0b272a9-adb0-11f1-ab12-eeee0a941739.OPERATION#flowable-async-job-executor-thread-29910#
[UpdateServiceParametersStep] Service "note-for-approval-destination-service" updated#
#2026 09 11 07:16:25.551#Z#DEBUG#b0b272a9-adb0-11f1-ab12-eeee0a941739.OPERATION#flowable-async-job-executor-thread-29910#
[UpdateServiceParametersStep] Triggered service operations: {
  "note-for-approval-destination-service" : "UPDATE"
}#
#2026 09 11 07:16:25.552#Z#DEBUG#b0b272a9-adb0-11f1-ab12-eeee0a941739.OPERATION#flowable-async-job-executor-thread-29910#
Step "Update parameters" finished#
#2026 09 11 07:16:25.559#Z#DEBUG#b0b272a9-adb0-11f1-ab12-eeee0a941739.OPERATION#flowable-async-job-executor-thread-31289#
[CheckServiceOperationStateStep] Executing task "CheckServiceOperationStateTask" of process "b30f75d3-adb0-11f1-a909-eeee0a8e4516"...#
#2026 09 11 07:16:25.633#Z#DEBUG#b0b272a9-adb0-11f1-ab12-eeee0a941739.OPERATION#flowable-async-job-executor-thread-31289#
[CheckServiceOperationStateStep] Getting service instance "note-for-approval-html5-runtime"...#
#2026 09 11 07:16:25.763#Z#DEBUG#b0b272a9-adb0-11f1-ab12-eeee0a941739.OPERATION#flowable-async-job-executor-thread-31289#
Step "Check for service operations in Progress" finished#
#2026 09 11 07:16:25.791#Z#DEBUG#b0b272a9-adb0-11f1-ab12-eeee0a941739.OPERATION#flowable-async-job-executor-thread-31290#
[DetermineServiceCreateUpdateServiceActionsStep] Executing task "DetermineServiceCreateUpdateActionsTask" of process "b30f75d3-adb0-11f1-a909-eeee0a8e4516"...#
#2026 09 11 07:16:25.792#Z#INFO#b0b272a9-adb0-11f1-ab12-eeee0a941739.OPERATION#flowable-async-job-executor-thread-31290#
[DetermineServiceCreateUpdateServiceActionsStep] Processing service "note-for-approval-html5-runtime"...#
#2026 09 11 07:16:25.797#Z#DEBUG#b0b272a9-adb0-11f1-ab12-eeee0a941739.OPERATION#flowable-async-job-executor-thread-31290#
[DetermineServiceCreateUpdateServiceActionsStep] Getting service instance "note-for-approval-html5-runtime"...#
#2026 09 11 07:16:25.890#Z#DEBUG#b0b272a9-adb0-11f1-ab12-eeee0a941739.OPERATION#flowable-async-job-executor-thread-31290#
[DetermineServiceCreateUpdateServiceActionsStep] Existing service: {
  "name" : "note-for-approval-html5-runtime",
  "metadata" : {
    "guid" : "7d72db8e-eb9e-477c-a62a-92e4416d38d2",
    "createdAt" : [ 2026, 8, 31, 19, 27, 57 ],
    "updatedAt" : [ 2026, 8, 31, 19, 27, 58 ]
  },
  "v3Metadata" : {
    "annotations" : {
      "mta_id" : "note-for-approval",
      "mta_version" : "1.0.0",
      "mta_resource" : "{\"name\":\"note-for-approval-html5-runtime\"}"
    },
    "labels" : {
      "mta_id" : "8a35cafb96b1015a5dfdd58f1e09134f"
    }
  },
  "label" : "html5-apps-repo",
  "plan" : "app-runtime",
  "credentials" : "********",
  "tags" : [ ],
  "type" : "managed",
  "lastOperation" : {
    "type" : "CREATE",
    "description" : "",
    "state" : "SUCCEEDED"
  }
}#
#2026 09 11 07:16:25.890#Z#WARN#b0b272a9-adb0-11f1-ab12-eeee0a941739.OPERATION#flowable-async-job-executor-thread-31290#
[DetermineServiceCreateUpdateServiceActionsStep] Service parameters for service "note-for-approval-html5-runtime" will not be updated, as the parameters are not defined or empty.#
#2026 09 11 07:16:25.890#Z#DEBUG#b0b272a9-adb0-11f1-ab12-eeee0a941739.OPERATION#flowable-async-job-executor-thread-31290#
Step "Determine update actions" finished#
#2026 09 11 07:16:25.930#Z#DEBUG#b0b272a9-adb0-11f1-ab12-eeee0a941739.OPERATION#flowable-async-job-executor-thread-31291#
[CheckForServiceBindingOrKeyOperationStep] Executing task "CheckForServiceBindingOrKeyCreation" of process "b30f75d3-adb0-11f1-a909-eeee0a8e4516"...#
#2026 09 11 07:16:25.932#Z#DEBUG#b0b272a9-adb0-11f1-ab12-eeee0a941739.OPERATION#flowable-async-job-executor-thread-31291#
Step "Check for service binding or key creation" finished#
#2026 09 11 07:16:33.425#Z#DEBUG#b0b272a9-adb0-11f1-ab12-eeee0a941739.OPERATION#flowable-async-job-executor-thread-82287#
[UpdateServiceParametersStep] Executing task "UpdateServiceParametersTask" of process "b2bb1400-adb0-11f1-9a30-eeee0a8fa52c"...#
#2026 09 11 07:16:33.425#Z#DEBUG#b0b272a9-adb0-11f1-ab12-eeee0a941739.OPERATION#flowable-async-job-executor-thread-82287#
[UpdateServiceParametersStep] Polling service operations...#
#2026 09 11 07:16:33.509#Z#DEBUG#b0b272a9-adb0-11f1-ab12-eeee0a941739.OPERATION#flowable-async-job-executor-thread-82287#
[UpdateServiceParametersStep] Getting service instance "note-for-approval-destination-service"...#
#2026 09 11 07:16:33.664#Z#DEBUG#b0b272a9-adb0-11f1-ab12-eeee0a941739.OPERATION#flowable-async-job-executor-thread-82287#
[UpdateServiceParametersStep] Last operation for service "note-for-approval-destination-service": {
  "type" : "UPDATE",
  "description" : "",
  "state" : "SUCCEEDED"
}#
#2026 09 11 07:16:33.664#Z#DEBUG#b0b272a9-adb0-11f1-ab12-eeee0a941739.OPERATION#flowable-async-job-executor-thread-82287#
[UpdateServiceParametersStep] Service "note-for-approval-destination-service" updated#
#2026 09 11 07:16:33.665#Z#INFO#b0b272a9-adb0-11f1-ab12-eeee0a941739.OPERATION#flowable-async-job-executor-thread-82287#
[UpdateServiceParametersStep] 1 of 1 done#
#2026 09 11 07:16:33.669#Z#DEBUG#b0b272a9-adb0-11f1-ab12-eeee0a941739.OPERATION#flowable-async-job-executor-thread-82287#
[UpdateServiceParametersStep] Remaining services to poll: [ ]#
#2026 09 11 07:16:33.669#Z#DEBUG#b0b272a9-adb0-11f1-ab12-eeee0a941739.OPERATION#flowable-async-job-executor-thread-82287#
Step "Update parameters" finished#
#2026 09 11 07:16:33.851#Z#DEBUG#b0b272a9-adb0-11f1-ab12-eeee0a941739.OPERATION#flowable-async-job-executor-thread-82290#
[PrepareModulesDeploymentStep] Executing task "prepareModulesDeploymentTask" of process "b800de7c-adb0-11f1-8864-eeee0a8ca0de"...#
#2026 09 11 07:16:33.851#Z#DEBUG#b0b272a9-adb0-11f1-ab12-eeee0a941739.OPERATION#flowable-async-job-executor-thread-82290#
[PrepareModulesDeploymentStep] Preparing modules deployment...#
#2026 09 11 07:16:33.856#Z#DEBUG#b0b272a9-adb0-11f1-ab12-eeee0a941739.OPERATION#flowable-async-job-executor-thread-82290#
Step "Prepare Modules Deployment" finished#
#2026 09 11 07:16:33.889#Z#DEBUG#b0b272a9-adb0-11f1-ab12-eeee0a941739.OPERATION#flowable-async-job-executor-thread-82291#
[ComputeNextModulesStep] Executing task "computeNextModulesToDeployInParallel" of process "b800de7c-adb0-11f1-8864-eeee0a8ca0de"...#
#2026 09 11 07:16:33.889#Z#DEBUG#b0b272a9-adb0-11f1-ab12-eeee0a941739.OPERATION#flowable-async-job-executor-thread-82291#
[ComputeNextModulesStep] Computing modules for next parallel iteration...#
#2026 09 11 07:16:33.892#Z#DEBUG#b0b272a9-adb0-11f1-ab12-eeee0a941739.OPERATION#flowable-async-job-executor-thread-82291#
[ComputeNextModulesStep] Completed modules detected: []#
#2026 09 11 07:16:33.892#Z#DEBUG#b0b272a9-adb0-11f1-ab12-eeee0a941739.OPERATION#flowable-async-job-executor-thread-82291#
[ComputeNextModulesStep] All modules for deploy detected: [note-for-approval-db-deployer, note-for-approval-srv, note-for-approval-app-content, note-for-approval]#
#2026 09 11 07:16:33.892#Z#DEBUG#b0b272a9-adb0-11f1-ab12-eeee0a941739.OPERATION#flowable-async-job-executor-thread-82291#
[ComputeNextModulesStep] Modules not for deploy detected: []#
#2026 09 11 07:16:33.893#Z#DEBUG#b0b272a9-adb0-11f1-ab12-eeee0a941739.OPERATION#flowable-async-job-executor-thread-82291#
[ComputeNextModulesStep] Computed modules for next parallel iteration: [ {
  "majorSchemaVersion" : 3,
  "name" : "note-for-approval-srv",
  "type" : "javascript.nodejs",
  "path" : "note-for-approval-srv",
  "properties" : { },
  "parameters" : {
    "app-name" : "note-for-approval-srv",
    "buildpack" : "nodejs_buildpack",
    "command" : "npm start",
    "default-app-name" : "note-for-approval-srv",
    "default-host" : "brainbox-consulting-bv-brainboxconsultingig-dev-note-fo4054ba4a",
    "default-instances" : 1,
    "default-live-app-name" : "note-for-approval-srv",
    "default-live-domain" : "cfapps.eu10-005.hana.ondemand.com",
    "default-live-host" : "brainbox-consulting-bv-brainboxconsultingig-dev-note-fo4054ba4a",
    "default-live-uri" : "brainbox-consulting-bv-brainboxconsultingig-dev-note-fo4054ba4a.cfapps.eu10-005.hana.ondemand.com",
    "default-live-url" : "https://brainbox-consulting-bv-brainboxconsultingig-dev-note-fo4054ba4a.cfapps.eu10-005.hana.ondemand.com",
    "default-uri" : "brainbox-consulting-bv-brainboxconsultingig-dev-note-fo4054ba4a.cfapps.eu10-005.hana.ondemand.com",
    "default-url" : "https://brainbox-consulting-bv-brainboxconsultingig-dev-note-fo4054ba4a.cfapps.eu10-005.hana.ondemand.com",
    "dependency-type" : "soft",
    "domain" : "cfapps.eu10-005.hana.ondemand.com",
    "generated-password" : "********",
    "generated-user" : "********",
    "host" : "brainbox-consulting-bv-brainboxconsultingig-dev-note-fo4054ba4a",
    "instances" : 1,
    "protocol" : "https"
  },
  "requiredDependencies" : [ {
    "majorSchemaVersion" : 3,
    "name" : "note-for-approval-db",
    "properties" : { },
    "parameters" : { },
    "propertiesMetadata" : {
      "metadata" : { }
    },
    "parametersMetadata" : {
      "metadata" : { }
    }
  } ],
  "providedDependencies" : [ {
    "majorSchemaVersion" : 3,
    "name" : "srv-api",
    "isPublic" : false,
    "properties" : {
      "srv-url" : "https://brainbox-consulting-bv-brainboxconsultingig-dev-note-fo4054ba4a.cfapps.eu10-005.hana.ondemand.com"
    },
    "parameters" : { },
    "propertiesMetadata" : {
      "metadata" : { }
    },
    "parametersMetadata" : {
      "metadata" : { }
    }
  }, {
    "majorSchemaVersion" : 3,
    "name" : "note-for-approval-srv",
    "isPublic" : false,
    "properties" : { },
    "parameters" : { },
    "propertiesMetadata" : {
      "metadata" : { }
    },
    "parametersMetadata" : {
      "metadata" : { }
    }
  } ],
  "propertiesMetadata" : {
    "metadata" : { }
  },
  "parametersMetadata" : {
    "metadata" : { }
  },
  "deployedAfter" : [ ],
  "hooks" : [ ]
}, {
  "majorSchemaVersion" : 3,
  "name" : "note-for-approval-app-content",
  "type" : "com.sap.application.content",
  "path" : "note-for-approval-app-content",
  "properties" : { },
  "parameters" : {
    "app-name" : "note-for-approval-app-content",
    "default-app-name" : "note-for-approval-app-content",
    "default-host" : "brainbox-consulting-bv-brainboxconsultingig-dev-note-fo1e3325e0",
    "default-instances" : 1,
    "default-live-app-name" : "note-for-approval-app-content",
    "default-live-domain" : "cfapps.eu10-005.hana.ondemand.com",
    "default-live-host" : "brainbox-consulting-bv-brainboxconsultingig-dev-note-fo1e3325e0",
    "default-live-uri" : "brainbox-consulting-bv-brainboxconsultingig-dev-note-fo1e3325e0.cfapps.eu10-005.hana.ondemand.com",
    "default-live-url" : "https://brainbox-consulting-bv-brainboxconsultingig-dev-note-fo1e3325e0.cfapps.eu10-005.hana.ondemand.com",
    "default-uri" : "brainbox-consulting-bv-brainboxconsultingig-dev-note-fo1e3325e0.cfapps.eu10-005.hana.ondemand.com",
    "default-url" : "https://brainbox-consulting-bv-brainboxconsultingig-dev-note-fo1e3325e0.cfapps.eu10-005.hana.ondemand.com",
    "dependency-type" : "soft",
    "domain" : "cfapps.eu10-005.hana.ondemand.com",
    "generated-password" : "********",
    "generated-user" : "********",
    "host" : "brainbox-consulting-bv-brainboxconsultingig-dev-note-fo1e3325e0",
    "instances" : 1,
    "protocol" : "https"
  },
  "requiredDependencies" : [ {
    "majorSchemaVersion" : 3,
    "name" : "note-for-approval-repo-host",
    "properties" : { },
    "parameters" : {
      "content-target" : true
    },
    "propertiesMetadata" : {
      "metadata" : { }
    },
    "parametersMetadata" : {
      "metadata" : { }
    }
  } ],
  "providedDependencies" : [ {
    "majorSchemaVersion" : 3,
    "name" : "note-for-approval-app-content",
    "isPublic" : false,
    "properties" : { },
    "parameters" : { },
    "propertiesMetadata" : {
      "metadata" : { }
    },
    "parametersMetadata" : {
      "metadata" : { }
    }
  } ],
  "propertiesMetadata" : {
    "metadata" : { }
  },
  "parametersMetadata" : {
    "metadata" : { }
  },
  "deployedAfter" : [ ],
  "hooks" : [ ]
}, {
  "majorSchemaVersion" : 3,
  "name" : "note-for-approval-db-deployer",
  "type" : "com.sap.xs.hdi",
  "path" : "note-for-approval-db-deployer",
  "properties" : {
    "EXIT" : 1
  },
  "parameters" : {
    "app-name" : "note-for-approval-db-deployer",
    "buildpack" : "nodejs_buildpack",
    "default-app-name" : "note-for-approval-db-deployer",
    "default-host" : "brainbox-consulting-bv-brainboxconsultingig-dev-note-fo33517d96",
    "default-instances" : 1,
    "default-live-app-name" : "note-for-approval-db-deployer",
    "default-live-domain" : "cfapps.eu10-005.hana.ondemand.com",
    "default-live-host" : "brainbox-consulting-bv-brainboxconsultingig-dev-note-fo33517d96",
    "default-live-uri" : "brainbox-consulting-bv-brainboxconsultingig-dev-note-fo33517d96.cfapps.eu10-005.hana.ondemand.com",
    "default-live-url" : "https://brainbox-consulting-bv-brainboxconsultingig-dev-note-fo33517d96.cfapps.eu10-005.hana.ondemand.com",
    "default-uri" : "brainbox-consulting-bv-brainboxconsultingig-dev-note-fo33517d96.cfapps.eu10-005.hana.ondemand.com",
    "default-url" : "https://brainbox-consulting-bv-brainboxconsultingig-dev-note-fo33517d96.cfapps.eu10-005.hana.ondemand.com",
    "dependency-type" : "hard",
    "domain" : "cfapps.eu10-005.hana.ondemand.com",
    "generated-password" : "********",
    "generated-user" : "********",
    "host" : "brainbox-consulting-bv-brainboxconsultingig-dev-note-fo33517d96",
    "instances" : 1,
    "memory" : "256M",
    "no-route" : true,
    "no-start" : true,
    "protocol" : "https",
    "tasks" : [ {
      "command" : "npm start",
      "memory" : "256M",
      "name" : "deploy"
    } ]
  },
  "requiredDependencies" : [ {
    "majorSchemaVersion" : 3,
    "name" : "note-for-approval-db",
    "properties" : { },
    "parameters" : { },
    "propertiesMetadata" : {
      "metadata" : { }
    },
    "parametersMetadata" : {
      "metadata" : { }
    }
  } ],
  "providedDependencies" : [ {
    "majorSchemaVersion" : 3,
    "name" : "note-for-approval-db-deployer",
    "isPublic" : false,
    "properties" : { },
    "parameters" : { },
    "propertiesMetadata" : {
      "metadata" : { }
    },
    "parametersMetadata" : {
      "metadata" : { }
    }
  } ],
  "propertiesMetadata" : {
    "metadata" : { }
  },
  "parametersMetadata" : {
    "metadata" : { }
  },
  "deployedAfter" : [ ],
  "hooks" : [ ]
}, {
  "majorSchemaVersion" : 3,
  "name" : "note-for-approval",
  "type" : "javascript.nodejs",
  "path" : "note-for-approval",
  "properties" : { },
  "parameters" : {
    "app-name" : "note-for-approval",
    "default-app-name" : "note-for-approval",
    "default-host" : "brainbox-consulting-bv-brainboxconsultingig-dev-note-fo1ef357a0",
    "default-instances" : 1,
    "default-live-app-name" : "note-for-approval",
    "default-live-domain" : "cfapps.eu10-005.hana.ondemand.com",
    "default-live-host" : "brainbox-consulting-bv-brainboxconsultingig-dev-note-fo1ef357a0",
    "default-live-uri" : "brainbox-consulting-bv-brainboxconsultingig-dev-note-fo1ef357a0.cfapps.eu10-005.hana.ondemand.com",
    "default-live-url" : "https://brainbox-consulting-bv-brainboxconsultingig-dev-note-fo1ef357a0.cfapps.eu10-005.hana.ondemand.com",
    "default-uri" : "brainbox-consulting-bv-brainboxconsultingig-dev-note-fo1ef357a0.cfapps.eu10-005.hana.ondemand.com",
    "default-url" : "https://brainbox-consulting-bv-brainboxconsultingig-dev-note-fo1ef357a0.cfapps.eu10-005.hana.ondemand.com",
    "dependency-type" : "soft",
    "disk-quota" : "256M",
    "domain" : "cfapps.eu10-005.hana.ondemand.com",
    "generated-password" : "********",
    "generated-user" : "********",
    "host" : "brainbox-consulting-bv-brainboxconsultingig-dev-note-fo1ef357a0",
    "instances" : 1,
    "keep-existing-routes" : true,
    "memory" : "256M",
    "protocol" : "https"
  },
  "requiredDependencies" : [ {
    "majorSchemaVersion" : 3,
    "name" : "srv-api",
    "group" : "destinations",
    "properties" : {
      "forwardAuthToken" : "********",
      "name" : "srv-api",
      "url" : "https://brainbox-consulting-bv-brainboxconsultingig-dev-note-fo4054ba4a.cfapps.eu10-005.hana.ondemand.com"
    },
    "parameters" : { },
    "propertiesMetadata" : {
      "metadata" : { }
    },
    "parametersMetadata" : {
      "metadata" : { }
    }
  }, {
    "majorSchemaVersion" : 3,
    "name" : "note-for-approval-html5-runtime",
    "properties" : { },
    "parameters" : { },
    "propertiesMetadata" : {
      "metadata" : { }
    },
    "parametersMetadata" : {
      "metadata" : { }
    }
  } ],
  "providedDependencies" : [ {
    "majorSchemaVersion" : 3,
    "name" : "app-api",
    "isPublic" : false,
    "properties" : {
      "app-protocol" : "https",
      "app-uri" : "brainbox-consulting-bv-brainboxconsultingig-dev-note-fo1ef357a0.cfapps.eu10-005.hana.ondemand.com"
    },
    "parameters" : { },
    "propertiesMetadata" : {
      "metadata" : { }
    },
    "parametersMetadata" : {
      "metadata" : { }
    }
  }, {
    "majorSchemaVersion" : 3,
    "name" : "note-for-approval",
    "isPublic" : false,
    "properties" : { },
    "parameters" : { },
    "propertiesMetadata" : {
      "metadata" : { }
    },
    "parametersMetadata" : {
      "metadata" : { }
    }
  } ],
  "propertiesMetadata" : {
    "metadata" : { }
  },
  "parametersMetadata" : {
    "metadata" : { }
  },
  "deployedAfter" : [ ],
  "hooks" : [ ]
} ]#
#2026 09 11 07:16:33.893#Z#DEBUG#b0b272a9-adb0-11f1-ab12-eeee0a941739.OPERATION#flowable-async-job-executor-thread-82291#
Step "Compute Next Modules To Deploy" finished#
#2026 09 11 07:16:34.042#Z#DEBUG#b0b272a9-adb0-11f1-ab12-eeee0a941739.OPERATION#flowable-async-job-executor-thread-82296#
[ProcessDescriptorStep] Executing task "reprocessDescriptorTask" of process "b816ff64-adb0-11f1-8864-eeee0a8ca0de"...#
#2026 09 11 07:16:34.043#Z#DEBUG#b0b272a9-adb0-11f1-ab12-eeee0a941739.OPERATION#flowable-async-job-executor-thread-82296#
[ProcessDescriptorStep] Resolving properties and parameters in merged descriptor...#
#2026 09 11 07:16:34.047#Z#DEBUG#b0b272a9-adb0-11f1-ab12-eeee0a941739.OPERATION#flowable-async-job-executor-thread-82296#
[ProcessDescriptorStep] Subscriptions: [ ]#
#2026 09 11 07:16:34.052#Z#DEBUG#b0b272a9-adb0-11f1-ab12-eeee0a941739.OPERATION#flowable-async-job-executor-thread-82296#
[ProcessDescriptorStep] MTA modules: [note-for-approval-db-deployer, note-for-approval-srv, note-for-approval-app-content, note-for-approval]#
#2026 09 11 07:16:34.055#Z#DEBUG#b0b272a9-adb0-11f1-ab12-eeee0a941739.OPERATION#flowable-async-job-executor-thread-82296#
[ProcessDescriptorStep] Resolved deployment descriptor: {
  "majorSchemaVersion" : 3,
  "schemaVersion" : "3.3.0",
  "id" : "note-for-approval",
  "version" : "1.0.0",
  "modules" : [ {
    "majorSchemaVersion" : 3,
    "name" : "note-for-approval-srv",
    "type" : "javascript.nodejs",
    "path" : "note-for-approval-srv",
    "properties" : { },
    "parameters" : {
      "default-url" : "https://brainbox-consulting-bv-brainboxconsultingig-dev-note-fo4054ba4a.cfapps.eu10-005.hana.ondemand.com",
      "default-app-name" : "note-for-approval-srv",
      "generated-password" : "********",
      "default-live-url" : "https://brainbox-consulting-bv-brainboxconsultingig-dev-note-fo4054ba4a.cfapps.eu10-005.hana.ondemand.com",
      "default-uri" : "brainbox-consulting-bv-brainboxconsultingig-dev-note-fo4054ba4a.cfapps.eu10-005.hana.ondemand.com",
      "default-instances" : 1,
      "default-live-host" : "brainbox-consulting-bv-brainboxconsultingig-dev-note-fo4054ba4a",
      "instances" : 1,
      "buildpack" : "nodejs_buildpack",
      "default-host" : "brainbox-consulting-bv-brainboxconsultingig-dev-note-fo4054ba4a",
      "command" : "npm start",
      "app-name" : "note-for-approval-srv",
      "default-live-uri" : "brainbox-consulting-bv-brainboxconsultingig-dev-note-fo4054ba4a.cfapps.eu10-005.hana.ondemand.com",
      "protocol" : "https",
      "default-live-app-name" : "note-for-approval-srv",
      "default-live-domain" : "cfapps.eu10-005.hana.ondemand.com",
      "domain" : "cfapps.eu10-005.hana.ondemand.com",
      "host" : "brainbox-consulting-bv-brainboxconsultingig-dev-note-fo4054ba4a",
      "generated-user" : "********"
    },
    "requiredDependencies" : [ {
      "majorSchemaVersion" : 3,
      "name" : "note-for-approval-db",
      "properties" : { },
      "parameters" : { },
      "propertiesMetadata" : {
        "metadata" : { }
      },
      "parametersMetadata" : {
        "metadata" : { }
      }
    } ],
    "providedDependencies" : [ {
      "majorSchemaVersion" : 3,
      "name" : "srv-api",
      "isPublic" : false,
      "properties" : {
        "srv-url" : "https://brainbox-consulting-bv-brainboxconsultingig-dev-note-fo4054ba4a.cfapps.eu10-005.hana.ondemand.com"
      },
      "parameters" : { },
      "propertiesMetadata" : {
        "metadata" : { }
      },
      "parametersMetadata" : {
        "metadata" : { }
      }
    }, {
      "majorSchemaVersion" : 3,
      "name" : "note-for-approval-srv",
      "isPublic" : false,
      "properties" : { },
      "parameters" : { },
      "propertiesMetadata" : {
        "metadata" : { }
      },
      "parametersMetadata" : {
        "metadata" : { }
      }
    } ],
    "propertiesMetadata" : {
      "metadata" : { }
    },
    "parametersMetadata" : {
      "metadata" : { }
    },
    "hooks" : [ ]
  }, {
    "majorSchemaVersion" : 3,
    "name" : "note-for-approval-app-content",
    "type" : "com.sap.application.content",
    "path" : "note-for-approval-app-content",
    "properties" : { },
    "parameters" : {
      "default-url" : "https://brainbox-consulting-bv-brainboxconsultingig-dev-note-fo1e3325e0.cfapps.eu10-005.hana.ondemand.com",
      "default-app-name" : "note-for-approval-app-content",
      "generated-password" : "********",
      "default-live-url" : "https://brainbox-consulting-bv-brainboxconsultingig-dev-note-fo1e3325e0.cfapps.eu10-005.hana.ondemand.com",
      "default-uri" : "brainbox-consulting-bv-brainboxconsultingig-dev-note-fo1e3325e0.cfapps.eu10-005.hana.ondemand.com",
      "default-instances" : 1,
      "default-live-host" : "brainbox-consulting-bv-brainboxconsultingig-dev-note-fo1e3325e0",
      "instances" : 1,
      "default-host" : "brainbox-consulting-bv-brainboxconsultingig-dev-note-fo1e3325e0",
      "app-name" : "note-for-approval-app-content",
      "default-live-uri" : "brainbox-consulting-bv-brainboxconsultingig-dev-note-fo1e3325e0.cfapps.eu10-005.hana.ondemand.com",
      "protocol" : "https",
      "default-live-app-name" : "note-for-approval-app-content",
      "default-live-domain" : "cfapps.eu10-005.hana.ondemand.com",
      "domain" : "cfapps.eu10-005.hana.ondemand.com",
      "host" : "brainbox-consulting-bv-brainboxconsultingig-dev-note-fo1e3325e0",
      "generated-user" : "********"
    },
    "requiredDependencies" : [ {
      "majorSchemaVersion" : 3,
      "name" : "note-for-approval-repo-host",
      "properties" : { },
      "parameters" : {
        "content-target" : true
      },
      "propertiesMetadata" : {
        "metadata" : { }
      },
      "parametersMetadata" : {
        "metadata" : { }
      }
    } ],
    "providedDependencies" : [ {
      "majorSchemaVersion" : 3,
      "name" : "note-for-approval-app-content",
      "isPublic" : false,
      "properties" : { },
      "parameters" : { },
      "propertiesMetadata" : {
        "metadata" : { }
      },
      "parametersMetadata" : {
        "metadata" : { }
      }
    } ],
    "propertiesMetadata" : {
      "metadata" : { }
    },
    "parametersMetadata" : {
      "metadata" : { }
    },
    "hooks" : [ ]
  }, {
    "majorSchemaVersion" : 3,
    "name" : "note-for-approval-db-deployer",
    "type" : "com.sap.xs.hdi",
    "path" : "note-for-approval-db-deployer",
    "properties" : {
      "EXIT" : 1
    },
    "parameters" : {
      "default-url" : "https://brainbox-consulting-bv-brainboxconsultingig-dev-note-fo33517d96.cfapps.eu10-005.hana.ondemand.com",
      "default-app-name" : "note-for-approval-db-deployer",
      "generated-password" : "********",
      "default-live-url" : "https://brainbox-consulting-bv-brainboxconsultingig-dev-note-fo33517d96.cfapps.eu10-005.hana.ondemand.com",
      "default-uri" : "brainbox-consulting-bv-brainboxconsultingig-dev-note-fo33517d96.cfapps.eu10-005.hana.ondemand.com",
      "memory" : "256M",
      "default-instances" : 1,
      "no-route" : true,
      "default-live-host" : "brainbox-consulting-bv-brainboxconsultingig-dev-note-fo33517d96",
      "instances" : 1,
      "buildpack" : "nodejs_buildpack",
      "default-host" : "brainbox-consulting-bv-brainboxconsultingig-dev-note-fo33517d96",
      "app-name" : "note-for-approval-db-deployer",
      "default-live-uri" : "brainbox-consulting-bv-brainboxconsultingig-dev-note-fo33517d96.cfapps.eu10-005.hana.ondemand.com",
      "protocol" : "https",
      "default-live-app-name" : "note-for-approval-db-deployer",
      "default-live-domain" : "cfapps.eu10-005.hana.ondemand.com",
      "dependency-type" : "hard",
      "domain" : "cfapps.eu10-005.hana.ondemand.com",
      "host" : "brainbox-consulting-bv-brainboxconsultingig-dev-note-fo33517d96",
      "generated-user" : "********",
      "tasks" : [ {
        "command" : "npm start",
        "memory" : "256M",
        "name" : "deploy"
      } ],
      "no-start" : true
    },
    "requiredDependencies" : [ {
      "majorSchemaVersion" : 3,
      "name" : "note-for-approval-db",
      "properties" : { },
      "parameters" : { },
      "propertiesMetadata" : {
        "metadata" : { }
      },
      "parametersMetadata" : {
        "metadata" : { }
      }
    } ],
    "providedDependencies" : [ {
      "majorSchemaVersion" : 3,
      "name" : "note-for-approval-db-deployer",
      "isPublic" : false,
      "properties" : { },
      "parameters" : { },
      "propertiesMetadata" : {
        "metadata" : { }
      },
      "parametersMetadata" : {
        "metadata" : { }
      }
    } ],
    "propertiesMetadata" : {
      "metadata" : { }
    },
    "parametersMetadata" : {
      "metadata" : { }
    },
    "hooks" : [ ]
  }, {
    "majorSchemaVersion" : 3,
    "name" : "note-for-approval",
    "type" : "javascript.nodejs",
    "path" : "note-for-approval",
    "properties" : { },
    "parameters" : {
      "default-url" : "https://brainbox-consulting-bv-brainboxconsultingig-dev-note-fo1ef357a0.cfapps.eu10-005.hana.ondemand.com",
      "default-app-name" : "note-for-approval",
      "generated-password" : "********",
      "default-live-url" : "https://brainbox-consulting-bv-brainboxconsultingig-dev-note-fo1ef357a0.cfapps.eu10-005.hana.ondemand.com",
      "default-uri" : "brainbox-consulting-bv-brainboxconsultingig-dev-note-fo1ef357a0.cfapps.eu10-005.hana.ondemand.com",
      "memory" : "256M",
      "default-instances" : 1,
      "default-live-host" : "brainbox-consulting-bv-brainboxconsultingig-dev-note-fo1ef357a0",
      "instances" : 1,
      "default-host" : "brainbox-consulting-bv-brainboxconsultingig-dev-note-fo1ef357a0",
      "keep-existing-routes" : true,
      "app-name" : "note-for-approval",
      "default-live-uri" : "brainbox-consulting-bv-brainboxconsultingig-dev-note-fo1ef357a0.cfapps.eu10-005.hana.ondemand.com",
      "protocol" : "https",
      "default-live-app-name" : "note-for-approval",
      "default-live-domain" : "cfapps.eu10-005.hana.ondemand.com",
      "disk-quota" : "256M",
      "domain" : "cfapps.eu10-005.hana.ondemand.com",
      "host" : "brainbox-consulting-bv-brainboxconsultingig-dev-note-fo1ef357a0",
      "generated-user" : "********"
    },
    "requiredDependencies" : [ {
      "majorSchemaVersion" : 3,
      "name" : "srv-api",
      "group" : "destinations",
      "properties" : {
        "name" : "srv-api",
        "forwardAuthToken" : "********",
        "url" : "https://brainbox-consulting-bv-brainboxconsultingig-dev-note-fo4054ba4a.cfapps.eu10-005.hana.ondemand.com"
      },
      "parameters" : { },
      "propertiesMetadata" : {
        "metadata" : { }
      },
      "parametersMetadata" : {
        "metadata" : { }
      }
    }, {
      "majorSchemaVersion" : 3,
      "name" : "note-for-approval-html5-runtime",
      "properties" : { },
      "parameters" : { },
      "propertiesMetadata" : {
        "metadata" : { }
      },
      "parametersMetadata" : {
        "metadata" : { }
      }
    } ],
    "providedDependencies" : [ {
      "majorSchemaVersion" : 3,
      "name" : "app-api",
      "isPublic" : false,
      "properties" : {
        "app-protocol" : "https",
        "app-uri" : "brainbox-consulting-bv-brainboxconsultingig-dev-note-fo1ef357a0.cfapps.eu10-005.hana.ondemand.com"
      },
      "parameters" : { },
      "propertiesMetadata" : {
        "metadata" : { }
      },
      "parametersMetadata" : {
        "metadata" : { }
      }
    }, {
      "majorSchemaVersion" : 3,
      "name" : "note-for-approval",
      "isPublic" : false,
      "properties" : { },
      "parameters" : { },
      "propertiesMetadata" : {
        "metadata" : { }
      },
      "parametersMetadata" : {
        "metadata" : { }
      }
    } ],
    "propertiesMetadata" : {
      "metadata" : { }
    },
    "parametersMetadata" : {
      "metadata" : { }
    },
    "hooks" : [ ]
  } ],
  "resources" : [ {
    "majorSchemaVersion" : 3,
    "name" : "note-for-approval-repo-host",
    "type" : "org.cloudfoundry.managed-service",
    "properties" : { },
    "parameters" : {
      "generated-password" : "********",
      "service-name" : "note-for-approval-html5-service",
      "service-plan" : "app-host",
      "service" : "html5-apps-repo",
      "generated-user" : "********",
      "default-xsappname" : "note-for-approval-repo-host",
      "type" : "managed-service",
      "default-service-name" : "note-for-approval-repo-host",
      "default-container-name" : "BRAINBOX_CONSULTING_BV_BRAINBOXCONSULTINGIG_DEV_NOTE_FOR794BA098"
    },
    "isActive" : true,
    "isOptional" : false,
    "propertiesMetadata" : {
      "metadata" : { }
    },
    "parametersMetadata" : {
      "metadata" : { }
    },
    "requiredDependencies" : [ ],
    "processedAfter" : [ ]
  }, {
    "majorSchemaVersion" : 3,
    "name" : "note-for-approval-html5-runtime",
    "type" : "org.cloudfoundry.managed-service",
    "properties" : { },
    "parameters" : {
      "generated-password" : "********",
      "service-name" : "note-for-approval-html5-runtime",
      "service-plan" : "app-runtime",
      "service" : "html5-apps-repo",
      "generated-user" : "********",
      "default-xsappname" : "note-for-approval-html5-runtime",
      "type" : "managed-service",
      "default-service-name" : "note-for-approval-html5-runtime",
      "default-container-name" : "BRAINBOX_CONSULTING_BV_BRAINBOXCONSULTINGIG_DEV_NOTE_FOR77D661F6"
    },
    "isActive" : true,
    "isOptional" : false,
    "propertiesMetadata" : {
      "metadata" : { }
    },
    "parametersMetadata" : {
      "metadata" : { }
    },
    "requiredDependencies" : [ ],
    "processedAfter" : [ ]
  }, {
    "majorSchemaVersion" : 3,
    "name" : "note-for-approval-destination-service",
    "type" : "org.cloudfoundry.managed-service",
    "properties" : { },
    "parameters" : {
      "generated-password" : "********",
      "service-name" : "note-for-approval-destination-service",
      "service-plan" : "lite",
      "service" : "destination",
      "generated-user" : "********",
      "default-xsappname" : "note-for-approval-destination-service",
      "type" : "managed-service",
      "config" : {
        "HTML5Runtime_enabled" : false,
        "init_data" : {
          "instance" : {
            "destinations" : [ {
              "Authentication" : "********",
              "Name" : "ui5",
              "ProxyType" : "Internet",
              "Type" : "HTTP",
              "URL" : "https://ui5.sap.com"
            } ],
            "existing_destinations_policy" : "update"
          }
        },
        "version" : "1.0.0"
      },
      "default-service-name" : "note-for-approval-destination-service",
      "default-container-name" : "BRAINBOX_CONSULTING_BV_BRAINBOXCONSULTINGIG_DEV_NOTE_FOR11A5BC97"
    },
    "isActive" : true,
    "isOptional" : false,
    "propertiesMetadata" : {
      "metadata" : { }
    },
    "parametersMetadata" : {
      "metadata" : { }
    },
    "requiredDependencies" : [ ],
    "processedAfter" : [ ]
  }, {
    "majorSchemaVersion" : 3,
    "name" : "note-for-approval-db",
    "type" : "com.sap.xs.hdi-container",
    "properties" : { },
    "parameters" : {
      "generated-password" : "********",
      "service-name" : "note-for-approval-db",
      "service-plan" : "hdi-shared",
      "service" : "hana",
      "generated-user" : "********",
      "default-xsappname" : "note-for-approval-db",
      "type" : "managed-service",
      "default-service-name" : "note-for-approval-db",
      "default-container-name" : "BRAINBOX_CONSULTING_BV_BRAINBOXCONSULTINGIG_DEV_NOTE_FOR712E6D35"
    },
    "isActive" : true,
    "isOptional" : false,
    "propertiesMetadata" : {
      "metadata" : { }
    },
    "parametersMetadata" : {
      "metadata" : { }
    },
    "requiredDependencies" : [ ],
    "processedAfter" : [ ]
  } ],
  "parameters" : {
    "deploy_mode" : "html5-repo",
    "mta-id" : "note-for-approval",
    "authorization-url" : "********",
    "org-guid" : "f75518ee-c52e-4c0f-8577-d43c69acffc3",
    "org" : "BrainBox Consulting BV_BrainboxConsultingIG",
    "deploy-target" : "BrainBox Consulting BV_BrainboxConsultingIG dev",
    "enable-parallel-deployments" : true,
    "region-primary-domain" : "eu10.hana.ondemand.com",
    "space" : "dev",
    "region-domain" : "eu10-005.hana.ondemand.com",
    "xs-api-url" : "https://api.cf.eu10-005.hana.ondemand.com",
    "deploy-url" : "deploy-service.cfapps.eu10-005.hana.ondemand.com",
    "xs-type" : "CF",
    "default-domain" : "cfapps.eu10-005.hana.ondemand.com",
    "mta-version" : "1.0.0",
    "xs-auth-url" : "********",
    "space-guid" : "68e32ac3-8ca0-48aa-af92-b0c9129360d2",
    "user" : "********",
    "controller-url" : "https://api.cf.eu10-005.hana.ondemand.com",
    "timestamp" : "20260911071621"
  },
  "parametersMetadata" : {
    "metadata" : { }
  }
}#
#2026 09 11 07:16:34.055#Z#DEBUG#b0b272a9-adb0-11f1-ab12-eeee0a941739.OPERATION#flowable-async-job-executor-thread-82296#
[ProcessDescriptorStep] Merged descriptor properties and parameters resolved#
#2026 09 11 07:16:34.055#Z#DEBUG#b0b272a9-adb0-11f1-ab12-eeee0a941739.OPERATION#flowable-async-job-executor-thread-82296#
Step "Re-Process Descriptor Step" finished#
#2026 09 11 07:16:34.092#Z#DEBUG#b0b272a9-adb0-11f1-ab12-eeee0a941739.OPERATION#flowable-async-job-executor-thread-82297#
[BuildApplicationDeployModelStep] Executing task "buildApplicationDeployModelTask" of process "b816ff64-adb0-11f1-8864-eeee0a8ca0de"...#
#2026 09 11 07:16:34.094#Z#DEBUG#b0b272a9-adb0-11f1-ab12-eeee0a941739.OPERATION#flowable-async-job-executor-thread-82297#
[BuildApplicationDeployModelStep] Building cloud deployment model for application "note-for-approval-srv"...#
#2026 09 11 07:16:34.100#Z#DEBUG#b0b272a9-adb0-11f1-ab12-eeee0a941739.OPERATION#flowable-async-job-executor-thread-82297#
[BuildApplicationDeployModelStep] No health-check-type is specified. Setting default type: port#
#2026 09 11 07:16:34.100#Z#INFO#b0b272a9-adb0-11f1-ab12-eeee0a941739.OPERATION#flowable-async-job-executor-thread-82297#
[BuildApplicationDeployModelStep] Building configuration entries for org BrainBox Consulting BV_BrainboxConsultingIG, space dev, spaceId 68e32ac3-8ca0-48aa-af92-b0c9129360d2 and namespace null!#
#2026 09 11 07:16:34.101#Z#DEBUG#b0b272a9-adb0-11f1-ab12-eeee0a941739.OPERATION#flowable-async-job-executor-thread-82297#
[BuildApplicationDeployModelStep] Configuration entries to publish: [ ]#
#2026 09 11 07:16:34.101#Z#DEBUG#b0b272a9-adb0-11f1-ab12-eeee0a941739.OPERATION#flowable-async-job-executor-thread-82297#
[BuildApplicationDeployModelStep] Cloud deployment model for application built#
#2026 09 11 07:16:34.101#Z#DEBUG#b0b272a9-adb0-11f1-ab12-eeee0a941739.OPERATION#flowable-async-job-executor-thread-82297#
Step "Build Application Deploy Model" finished#
#2026 09 11 07:16:34.132#Z#DEBUG#b0b272a9-adb0-11f1-ab12-eeee0a941739.OPERATION#flowable-async-job-executor-thread-29926#
[ProcessDescriptorStep] Executing task "reprocessDescriptorTask" of process "b827537e-adb0-11f1-9a30-eeee0a8fa52c"...#
#2026 09 11 07:16:34.133#Z#DEBUG#b0b272a9-adb0-11f1-ab12-eeee0a941739.OPERATION#flowable-async-job-executor-thread-29926#
[ProcessDescriptorStep] Resolving properties and parameters in merged descriptor...#
#2026 09 11 07:16:34.138#Z#DEBUG#b0b272a9-adb0-11f1-ab12-eeee0a941739.OPERATION#flowable-async-job-executor-thread-29926#
[ProcessDescriptorStep] Subscriptions: [ ]#
#2026 09 11 07:16:34.145#Z#DEBUG#b0b272a9-adb0-11f1-ab12-eeee0a941739.OPERATION#flowable-async-job-executor-thread-29926#
[ProcessDescriptorStep] MTA modules: [note-for-approval-db-deployer, note-for-approval-srv, note-for-approval-app-content, note-for-approval]#
#2026 09 11 07:16:34.148#Z#DEBUG#b0b272a9-adb0-11f1-ab12-eeee0a941739.OPERATION#flowable-async-job-executor-thread-29926#
[ProcessDescriptorStep] Resolved deployment descriptor: {
  "majorSchemaVersion" : 3,
  "schemaVersion" : "3.3.0",
  "id" : "note-for-approval",
  "version" : "1.0.0",
  "modules" : [ {
    "majorSchemaVersion" : 3,
    "name" : "note-for-approval-srv",
    "type" : "javascript.nodejs",
    "path" : "note-for-approval-srv",
    "properties" : { },
    "parameters" : {
      "default-url" : "https://brainbox-consulting-bv-brainboxconsultingig-dev-note-fo4054ba4a.cfapps.eu10-005.hana.ondemand.com",
      "default-app-name" : "note-for-approval-srv",
      "generated-password" : "********",
      "default-live-url" : "https://brainbox-consulting-bv-brainboxconsultingig-dev-note-fo4054ba4a.cfapps.eu10-005.hana.ondemand.com",
      "default-uri" : "brainbox-consulting-bv-brainboxconsultingig-dev-note-fo4054ba4a.cfapps.eu10-005.hana.ondemand.com",
      "default-instances" : 1,
      "default-live-host" : "brainbox-consulting-bv-brainboxconsultingig-dev-note-fo4054ba4a",
      "instances" : 1,
      "buildpack" : "nodejs_buildpack",
      "default-host" : "brainbox-consulting-bv-brainboxconsultingig-dev-note-fo4054ba4a",
      "command" : "npm start",
      "app-name" : "note-for-approval-srv",
      "default-live-uri" : "brainbox-consulting-bv-brainboxconsultingig-dev-note-fo4054ba4a.cfapps.eu10-005.hana.ondemand.com",
      "protocol" : "https",
      "default-live-app-name" : "note-for-approval-srv",
      "default-live-domain" : "cfapps.eu10-005.hana.ondemand.com",
      "domain" : "cfapps.eu10-005.hana.ondemand.com",
      "host" : "brainbox-consulting-bv-brainboxconsultingig-dev-note-fo4054ba4a",
      "generated-user" : "********"
    },
    "requiredDependencies" : [ {
      "majorSchemaVersion" : 3,
      "name" : "note-for-approval-db",
      "properties" : { },
      "parameters" : { },
      "propertiesMetadata" : {
        "metadata" : { }
      },
      "parametersMetadata" : {
        "metadata" : { }
      }
    } ],
    "providedDependencies" : [ {
      "majorSchemaVersion" : 3,
      "name" : "srv-api",
      "isPublic" : false,
      "properties" : {
        "srv-url" : "https://brainbox-consulting-bv-brainboxconsultingig-dev-note-fo4054ba4a.cfapps.eu10-005.hana.ondemand.com"
      },
      "parameters" : { },
      "propertiesMetadata" : {
        "metadata" : { }
      },
      "parametersMetadata" : {
        "metadata" : { }
      }
    }, {
      "majorSchemaVersion" : 3,
      "name" : "note-for-approval-srv",
      "isPublic" : false,
      "properties" : { },
      "parameters" : { },
      "propertiesMetadata" : {
        "metadata" : { }
      },
      "parametersMetadata" : {
        "metadata" : { }
      }
    } ],
    "propertiesMetadata" : {
      "metadata" : { }
    },
    "parametersMetadata" : {
      "metadata" : { }
    },
    "hooks" : [ ]
  }, {
    "majorSchemaVersion" : 3,
    "name" : "note-for-approval-app-content",
    "type" : "com.sap.application.content",
    "path" : "note-for-approval-app-content",
    "properties" : { },
    "parameters" : {
      "default-url" : "https://brainbox-consulting-bv-brainboxconsultingig-dev-note-fo1e3325e0.cfapps.eu10-005.hana.ondemand.com",
      "default-app-name" : "note-for-approval-app-content",
      "generated-password" : "********",
      "default-live-url" : "https://brainbox-consulting-bv-brainboxconsultingig-dev-note-fo1e3325e0.cfapps.eu10-005.hana.ondemand.com",
      "default-uri" : "brainbox-consulting-bv-brainboxconsultingig-dev-note-fo1e3325e0.cfapps.eu10-005.hana.ondemand.com",
      "default-instances" : 1,
      "default-live-host" : "brainbox-consulting-bv-brainboxconsultingig-dev-note-fo1e3325e0",
      "instances" : 1,
      "default-host" : "brainbox-consulting-bv-brainboxconsultingig-dev-note-fo1e3325e0",
      "app-name" : "note-for-approval-app-content",
      "default-live-uri" : "brainbox-consulting-bv-brainboxconsultingig-dev-note-fo1e3325e0.cfapps.eu10-005.hana.ondemand.com",
      "protocol" : "https",
      "default-live-app-name" : "note-for-approval-app-content",
      "default-live-domain" : "cfapps.eu10-005.hana.ondemand.com",
      "domain" : "cfapps.eu10-005.hana.ondemand.com",
      "host" : "brainbox-consulting-bv-brainboxconsultingig-dev-note-fo1e3325e0",
      "generated-user" : "********"
    },
    "requiredDependencies" : [ {
      "majorSchemaVersion" : 3,
      "name" : "note-for-approval-repo-host",
      "properties" : { },
      "parameters" : {
        "content-target" : true
      },
      "propertiesMetadata" : {
        "metadata" : { }
      },
      "parametersMetadata" : {
        "metadata" : { }
      }
    } ],
    "providedDependencies" : [ {
      "majorSchemaVersion" : 3,
      "name" : "note-for-approval-app-content",
      "isPublic" : false,
      "properties" : { },
      "parameters" : { },
      "propertiesMetadata" : {
        "metadata" : { }
      },
      "parametersMetadata" : {
        "metadata" : { }
      }
    } ],
    "propertiesMetadata" : {
      "metadata" : { }
    },
    "parametersMetadata" : {
      "metadata" : { }
    },
    "hooks" : [ ]
  }, {
    "majorSchemaVersion" : 3,
    "name" : "note-for-approval-db-deployer",
    "type" : "com.sap.xs.hdi",
    "path" : "note-for-approval-db-deployer",
    "properties" : {
      "EXIT" : 1
    },
    "parameters" : {
      "default-url" : "https://brainbox-consulting-bv-brainboxconsultingig-dev-note-fo33517d96.cfapps.eu10-005.hana.ondemand.com",
      "default-app-name" : "note-for-approval-db-deployer",
      "generated-password" : "********",
      "default-live-url" : "https://brainbox-consulting-bv-brainboxconsultingig-dev-note-fo33517d96.cfapps.eu10-005.hana.ondemand.com",
      "default-uri" : "brainbox-consulting-bv-brainboxconsultingig-dev-note-fo33517d96.cfapps.eu10-005.hana.ondemand.com",
      "memory" : "256M",
      "default-instances" : 1,
      "no-route" : true,
      "default-live-host" : "brainbox-consulting-bv-brainboxconsultingig-dev-note-fo33517d96",
      "instances" : 1,
      "buildpack" : "nodejs_buildpack",
      "default-host" : "brainbox-consulting-bv-brainboxconsultingig-dev-note-fo33517d96",
      "app-name" : "note-for-approval-db-deployer",
      "default-live-uri" : "brainbox-consulting-bv-brainboxconsultingig-dev-note-fo33517d96.cfapps.eu10-005.hana.ondemand.com",
      "protocol" : "https",
      "default-live-app-name" : "note-for-approval-db-deployer",
      "default-live-domain" : "cfapps.eu10-005.hana.ondemand.com",
      "dependency-type" : "hard",
      "domain" : "cfapps.eu10-005.hana.ondemand.com",
      "host" : "brainbox-consulting-bv-brainboxconsultingig-dev-note-fo33517d96",
      "generated-user" : "********",
      "tasks" : [ {
        "command" : "npm start",
        "memory" : "256M",
        "name" : "deploy"
      } ],
      "no-start" : true
    },
    "requiredDependencies" : [ {
      "majorSchemaVersion" : 3,
      "name" : "note-for-approval-db",
      "properties" : { },
      "parameters" : { },
      "propertiesMetadata" : {
        "metadata" : { }
      },
      "parametersMetadata" : {
        "metadata" : { }
      }
    } ],
    "providedDependencies" : [ {
      "majorSchemaVersion" : 3,
      "name" : "note-for-approval-db-deployer",
      "isPublic" : false,
      "properties" : { },
      "parameters" : { },
      "propertiesMetadata" : {
        "metadata" : { }
      },
      "parametersMetadata" : {
        "metadata" : { }
      }
    } ],
    "propertiesMetadata" : {
      "metadata" : { }
    },
    "parametersMetadata" : {
      "metadata" : { }
    },
    "hooks" : [ ]
  }, {
    "majorSchemaVersion" : 3,
    "name" : "note-for-approval",
    "type" : "javascript.nodejs",
    "path" : "note-for-approval",
    "properties" : { },
    "parameters" : {
      "default-url" : "https://brainbox-consulting-bv-brainboxconsultingig-dev-note-fo1ef357a0.cfapps.eu10-005.hana.ondemand.com",
      "default-app-name" : "note-for-approval",
      "generated-password" : "********",
      "default-live-url" : "https://brainbox-consulting-bv-brainboxconsultingig-dev-note-fo1ef357a0.cfapps.eu10-005.hana.ondemand.com",
      "default-uri" : "brainbox-consulting-bv-brainboxconsultingig-dev-note-fo1ef357a0.cfapps.eu10-005.hana.ondemand.com",
      "memory" : "256M",
      "default-instances" : 1,
      "default-live-host" : "brainbox-consulting-bv-brainboxconsultingig-dev-note-fo1ef357a0",
      "instances" : 1,
      "default-host" : "brainbox-consulting-bv-brainboxconsultingig-dev-note-fo1ef357a0",
      "keep-existing-routes" : true,
      "app-name" : "note-for-approval",
      "default-live-uri" : "brainbox-consulting-bv-brainboxconsultingig-dev-note-fo1ef357a0.cfapps.eu10-005.hana.ondemand.com",
      "protocol" : "https",
      "default-live-app-name" : "note-for-approval",
      "default-live-domain" : "cfapps.eu10-005.hana.ondemand.com",
      "disk-quota" : "256M",
      "domain" : "cfapps.eu10-005.hana.ondemand.com",
      "host" : "brainbox-consulting-bv-brainboxconsultingig-dev-note-fo1ef357a0",
      "generated-user" : "********"
    },
    "requiredDependencies" : [ {
      "majorSchemaVersion" : 3,
      "name" : "srv-api",
      "group" : "destinations",
      "properties" : {
        "name" : "srv-api",
        "forwardAuthToken" : "********",
        "url" : "https://brainbox-consulting-bv-brainboxconsultingig-dev-note-fo4054ba4a.cfapps.eu10-005.hana.ondemand.com"
      },
      "parameters" : { },
      "propertiesMetadata" : {
        "metadata" : { }
      },
      "parametersMetadata" : {
        "metadata" : { }
      }
    }, {
      "majorSchemaVersion" : 3,
      "name" : "note-for-approval-html5-runtime",
      "properties" : { },
      "parameters" : { },
      "propertiesMetadata" : {
        "metadata" : { }
      },
      "parametersMetadata" : {
        "metadata" : { }
      }
    } ],
    "providedDependencies" : [ {
      "majorSchemaVersion" : 3,
      "name" : "app-api",
      "isPublic" : false,
      "properties" : {
        "app-protocol" : "https",
        "app-uri" : "brainbox-consulting-bv-brainboxconsultingig-dev-note-fo1ef357a0.cfapps.eu10-005.hana.ondemand.com"
      },
      "parameters" : { },
      "propertiesMetadata" : {
        "metadata" : { }
      },
      "parametersMetadata" : {
        "metadata" : { }
      }
    }, {
      "majorSchemaVersion" : 3,
      "name" : "note-for-approval",
      "isPublic" : false,
      "properties" : { },
      "parameters" : { },
      "propertiesMetadata" : {
        "metadata" : { }
      },
      "parametersMetadata" : {
        "metadata" : { }
      }
    } ],
    "propertiesMetadata" : {
      "metadata" : { }
    },
    "parametersMetadata" : {
      "metadata" : { }
    },
    "hooks" : [ ]
  } ],
  "resources" : [ {
    "majorSchemaVersion" : 3,
    "name" : "note-for-approval-repo-host",
    "type" : "org.cloudfoundry.managed-service",
    "properties" : { },
    "parameters" : {
      "generated-password" : "********",
      "service-name" : "note-for-approval-html5-service",
      "service-plan" : "app-host",
      "service" : "html5-apps-repo",
      "generated-user" : "********",
      "default-xsappname" : "note-for-approval-repo-host",
      "type" : "managed-service",
      "default-service-name" : "note-for-approval-repo-host",
      "default-container-name" : "BRAINBOX_CONSULTING_BV_BRAINBOXCONSULTINGIG_DEV_NOTE_FOR794BA098"
    },
    "isActive" : true,
    "isOptional" : false,
    "propertiesMetadata" : {
      "metadata" : { }
    },
    "parametersMetadata" : {
      "metadata" : { }
    },
    "requiredDependencies" : [ ],
    "processedAfter" : [ ]
  }, {
    "majorSchemaVersion" : 3,
    "name" : "note-for-approval-html5-runtime",
    "type" : "org.cloudfoundry.managed-service",
    "properties" : { },
    "parameters" : {
      "generated-password" : "********",
      "service-name" : "note-for-approval-html5-runtime",
      "service-plan" : "app-runtime",
      "service" : "html5-apps-repo",
      "generated-user" : "********",
      "default-xsappname" : "note-for-approval-html5-runtime",
      "type" : "managed-service",
      "default-service-name" : "note-for-approval-html5-runtime",
      "default-container-name" : "BRAINBOX_CONSULTING_BV_BRAINBOXCONSULTINGIG_DEV_NOTE_FOR77D661F6"
    },
    "isActive" : true,
    "isOptional" : false,
    "propertiesMetadata" : {
      "metadata" : { }
    },
    "parametersMetadata" : {
      "metadata" : { }
    },
    "requiredDependencies" : [ ],
    "processedAfter" : [ ]
  }, {
    "majorSchemaVersion" : 3,
    "name" : "note-for-approval-destination-service",
    "type" : "org.cloudfoundry.managed-service",
    "properties" : { },
    "parameters" : {
      "generated-password" : "********",
      "service-name" : "note-for-approval-destination-service",
      "service-plan" : "lite",
      "service" : "destination",
      "generated-user" : "********",
      "default-xsappname" : "note-for-approval-destination-service",
      "type" : "managed-service",
      "config" : {
        "HTML5Runtime_enabled" : false,
        "init_data" : {
          "instance" : {
            "destinations" : [ {
              "Authentication" : "********",
              "Name" : "ui5",
              "ProxyType" : "Internet",
              "Type" : "HTTP",
              "URL" : "https://ui5.sap.com"
            } ],
            "existing_destinations_policy" : "update"
          }
        },
        "version" : "1.0.0"
      },
      "default-service-name" : "note-for-approval-destination-service",
      "default-container-name" : "BRAINBOX_CONSULTING_BV_BRAINBOXCONSULTINGIG_DEV_NOTE_FOR11A5BC97"
    },
    "isActive" : true,
    "isOptional" : false,
    "propertiesMetadata" : {
      "metadata" : { }
    },
    "parametersMetadata" : {
      "metadata" : { }
    },
    "requiredDependencies" : [ ],
    "processedAfter" : [ ]
  }, {
    "majorSchemaVersion" : 3,
    "name" : "note-for-approval-db",
    "type" : "com.sap.xs.hdi-container",
    "properties" : { },
    "parameters" : {
      "generated-password" : "********",
      "service-name" : "note-for-approval-db",
      "service-plan" : "hdi-shared",
      "service" : "hana",
      "generated-user" : "********",
      "default-xsappname" : "note-for-approval-db",
      "type" : "managed-service",
      "default-service-name" : "note-for-approval-db",
      "default-container-name" : "BRAINBOX_CONSULTING_BV_BRAINBOXCONSULTINGIG_DEV_NOTE_FOR712E6D35"
    },
    "isActive" : true,
    "isOptional" : false,
    "propertiesMetadata" : {
      "metadata" : { }
    },
    "parametersMetadata" : {
      "metadata" : { }
    },
    "requiredDependencies" : [ ],
    "processedAfter" : [ ]
  } ],
  "parameters" : {
    "deploy_mode" : "html5-repo",
    "mta-id" : "note-for-approval",
    "authorization-url" : "********",
    "org-guid" : "f75518ee-c52e-4c0f-8577-d43c69acffc3",
    "org" : "BrainBox Consulting BV_BrainboxConsultingIG",
    "deploy-target" : "BrainBox Consulting BV_BrainboxConsultingIG dev",
    "enable-parallel-deployments" : true,
    "region-primary-domain" : "eu10.hana.ondemand.com",
    "space" : "dev",
    "region-domain" : "eu10-005.hana.ondemand.com",
    "xs-api-url" : "https://api.cf.eu10-005.hana.ondemand.com",
    "deploy-url" : "deploy-service.cfapps.eu10-005.hana.ondemand.com",
    "xs-type" : "CF",
    "default-domain" : "cfapps.eu10-005.hana.ondemand.com",
    "mta-version" : "1.0.0",
    "xs-auth-url" : "********",
    "space-guid" : "68e32ac3-8ca0-48aa-af92-b0c9129360d2",
    "user" : "********",
    "controller-url" : "https://api.cf.eu10-005.hana.ondemand.com",
    "timestamp" : "20260911071621"
  },
  "parametersMetadata" : {
    "metadata" : { }
  }
}#
#2026 09 11 07:16:34.148#Z#DEBUG#b0b272a9-adb0-11f1-ab12-eeee0a941739.OPERATION#flowable-async-job-executor-thread-29926#
[ProcessDescriptorStep] Merged descriptor properties and parameters resolved#
#2026 09 11 07:16:34.148#Z#DEBUG#b0b272a9-adb0-11f1-ab12-eeee0a941739.OPERATION#flowable-async-job-executor-thread-29926#
Step "Re-Process Descriptor Step" finished#
#2026 09 11 07:16:34.180#Z#DEBUG#b0b272a9-adb0-11f1-ab12-eeee0a941739.OPERATION#flowable-async-job-executor-thread-29927#
[BuildApplicationDeployModelStep] Executing task "buildApplicationDeployModelTask" of process "b827537e-adb0-11f1-9a30-eeee0a8fa52c"...#
#2026 09 11 07:16:34.182#Z#DEBUG#b0b272a9-adb0-11f1-ab12-eeee0a941739.OPERATION#flowable-async-job-executor-thread-29927#
[BuildApplicationDeployModelStep] Building cloud deployment model for application "note-for-approval-db-deployer"...#
#2026 09 11 07:16:34.188#Z#DEBUG#b0b272a9-adb0-11f1-ab12-eeee0a941739.OPERATION#flowable-async-job-executor-thread-29927#
[BuildApplicationDeployModelStep] No health-check-type is specified. Setting default type: port#
#2026 09 11 07:16:34.188#Z#INFO#b0b272a9-adb0-11f1-ab12-eeee0a941739.OPERATION#flowable-async-job-executor-thread-29927#
[BuildApplicationDeployModelStep] Building configuration entries for org BrainBox Consulting BV_BrainboxConsultingIG, space dev, spaceId 68e32ac3-8ca0-48aa-af92-b0c9129360d2 and namespace null!#
#2026 09 11 07:16:34.189#Z#DEBUG#b0b272a9-adb0-11f1-ab12-eeee0a941739.OPERATION#flowable-async-job-executor-thread-29927#
[BuildApplicationDeployModelStep] Configuration entries to publish: [ ]#
#2026 09 11 07:16:34.189#Z#DEBUG#b0b272a9-adb0-11f1-ab12-eeee0a941739.OPERATION#flowable-async-job-executor-thread-29927#
[BuildApplicationDeployModelStep] Cloud deployment model for application built#
#2026 09 11 07:16:34.189#Z#DEBUG#b0b272a9-adb0-11f1-ab12-eeee0a941739.OPERATION#flowable-async-job-executor-thread-29927#
Step "Build Application Deploy Model" finished#
#2026 09 11 07:16:34.133#Z#DEBUG#b0b272a9-adb0-11f1-ab12-eeee0a941739.OPERATION#flowable-async-job-executor-thread-82298#
[CreateOrUpdateAppStep] Executing task "createAppTask" of process "b816ff64-adb0-11f1-8864-eeee0a8ca0de"...#
#2026 09 11 07:16:34.135#Z#DEBUG#b0b272a9-adb0-11f1-ab12-eeee0a941739.OPERATION#flowable-async-job-executor-thread-82298#
[CreateOrUpdateAppStep] Getting application "note-for-approval-srv"...#
#2026 09 11 07:16:34.164#Z#INFO#b0b272a9-adb0-11f1-ab12-eeee0a941739.OPERATION#flowable-async-job-executor-thread-82298#
[CreateOrUpdateAppStep] Updating application "note-for-approval-srv"...#
#2026 09 11 07:16:34.169#Z#DEBUG#b0b272a9-adb0-11f1-ab12-eeee0a941739.OPERATION#flowable-async-job-executor-thread-82298#
[CreateOrUpdateAppStep] Getting process for application "7037cbc0-f596-4751-ad38-f95db4aad153"...#
#2026 09 11 07:16:34.215#Z#DEBUG#b0b272a9-adb0-11f1-ab12-eeee0a941739.OPERATION#flowable-async-job-executor-thread-82298#
[CreateOrUpdateAppStep] Getting routes for application "7037cbc0-f596-4751-ad38-f95db4aad153"...#
#2026 09 11 07:16:34.259#Z#DEBUG#b0b272a9-adb0-11f1-ab12-eeee0a941739.OPERATION#flowable-async-job-executor-thread-82298#
[CreateOrUpdateAppStep] Getting features for application "7037cbc0-f596-4751-ad38-f95db4aad153"#
#2026 09 11 07:16:34.284#Z#DEBUG#b0b272a9-adb0-11f1-ab12-eeee0a941739.OPERATION#flowable-async-job-executor-thread-82298#
[CreateOrUpdateAppStep] Updating staging of application "note-for-approval-srv" to: {
  "buildpacks" : [ "nodejs_buildpack" ],
  "command" : "npm start",
  "healthCheckType" : "port",
  "appFeatures" : { }
}#
#2026 09 11 07:16:34.538#Z#DEBUG#b0b272a9-adb0-11f1-ab12-eeee0a941739.OPERATION#flowable-async-job-executor-thread-82298#
[CreateOrUpdateAppStep] Application "note-for-approval-srv" updated#
#2026 09 11 07:16:34.538#Z#DEBUG#b0b272a9-adb0-11f1-ab12-eeee0a941739.OPERATION#flowable-async-job-executor-thread-82298#
[CreateOrUpdateAppStep] Getting environment of application "7037cbc0-f596-4751-ad38-f95db4aad153"...#
#2026 09 11 07:16:34.624#Z#DEBUG#b0b272a9-adb0-11f1-ab12-eeee0a941739.OPERATION#flowable-async-job-executor-thread-82298#
[CreateOrUpdateAppStep] Application "note-for-approval-srv" updated#
#2026 09 11 07:16:34.624#Z#DEBUG#b0b272a9-adb0-11f1-ab12-eeee0a941739.OPERATION#flowable-async-job-executor-thread-82298#
Step "Create App" finished#
#2026 09 11 07:16:34.225#Z#DEBUG#b0b272a9-adb0-11f1-ab12-eeee0a941739.OPERATION#flowable-async-job-executor-thread-29928#
[CreateOrUpdateAppStep] Executing task "createAppTask" of process "b827537e-adb0-11f1-9a30-eeee0a8fa52c"...#
#2026 09 11 07:16:34.227#Z#DEBUG#b0b272a9-adb0-11f1-ab12-eeee0a941739.OPERATION#flowable-async-job-executor-thread-29928#
[CreateOrUpdateAppStep] Getting application "note-for-approval-db-deployer"...#
#2026 09 11 07:16:34.262#Z#INFO#b0b272a9-adb0-11f1-ab12-eeee0a941739.OPERATION#flowable-async-job-executor-thread-29928#
[CreateOrUpdateAppStep] Updating application "note-for-approval-db-deployer"...#
#2026 09 11 07:16:34.270#Z#DEBUG#b0b272a9-adb0-11f1-ab12-eeee0a941739.OPERATION#flowable-async-job-executor-thread-29928#
[CreateOrUpdateAppStep] Getting process for application "cfa7ca5e-15f8-47db-8f56-b1eb52c10373"...#
#2026 09 11 07:16:34.309#Z#DEBUG#b0b272a9-adb0-11f1-ab12-eeee0a941739.OPERATION#flowable-async-job-executor-thread-29928#
[CreateOrUpdateAppStep] Getting routes for application "cfa7ca5e-15f8-47db-8f56-b1eb52c10373"...#
#2026 09 11 07:16:34.337#Z#DEBUG#b0b272a9-adb0-11f1-ab12-eeee0a941739.OPERATION#flowable-async-job-executor-thread-29928#
[CreateOrUpdateAppStep] Getting features for application "cfa7ca5e-15f8-47db-8f56-b1eb52c10373"#
#2026 09 11 07:16:34.361#Z#DEBUG#b0b272a9-adb0-11f1-ab12-eeee0a941739.OPERATION#flowable-async-job-executor-thread-29928#
[CreateOrUpdateAppStep] Updating staging of application "note-for-approval-db-deployer" to: {
  "buildpacks" : [ "nodejs_buildpack" ],
  "healthCheckType" : "port",
  "appFeatures" : { }
}#
#2026 09 11 07:16:34.572#Z#DEBUG#b0b272a9-adb0-11f1-ab12-eeee0a941739.OPERATION#flowable-async-job-executor-thread-29928#
[CreateOrUpdateAppStep] Application "note-for-approval-db-deployer" updated#
#2026 09 11 07:16:34.572#Z#DEBUG#b0b272a9-adb0-11f1-ab12-eeee0a941739.OPERATION#flowable-async-job-executor-thread-29928#
[CreateOrUpdateAppStep] Getting environment of application "cfa7ca5e-15f8-47db-8f56-b1eb52c10373"...#
#2026 09 11 07:16:34.663#Z#DEBUG#b0b272a9-adb0-11f1-ab12-eeee0a941739.OPERATION#flowable-async-job-executor-thread-29928#
[CreateOrUpdateAppStep] Application "note-for-approval-db-deployer" updated#
#2026 09 11 07:16:34.663#Z#DEBUG#b0b272a9-adb0-11f1-ab12-eeee0a941739.OPERATION#flowable-async-job-executor-thread-29928#
Step "Create App" finished#
#2026 09 11 07:16:34.705#Z#DEBUG#b0b272a9-adb0-11f1-ab12-eeee0a941739.OPERATION#flowable-async-job-executor-thread-82302#
[ProcessDescriptorStep] Executing task "reprocessDescriptorTask" of process "b88132b2-adb0-11f1-8864-eeee0a8ca0de"...#
#2026 09 11 07:16:34.706#Z#DEBUG#b0b272a9-adb0-11f1-ab12-eeee0a941739.OPERATION#flowable-async-job-executor-thread-82302#
[ProcessDescriptorStep] Resolving properties and parameters in merged descriptor...#
#2026 09 11 07:16:34.709#Z#DEBUG#b0b272a9-adb0-11f1-ab12-eeee0a941739.OPERATION#flowable-async-job-executor-thread-82302#
[ProcessDescriptorStep] Subscriptions: [ ]#
#2026 09 11 07:16:34.714#Z#DEBUG#b0b272a9-adb0-11f1-ab12-eeee0a941739.OPERATION#flowable-async-job-executor-thread-82302#
[ProcessDescriptorStep] MTA modules: [note-for-approval-db-deployer, note-for-approval-srv, note-for-approval-app-content, note-for-approval]#
#2026 09 11 07:16:34.717#Z#DEBUG#b0b272a9-adb0-11f1-ab12-eeee0a941739.OPERATION#flowable-async-job-executor-thread-82302#
[ProcessDescriptorStep] Resolved deployment descriptor: {
  "majorSchemaVersion" : 3,
  "schemaVersion" : "3.3.0",
  "id" : "note-for-approval",
  "version" : "1.0.0",
  "modules" : [ {
    "majorSchemaVersion" : 3,
    "name" : "note-for-approval-srv",
    "type" : "javascript.nodejs",
    "path" : "note-for-approval-srv",
    "properties" : { },
    "parameters" : {
      "default-url" : "https://brainbox-consulting-bv-brainboxconsultingig-dev-note-fo4054ba4a.cfapps.eu10-005.hana.ondemand.com",
      "default-app-name" : "note-for-approval-srv",
      "generated-password" : "********",
      "default-live-url" : "https://brainbox-consulting-bv-brainboxconsultingig-dev-note-fo4054ba4a.cfapps.eu10-005.hana.ondemand.com",
      "default-uri" : "brainbox-consulting-bv-brainboxconsultingig-dev-note-fo4054ba4a.cfapps.eu10-005.hana.ondemand.com",
      "default-instances" : 1,
      "default-live-host" : "brainbox-consulting-bv-brainboxconsultingig-dev-note-fo4054ba4a",
      "instances" : 1,
      "buildpack" : "nodejs_buildpack",
      "default-host" : "brainbox-consulting-bv-brainboxconsultingig-dev-note-fo4054ba4a",
      "command" : "npm start",
      "app-name" : "note-for-approval-srv",
      "default-live-uri" : "brainbox-consulting-bv-brainboxconsultingig-dev-note-fo4054ba4a.cfapps.eu10-005.hana.ondemand.com",
      "protocol" : "https",
      "default-live-app-name" : "note-for-approval-srv",
      "default-live-domain" : "cfapps.eu10-005.hana.ondemand.com",
      "domain" : "cfapps.eu10-005.hana.ondemand.com",
      "host" : "brainbox-consulting-bv-brainboxconsultingig-dev-note-fo4054ba4a",
      "generated-user" : "********"
    },
    "requiredDependencies" : [ {
      "majorSchemaVersion" : 3,
      "name" : "note-for-approval-db",
      "properties" : { },
      "parameters" : { },
      "propertiesMetadata" : {
        "metadata" : { }
      },
      "parametersMetadata" : {
        "metadata" : { }
      }
    } ],
    "providedDependencies" : [ {
      "majorSchemaVersion" : 3,
      "name" : "srv-api",
      "isPublic" : false,
      "properties" : {
        "srv-url" : "https://brainbox-consulting-bv-brainboxconsultingig-dev-note-fo4054ba4a.cfapps.eu10-005.hana.ondemand.com"
      },
      "parameters" : { },
      "propertiesMetadata" : {
        "metadata" : { }
      },
      "parametersMetadata" : {
        "metadata" : { }
      }
    }, {
      "majorSchemaVersion" : 3,
      "name" : "note-for-approval-srv",
      "isPublic" : false,
      "properties" : { },
      "parameters" : { },
      "propertiesMetadata" : {
        "metadata" : { }
      },
      "parametersMetadata" : {
        "metadata" : { }
      }
    } ],
    "propertiesMetadata" : {
      "metadata" : { }
    },
    "parametersMetadata" : {
      "metadata" : { }
    },
    "hooks" : [ ]
  }, {
    "majorSchemaVersion" : 3,
    "name" : "note-for-approval-app-content",
    "type" : "com.sap.application.content",
    "path" : "note-for-approval-app-content",
    "properties" : { },
    "parameters" : {
      "default-url" : "https://brainbox-consulting-bv-brainboxconsultingig-dev-note-fo1e3325e0.cfapps.eu10-005.hana.ondemand.com",
      "default-app-name" : "note-for-approval-app-content",
      "generated-password" : "********",
      "default-live-url" : "https://brainbox-consulting-bv-brainboxconsultingig-dev-note-fo1e3325e0.cfapps.eu10-005.hana.ondemand.com",
      "default-uri" : "brainbox-consulting-bv-brainboxconsultingig-dev-note-fo1e3325e0.cfapps.eu10-005.hana.ondemand.com",
      "default-instances" : 1,
      "default-live-host" : "brainbox-consulting-bv-brainboxconsultingig-dev-note-fo1e3325e0",
      "instances" : 1,
      "default-host" : "brainbox-consulting-bv-brainboxconsultingig-dev-note-fo1e3325e0",
      "app-name" : "note-for-approval-app-content",
      "default-live-uri" : "brainbox-consulting-bv-brainboxconsultingig-dev-note-fo1e3325e0.cfapps.eu10-005.hana.ondemand.com",
      "protocol" : "https",
      "default-live-app-name" : "note-for-approval-app-content",
      "default-live-domain" : "cfapps.eu10-005.hana.ondemand.com",
      "domain" : "cfapps.eu10-005.hana.ondemand.com",
      "host" : "brainbox-consulting-bv-brainboxconsultingig-dev-note-fo1e3325e0",
      "generated-user" : "********"
    },
    "requiredDependencies" : [ {
      "majorSchemaVersion" : 3,
      "name" : "note-for-approval-repo-host",
      "properties" : { },
      "parameters" : {
        "content-target" : true
      },
      "propertiesMetadata" : {
        "metadata" : { }
      },
      "parametersMetadata" : {
        "metadata" : { }
      }
    } ],
    "providedDependencies" : [ {
      "majorSchemaVersion" : 3,
      "name" : "note-for-approval-app-content",
      "isPublic" : false,
      "properties" : { },
      "parameters" : { },
      "propertiesMetadata" : {
        "metadata" : { }
      },
      "parametersMetadata" : {
        "metadata" : { }
      }
    } ],
    "propertiesMetadata" : {
      "metadata" : { }
    },
    "parametersMetadata" : {
      "metadata" : { }
    },
    "hooks" : [ ]
  }, {
    "majorSchemaVersion" : 3,
    "name" : "note-for-approval-db-deployer",
    "type" : "com.sap.xs.hdi",
    "path" : "note-for-approval-db-deployer",
    "properties" : {
      "EXIT" : 1
    },
    "parameters" : {
      "default-url" : "https://brainbox-consulting-bv-brainboxconsultingig-dev-note-fo33517d96.cfapps.eu10-005.hana.ondemand.com",
      "default-app-name" : "note-for-approval-db-deployer",
      "generated-password" : "********",
      "default-live-url" : "https://brainbox-consulting-bv-brainboxconsultingig-dev-note-fo33517d96.cfapps.eu10-005.hana.ondemand.com",
      "default-uri" : "brainbox-consulting-bv-brainboxconsultingig-dev-note-fo33517d96.cfapps.eu10-005.hana.ondemand.com",
      "memory" : "256M",
      "default-instances" : 1,
      "no-route" : true,
      "default-live-host" : "brainbox-consulting-bv-brainboxconsultingig-dev-note-fo33517d96",
      "instances" : 1,
      "buildpack" : "nodejs_buildpack",
      "default-host" : "brainbox-consulting-bv-brainboxconsultingig-dev-note-fo33517d96",
      "app-name" : "note-for-approval-db-deployer",
      "default-live-uri" : "brainbox-consulting-bv-brainboxconsultingig-dev-note-fo33517d96.cfapps.eu10-005.hana.ondemand.com",
      "protocol" : "https",
      "default-live-app-name" : "note-for-approval-db-deployer",
      "default-live-domain" : "cfapps.eu10-005.hana.ondemand.com",
      "dependency-type" : "hard",
      "domain" : "cfapps.eu10-005.hana.ondemand.com",
      "host" : "brainbox-consulting-bv-brainboxconsultingig-dev-note-fo33517d96",
      "generated-user" : "********",
      "tasks" : [ {
        "command" : "npm start",
        "memory" : "256M",
        "name" : "deploy"
      } ],
      "no-start" : true
    },
    "requiredDependencies" : [ {
      "majorSchemaVersion" : 3,
      "name" : "note-for-approval-db",
      "properties" : { },
      "parameters" : { },
      "propertiesMetadata" : {
        "metadata" : { }
      },
      "parametersMetadata" : {
        "metadata" : { }
      }
    } ],
    "providedDependencies" : [ {
      "majorSchemaVersion" : 3,
      "name" : "note-for-approval-db-deployer",
      "isPublic" : false,
      "properties" : { },
      "parameters" : { },
      "propertiesMetadata" : {
        "metadata" : { }
      },
      "parametersMetadata" : {
        "metadata" : { }
      }
    } ],
    "propertiesMetadata" : {
      "metadata" : { }
    },
    "parametersMetadata" : {
      "metadata" : { }
    },
    "hooks" : [ ]
  }, {
    "majorSchemaVersion" : 3,
    "name" : "note-for-approval",
    "type" : "javascript.nodejs",
    "path" : "note-for-approval",
    "properties" : { },
    "parameters" : {
      "default-url" : "https://brainbox-consulting-bv-brainboxconsultingig-dev-note-fo1ef357a0.cfapps.eu10-005.hana.ondemand.com",
      "default-app-name" : "note-for-approval",
      "generated-password" : "********",
      "default-live-url" : "https://brainbox-consulting-bv-brainboxconsultingig-dev-note-fo1ef357a0.cfapps.eu10-005.hana.ondemand.com",
      "default-uri" : "brainbox-consulting-bv-brainboxconsultingig-dev-note-fo1ef357a0.cfapps.eu10-005.hana.ondemand.com",
      "memory" : "256M",
      "default-instances" : 1,
      "default-live-host" : "brainbox-consulting-bv-brainboxconsultingig-dev-note-fo1ef357a0",
      "instances" : 1,
      "default-host" : "brainbox-consulting-bv-brainboxconsultingig-dev-note-fo1ef357a0",
      "keep-existing-routes" : true,
      "app-name" : "note-for-approval",
      "default-live-uri" : "brainbox-consulting-bv-brainboxconsultingig-dev-note-fo1ef357a0.cfapps.eu10-005.hana.ondemand.com",
      "protocol" : "https",
      "default-live-app-name" : "note-for-approval",
      "default-live-domain" : "cfapps.eu10-005.hana.ondemand.com",
      "disk-quota" : "256M",
      "domain" : "cfapps.eu10-005.hana.ondemand.com",
      "host" : "brainbox-consulting-bv-brainboxconsultingig-dev-note-fo1ef357a0",
      "generated-user" : "********"
    },
    "requiredDependencies" : [ {
      "majorSchemaVersion" : 3,
      "name" : "srv-api",
      "group" : "destinations",
      "properties" : {
        "name" : "srv-api",
        "forwardAuthToken" : "********",
        "url" : "https://brainbox-consulting-bv-brainboxconsultingig-dev-note-fo4054ba4a.cfapps.eu10-005.hana.ondemand.com"
      },
      "parameters" : { },
      "propertiesMetadata" : {
        "metadata" : { }
      },
      "parametersMetadata" : {
        "metadata" : { }
      }
    }, {
      "majorSchemaVersion" : 3,
      "name" : "note-for-approval-html5-runtime",
      "properties" : { },
      "parameters" : { },
      "propertiesMetadata" : {
        "metadata" : { }
      },
      "parametersMetadata" : {
        "metadata" : { }
      }
    } ],
    "providedDependencies" : [ {
      "majorSchemaVersion" : 3,
      "name" : "app-api",
      "isPublic" : false,
      "properties" : {
        "app-protocol" : "https",
        "app-uri" : "brainbox-consulting-bv-brainboxconsultingig-dev-note-fo1ef357a0.cfapps.eu10-005.hana.ondemand.com"
      },
      "parameters" : { },
      "propertiesMetadata" : {
        "metadata" : { }
      },
      "parametersMetadata" : {
        "metadata" : { }
      }
    }, {
      "majorSchemaVersion" : 3,
      "name" : "note-for-approval",
      "isPublic" : false,
      "properties" : { },
      "parameters" : { },
      "propertiesMetadata" : {
        "metadata" : { }
      },
      "parametersMetadata" : {
        "metadata" : { }
      }
    } ],
    "propertiesMetadata" : {
      "metadata" : { }
    },
    "parametersMetadata" : {
      "metadata" : { }
    },
    "hooks" : [ ]
  } ],
  "resources" : [ {
    "majorSchemaVersion" : 3,
    "name" : "note-for-approval-repo-host",
    "type" : "org.cloudfoundry.managed-service",
    "properties" : { },
    "parameters" : {
      "generated-password" : "********",
      "service-name" : "note-for-approval-html5-service",
      "service-plan" : "app-host",
      "service" : "html5-apps-repo",
      "generated-user" : "********",
      "default-xsappname" : "note-for-approval-repo-host",
      "type" : "managed-service",
      "default-service-name" : "note-for-approval-repo-host",
      "default-container-name" : "BRAINBOX_CONSULTING_BV_BRAINBOXCONSULTINGIG_DEV_NOTE_FOR794BA098"
    },
    "isActive" : true,
    "isOptional" : false,
    "propertiesMetadata" : {
      "metadata" : { }
    },
    "parametersMetadata" : {
      "metadata" : { }
    },
    "requiredDependencies" : [ ],
    "processedAfter" : [ ]
  }, {
    "majorSchemaVersion" : 3,
    "name" : "note-for-approval-html5-runtime",
    "type" : "org.cloudfoundry.managed-service",
    "properties" : { },
    "parameters" : {
      "generated-password" : "********",
      "service-name" : "note-for-approval-html5-runtime",
      "service-plan" : "app-runtime",
      "service" : "html5-apps-repo",
      "generated-user" : "********",
      "default-xsappname" : "note-for-approval-html5-runtime",
      "type" : "managed-service",
      "default-service-name" : "note-for-approval-html5-runtime",
      "default-container-name" : "BRAINBOX_CONSULTING_BV_BRAINBOXCONSULTINGIG_DEV_NOTE_FOR77D661F6"
    },
    "isActive" : true,
    "isOptional" : false,
    "propertiesMetadata" : {
      "metadata" : { }
    },
    "parametersMetadata" : {
      "metadata" : { }
    },
    "requiredDependencies" : [ ],
    "processedAfter" : [ ]
  }, {
    "majorSchemaVersion" : 3,
    "name" : "note-for-approval-destination-service",
    "type" : "org.cloudfoundry.managed-service",
    "properties" : { },
    "parameters" : {
      "generated-password" : "********",
      "service-name" : "note-for-approval-destination-service",
      "service-plan" : "lite",
      "service" : "destination",
      "generated-user" : "********",
      "default-xsappname" : "note-for-approval-destination-service",
      "type" : "managed-service",
      "config" : {
        "HTML5Runtime_enabled" : false,
        "init_data" : {
          "instance" : {
            "destinations" : [ {
              "Authentication" : "********",
              "Name" : "ui5",
              "ProxyType" : "Internet",
              "Type" : "HTTP",
              "URL" : "https://ui5.sap.com"
            } ],
            "existing_destinations_policy" : "update"
          }
        },
        "version" : "1.0.0"
      },
      "default-service-name" : "note-for-approval-destination-service",
      "default-container-name" : "BRAINBOX_CONSULTING_BV_BRAINBOXCONSULTINGIG_DEV_NOTE_FOR11A5BC97"
    },
    "isActive" : true,
    "isOptional" : false,
    "propertiesMetadata" : {
      "metadata" : { }
    },
    "parametersMetadata" : {
      "metadata" : { }
    },
    "requiredDependencies" : [ ],
    "processedAfter" : [ ]
  }, {
    "majorSchemaVersion" : 3,
    "name" : "note-for-approval-db",
    "type" : "com.sap.xs.hdi-container",
    "properties" : { },
    "parameters" : {
      "generated-password" : "********",
      "service-name" : "note-for-approval-db",
      "service-plan" : "hdi-shared",
      "service" : "hana",
      "generated-user" : "********",
      "default-xsappname" : "note-for-approval-db",
      "type" : "managed-service",
      "default-service-name" : "note-for-approval-db",
      "default-container-name" : "BRAINBOX_CONSULTING_BV_BRAINBOXCONSULTINGIG_DEV_NOTE_FOR712E6D35"
    },
    "isActive" : true,
    "isOptional" : false,
    "propertiesMetadata" : {
      "metadata" : { }
    },
    "parametersMetadata" : {
      "metadata" : { }
    },
    "requiredDependencies" : [ ],
    "processedAfter" : [ ]
  } ],
  "parameters" : {
    "deploy_mode" : "html5-repo",
    "mta-id" : "note-for-approval",
    "authorization-url" : "********",
    "org-guid" : "f75518ee-c52e-4c0f-8577-d43c69acffc3",
    "org" : "BrainBox Consulting BV_BrainboxConsultingIG",
    "deploy-target" : "BrainBox Consulting BV_BrainboxConsultingIG dev",
    "enable-parallel-deployments" : true,
    "region-primary-domain" : "eu10.hana.ondemand.com",
    "space" : "dev",
    "region-domain" : "eu10-005.hana.ondemand.com",
    "xs-api-url" : "https://api.cf.eu10-005.hana.ondemand.com",
    "deploy-url" : "deploy-service.cfapps.eu10-005.hana.ondemand.com",
    "xs-type" : "CF",
    "default-domain" : "cfapps.eu10-005.hana.ondemand.com",
    "mta-version" : "1.0.0",
    "xs-auth-url" : "********",
    "space-guid" : "68e32ac3-8ca0-48aa-af92-b0c9129360d2",
    "user" : "********",
    "controller-url" : "https://api.cf.eu10-005.hana.ondemand.com",
    "timestamp" : "20260911071621"
  },
  "parametersMetadata" : {
    "metadata" : { }
  }
}#
#2026 09 11 07:16:34.717#Z#DEBUG#b0b272a9-adb0-11f1-ab12-eeee0a941739.OPERATION#flowable-async-job-executor-thread-82302#
[ProcessDescriptorStep] Merged descriptor properties and parameters resolved#
#2026 09 11 07:16:34.717#Z#DEBUG#b0b272a9-adb0-11f1-ab12-eeee0a941739.OPERATION#flowable-async-job-executor-thread-82302#
Step "Re-Process Descriptor Step" finished#
#2026 09 11 07:16:34.739#Z#DEBUG#b0b272a9-adb0-11f1-ab12-eeee0a941739.OPERATION#flowable-async-job-executor-thread-82303#
[BuildApplicationDeployModelStep] Executing task "buildApplicationDeployModelTask" of process "b88132b2-adb0-11f1-8864-eeee0a8ca0de"...#
#2026 09 11 07:16:34.740#Z#DEBUG#b0b272a9-adb0-11f1-ab12-eeee0a941739.OPERATION#flowable-async-job-executor-thread-82303#
[BuildApplicationDeployModelStep] Building cloud deployment model for application "note-for-approval"...#
#2026 09 11 07:16:34.743#Z#DEBUG#b0b272a9-adb0-11f1-ab12-eeee0a941739.OPERATION#flowable-async-job-executor-thread-82303#
[BuildApplicationDeployModelStep] Getting routes for application "00415b23-d656-42e4-9089-360c286d1f4f"...#
#2026 09 11 07:16:34.772#Z#DEBUG#b0b272a9-adb0-11f1-ab12-eeee0a941739.OPERATION#flowable-async-job-executor-thread-82303#
[BuildApplicationDeployModelStep] No health-check-type is specified. Setting default type: port#
#2026 09 11 07:16:34.772#Z#INFO#b0b272a9-adb0-11f1-ab12-eeee0a941739.OPERATION#flowable-async-job-executor-thread-82303#
[BuildApplicationDeployModelStep] Building configuration entries for org BrainBox Consulting BV_BrainboxConsultingIG, space dev, spaceId 68e32ac3-8ca0-48aa-af92-b0c9129360d2 and namespace null!#
#2026 09 11 07:16:34.773#Z#DEBUG#b0b272a9-adb0-11f1-ab12-eeee0a941739.OPERATION#flowable-async-job-executor-thread-82303#
[BuildApplicationDeployModelStep] Configuration entries to publish: [ ]#
#2026 09 11 07:16:34.773#Z#DEBUG#b0b272a9-adb0-11f1-ab12-eeee0a941739.OPERATION#flowable-async-job-executor-thread-82303#
[BuildApplicationDeployModelStep] Cloud deployment model for application built#
#2026 09 11 07:16:34.773#Z#DEBUG#b0b272a9-adb0-11f1-ab12-eeee0a941739.OPERATION#flowable-async-job-executor-thread-82303#
Step "Build Application Deploy Model" finished#
#2026 09 11 07:16:34.691#Z#DEBUG#b0b272a9-adb0-11f1-ab12-eeee0a941739.OPERATION#flowable-async-job-executor-thread-82301#
[CheckServiceBindingOperationStep] Executing task "checkForServiceBindingOperationInProgress" of process "b882444a-adb0-11f1-8864-eeee0a8ca0de"...#
#2026 09 11 07:16:34.691#Z#DEBUG#b0b272a9-adb0-11f1-ab12-eeee0a941739.OPERATION#flowable-async-job-executor-thread-82301#
[CheckServiceBindingOperationStep] Checking for service binding operation in progress between app "note-for-approval-srv" and service instance "note-for-approval-db"#
#2026 09 11 07:16:34.691#Z#DEBUG#b0b272a9-adb0-11f1-ab12-eeee0a941739.OPERATION#flowable-async-job-executor-thread-82301#
[CheckServiceBindingOperationStep] Getting application guid "note-for-approval-srv"...#
#2026 09 11 07:16:34.719#Z#DEBUG#b0b272a9-adb0-11f1-ab12-eeee0a941739.OPERATION#flowable-async-job-executor-thread-82301#
[CheckServiceBindingOperationStep] Getting GUID of required service instance "note-for-approval-db"...#
#2026 09 11 07:16:34.759#Z#DEBUG#b0b272a9-adb0-11f1-ab12-eeee0a941739.OPERATION#flowable-async-job-executor-thread-82301#
[CheckServiceBindingOperationStep] Getting binding of service instance "3cda08d7-bd8d-45de-a8e6-41a33d7f1e28" with application "7037cbc0-f596-4751-ad38-f95db4aad153"...#
#2026 09 11 07:16:34.795#Z#DEBUG#b0b272a9-adb0-11f1-ab12-eeee0a941739.OPERATION#flowable-async-job-executor-thread-82301#
[CheckServiceBindingOperationStep] Service binding operation "9355b338-c382-4021-8b2e-858df1dafa16" with type "create" is in state "succeeded"#
#2026 09 11 07:16:34.795#Z#DEBUG#b0b272a9-adb0-11f1-ab12-eeee0a941739.OPERATION#flowable-async-job-executor-thread-82301#
Step "Check For Service Binding Operation In Progress" finished#
#2026 09 11 07:16:34.621#Z#DEBUG#b0b272a9-adb0-11f1-ab12-eeee0a941739.OPERATION#flowable-async-job-executor-thread-31295#
[BuildContentDeploymentConfigurationStep] Executing task "buildContentDeploymentConfigurationTask" of process "b87328c4-adb0-11f1-a909-eeee0a8e4516"...#
#2026 09 11 07:16:34.627#Z#DEBUG#b0b272a9-adb0-11f1-ab12-eeee0a941739.OPERATION#flowable-async-job-executor-thread-31295#
[BuildContentDeploymentConfigurationStep] Getting service key "note-for-approval-app-content-note-for-approval-repo-host-credentials" for service instance "note-for-approval-html5-service"...#
#2026 09 11 07:16:34.799#Z#INFO#b0b272a9-adb0-11f1-ab12-eeee0a941739.OPERATION#flowable-async-job-executor-thread-31295#
[BuildContentDeploymentConfigurationStep] Service key "note-for-approval-app-content-note-for-approval-repo-host-credentials" for service "note-for-approval-html5-service" already exists#
#2026 09 11 07:16:34.805#Z#DEBUG#b0b272a9-adb0-11f1-ab12-eeee0a941739.OPERATION#flowable-async-job-executor-thread-31295#
Step "Build Content Deployment Configuration" finished#
#2026 09 11 07:16:34.750#Z#DEBUG#b0b272a9-adb0-11f1-ab12-eeee0a941739.OPERATION#flowable-async-job-executor-thread-29930#
[CheckServiceBindingOperationStep] Executing task "checkForServiceBindingOperationInProgress" of process "b88a5a62-adb0-11f1-9a30-eeee0a8fa52c"...#
#2026 09 11 07:16:34.751#Z#DEBUG#b0b272a9-adb0-11f1-ab12-eeee0a941739.OPERATION#flowable-async-job-executor-thread-29930#
[CheckServiceBindingOperationStep] Checking for service binding operation in progress between app "note-for-approval-db-deployer" and service instance "note-for-approval-db"#
#2026 09 11 07:16:34.751#Z#DEBUG#b0b272a9-adb0-11f1-ab12-eeee0a941739.OPERATION#flowable-async-job-executor-thread-29930#
[CheckServiceBindingOperationStep] Getting application guid "note-for-approval-db-deployer"...#
#2026 09 11 07:16:34.775#Z#DEBUG#b0b272a9-adb0-11f1-ab12-eeee0a941739.OPERATION#flowable-async-job-executor-thread-29930#
[CheckServiceBindingOperationStep] Getting GUID of required service instance "note-for-approval-db"...#
#2026 09 11 07:16:34.810#Z#DEBUG#b0b272a9-adb0-11f1-ab12-eeee0a941739.OPERATION#flowable-async-job-executor-thread-29930#
[CheckServiceBindingOperationStep] Getting binding of service instance "3cda08d7-bd8d-45de-a8e6-41a33d7f1e28" with application "cfa7ca5e-15f8-47db-8f56-b1eb52c10373"...#
#2026 09 11 07:16:34.847#Z#DEBUG#b0b272a9-adb0-11f1-ab12-eeee0a941739.OPERATION#flowable-async-job-executor-thread-29930#
[CheckServiceBindingOperationStep] Service binding operation "dda41f67-572f-4037-829d-204e5d11c0ad" with type "create" is in state "succeeded"#
#2026 09 11 07:16:34.847#Z#DEBUG#b0b272a9-adb0-11f1-ab12-eeee0a941739.OPERATION#flowable-async-job-executor-thread-29930#
Step "Check For Service Binding Operation In Progress" finished#
#2026 09 11 07:16:34.810#Z#DEBUG#b0b272a9-adb0-11f1-ab12-eeee0a941739.OPERATION#flowable-async-job-executor-thread-31295#
[CreateContentDeployClientConfigurationStep] Executing task "createContentDeployClientConfigurationTask" of process "b898d94a-adb0-11f1-a909-eeee0a8e4516"...#
#2026 09 11 07:16:34.810#Z#DEBUG#b0b272a9-adb0-11f1-ab12-eeee0a941739.OPERATION#flowable-async-job-executor-thread-31295#
[CreateContentDeployClientConfigurationStep] Content deployer client configuration: {
  "contentDeployerUrl" : "https://html5-apps-repo-dt.cfapps.eu10.hana.ondemand.com",
  "uaaClientConfiguration" : {
    "url" : "********",
    "credentials" : "********",
    "authenticationStrategyType" : "********"
  },
  "httpRequestHeaders" : {
    "X-CorrelationID" : "b0b272a9-adb0-11f1-ab12-eeee0a941739"
  },
  "spaceId" : "68e32ac3-8ca0-48aa-af92-b0c9129360d2",
  "serviceName" : "note-for-approval-repo-host"
}#
#2026 09 11 07:16:35.058#Z#DEBUG#b0b272a9-adb0-11f1-ab12-eeee0a941739.OPERATION#flowable-async-job-executor-thread-31295#
Step "Create Content Deploy Client Configuration" finished#
#2026 09 11 07:16:35.059#Z#DEBUG#b0b272a9-adb0-11f1-ab12-eeee0a941739.OPERATION#flowable-async-job-executor-thread-31295#
[GetContentFromDeploymentDescriptorStep] Executing task "getContentFromDeploymentDescriptorTask" of process "b898d94a-adb0-11f1-a909-eeee0a8e4516"...#
#2026 09 11 07:16:35.059#Z#DEBUG#b0b272a9-adb0-11f1-ab12-eeee0a941739.OPERATION#flowable-async-job-executor-thread-31295#
Step "Get Content From Deployment Descriptor" finished#
#2026 09 11 07:16:34.817#Z#DEBUG#b0b272a9-adb0-11f1-ab12-eeee0a941739.OPERATION#flowable-async-job-executor-thread-82305#
[DetermineApplicationServiceBindingActionsStep] Executing task "determineApplicationServiceBindingActionsTask" of process "b882444a-adb0-11f1-8864-eeee0a8ca0de"...#
#2026 09 11 07:16:34.819#Z#DEBUG#b0b272a9-adb0-11f1-ab12-eeee0a941739.OPERATION#flowable-async-job-executor-thread-82305#
[DetermineApplicationServiceBindingActionsStep] Determine bind/unbind operations of application "note-for-approval-srv" to service instance "note-for-approval-db"#
#2026 09 11 07:16:34.819#Z#DEBUG#b0b272a9-adb0-11f1-ab12-eeee0a941739.OPERATION#flowable-async-job-executor-thread-82305#
[DetermineApplicationServiceBindingActionsStep] Getting application "note-for-approval-srv"...#
#2026 09 11 07:16:34.858#Z#DEBUG#b0b272a9-adb0-11f1-ab12-eeee0a941739.OPERATION#flowable-async-job-executor-thread-82305#
[DetermineApplicationServiceBindingActionsStep] Binding parameters for application "note-for-approval-srv": { }#
#2026 09 11 07:16:34.897#Z#DEBUG#b0b272a9-adb0-11f1-ab12-eeee0a941739.OPERATION#flowable-async-job-executor-thread-82305#
[DetermineApplicationServiceBindingActionsStep] Check should rebind application "note-for-approval-srv" and service instance "note-for-approval-db"#
#2026 09 11 07:16:34.897#Z#DEBUG#b0b272a9-adb0-11f1-ab12-eeee0a941739.OPERATION#flowable-async-job-executor-thread-82305#
[DetermineApplicationServiceBindingActionsStep] Getting GUID of required service instance "note-for-approval-db"...#
#2026 09 11 07:16:34.937#Z#DEBUG#b0b272a9-adb0-11f1-ab12-eeee0a941739.OPERATION#flowable-async-job-executor-thread-82305#
[DetermineApplicationServiceBindingActionsStep] Getting binding of service instance "3cda08d7-bd8d-45de-a8e6-41a33d7f1e28" with application "7037cbc0-f596-4751-ad38-f95db4aad153"...#
#2026 09 11 07:16:34.976#Z#DEBUG#b0b272a9-adb0-11f1-ab12-eeee0a941739.OPERATION#flowable-async-job-executor-thread-82305#
[DetermineApplicationServiceBindingActionsStep] Getting parameters of service binding "9355b338-c382-4021-8b2e-858df1dafa16"...#
#2026 09 11 07:16:35.226#Z#INFO#b0b272a9-adb0-11f1-ab12-eeee0a941739.OPERATION#flowable-async-job-executor-thread-82305#
[DetermineApplicationServiceBindingActionsStep] Service instance "note-for-approval-db" will not be rebound to application "note-for-approval-srv" because the binding parameters are not modified#
#2026 09 11 07:16:35.230#Z#DEBUG#b0b272a9-adb0-11f1-ab12-eeee0a941739.OPERATION#flowable-async-job-executor-thread-82305#
[DetermineApplicationServiceBindingActionsStep] Calculated binding operations between application "note-for-approval-srv" and service instance "note-for-approval-db": unbind - false bind - false#
#2026 09 11 07:16:35.230#Z#DEBUG#b0b272a9-adb0-11f1-ab12-eeee0a941739.OPERATION#flowable-async-job-executor-thread-82305#
Step "Determine Application Service Binding Actions" finished#
#2026 09 11 07:16:34.802#Z#DEBUG#b0b272a9-adb0-11f1-ab12-eeee0a941739.OPERATION#flowable-async-job-executor-thread-82304#
[CreateOrUpdateAppStep] Executing task "createAppTask" of process "b88132b2-adb0-11f1-8864-eeee0a8ca0de"...#
#2026 09 11 07:16:34.803#Z#DEBUG#b0b272a9-adb0-11f1-ab12-eeee0a941739.OPERATION#flowable-async-job-executor-thread-82304#
[CreateOrUpdateAppStep] Getting application "note-for-approval"...#
#2026 09 11 07:16:34.841#Z#INFO#b0b272a9-adb0-11f1-ab12-eeee0a941739.OPERATION#flowable-async-job-executor-thread-82304#
[CreateOrUpdateAppStep] Updating application "note-for-approval"...#
#2026 09 11 07:16:34.845#Z#DEBUG#b0b272a9-adb0-11f1-ab12-eeee0a941739.OPERATION#flowable-async-job-executor-thread-82304#
[CreateOrUpdateAppStep] Getting process for application "00415b23-d656-42e4-9089-360c286d1f4f"...#
#2026 09 11 07:16:34.887#Z#DEBUG#b0b272a9-adb0-11f1-ab12-eeee0a941739.OPERATION#flowable-async-job-executor-thread-82304#
[CreateOrUpdateAppStep] Getting routes for application "00415b23-d656-42e4-9089-360c286d1f4f"...#
#2026 09 11 07:16:34.933#Z#DEBUG#b0b272a9-adb0-11f1-ab12-eeee0a941739.OPERATION#flowable-async-job-executor-thread-82304#
[CreateOrUpdateAppStep] Getting features for application "00415b23-d656-42e4-9089-360c286d1f4f"#
#2026 09 11 07:16:34.967#Z#DEBUG#b0b272a9-adb0-11f1-ab12-eeee0a941739.OPERATION#flowable-async-job-executor-thread-82304#
[CreateOrUpdateAppStep] Updating staging of application "note-for-approval" to: {
  "buildpacks" : [ ],
  "healthCheckType" : "port",
  "appFeatures" : { }
}#
#2026 09 11 07:16:35.199#Z#DEBUG#b0b272a9-adb0-11f1-ab12-eeee0a941739.OPERATION#flowable-async-job-executor-thread-82304#
[CreateOrUpdateAppStep] Application "note-for-approval" updated#
#2026 09 11 07:16:35.199#Z#DEBUG#b0b272a9-adb0-11f1-ab12-eeee0a941739.OPERATION#flowable-async-job-executor-thread-82304#
[CreateOrUpdateAppStep] Getting environment of application "00415b23-d656-42e4-9089-360c286d1f4f"...#
#2026 09 11 07:16:35.261#Z#DEBUG#b0b272a9-adb0-11f1-ab12-eeee0a941739.OPERATION#flowable-async-job-executor-thread-82304#
[CreateOrUpdateAppStep] Application "note-for-approval" updated#
#2026 09 11 07:16:35.261#Z#DEBUG#b0b272a9-adb0-11f1-ab12-eeee0a941739.OPERATION#flowable-async-job-executor-thread-82304#
Step "Create App" finished#
#2026 09 11 07:16:34.875#Z#DEBUG#b0b272a9-adb0-11f1-ab12-eeee0a941739.OPERATION#flowable-async-job-executor-thread-29931#
[DetermineApplicationServiceBindingActionsStep] Executing task "determineApplicationServiceBindingActionsTask" of process "b88a5a62-adb0-11f1-9a30-eeee0a8fa52c"...#
#2026 09 11 07:16:34.877#Z#DEBUG#b0b272a9-adb0-11f1-ab12-eeee0a941739.OPERATION#flowable-async-job-executor-thread-29931#
[DetermineApplicationServiceBindingActionsStep] Determine bind/unbind operations of application "note-for-approval-db-deployer" to service instance "note-for-approval-db"#
#2026 09 11 07:16:34.877#Z#DEBUG#b0b272a9-adb0-11f1-ab12-eeee0a941739.OPERATION#flowable-async-job-executor-thread-29931#
[DetermineApplicationServiceBindingActionsStep] Getting application "note-for-approval-db-deployer"...#
#2026 09 11 07:16:34.909#Z#DEBUG#b0b272a9-adb0-11f1-ab12-eeee0a941739.OPERATION#flowable-async-job-executor-thread-29931#
[DetermineApplicationServiceBindingActionsStep] Binding parameters for application "note-for-approval-db-deployer": { }#
#2026 09 11 07:16:34.942#Z#DEBUG#b0b272a9-adb0-11f1-ab12-eeee0a941739.OPERATION#flowable-async-job-executor-thread-29931#
[DetermineApplicationServiceBindingActionsStep] Check should rebind application "note-for-approval-db-deployer" and service instance "note-for-approval-db"#
#2026 09 11 07:16:34.942#Z#DEBUG#b0b272a9-adb0-11f1-ab12-eeee0a941739.OPERATION#flowable-async-job-executor-thread-29931#
[DetermineApplicationServiceBindingActionsStep] Getting GUID of required service instance "note-for-approval-db"...#
#2026 09 11 07:16:34.991#Z#DEBUG#b0b272a9-adb0-11f1-ab12-eeee0a941739.OPERATION#flowable-async-job-executor-thread-29931#
[DetermineApplicationServiceBindingActionsStep] Getting binding of service instance "3cda08d7-bd8d-45de-a8e6-41a33d7f1e28" with application "cfa7ca5e-15f8-47db-8f56-b1eb52c10373"...#
#2026 09 11 07:16:35.033#Z#DEBUG#b0b272a9-adb0-11f1-ab12-eeee0a941739.OPERATION#flowable-async-job-executor-thread-29931#
[DetermineApplicationServiceBindingActionsStep] Getting parameters of service binding "dda41f67-572f-4037-829d-204e5d11c0ad"...#
#2026 09 11 07:16:35.259#Z#INFO#b0b272a9-adb0-11f1-ab12-eeee0a941739.OPERATION#flowable-async-job-executor-thread-29931#
[DetermineApplicationServiceBindingActionsStep] Service instance "note-for-approval-db" will not be rebound to application "note-for-approval-db-deployer" because the binding parameters are not modified#
#2026 09 11 07:16:35.264#Z#DEBUG#b0b272a9-adb0-11f1-ab12-eeee0a941739.OPERATION#flowable-async-job-executor-thread-29931#
[DetermineApplicationServiceBindingActionsStep] Calculated binding operations between application "note-for-approval-db-deployer" and service instance "note-for-approval-db": unbind - false bind - false#
#2026 09 11 07:16:35.264#Z#DEBUG#b0b272a9-adb0-11f1-ab12-eeee0a941739.OPERATION#flowable-async-job-executor-thread-29931#
Step "Determine Application Service Binding Actions" finished#
#2026 09 11 07:16:35.308#Z#DEBUG#b0b272a9-adb0-11f1-ab12-eeee0a941739.OPERATION#flowable-async-job-executor-thread-82308#
[DetermineVcapServicesPropertiesChangedStep] Executing task "determineVcapServicesPropertiesChangedTask" of process "b8e01b00-adb0-11f1-8864-eeee0a8ca0de"...#
#2026 09 11 07:16:35.310#Z#DEBUG#b0b272a9-adb0-11f1-ab12-eeee0a941739.OPERATION#flowable-async-job-executor-thread-82308#
[DetermineVcapServicesPropertiesChangedStep] VCAP_SERVICES properties for application "note-for-approval-srv" changed: false#
#2026 09 11 07:16:35.310#Z#DEBUG#b0b272a9-adb0-11f1-ab12-eeee0a941739.OPERATION#flowable-async-job-executor-thread-82308#
Step "Determine vcap services properties changed" finished#
#2026 09 11 07:16:35.384#Z#DEBUG#b0b272a9-adb0-11f1-ab12-eeee0a941739.OPERATION#flowable-async-job-executor-thread-29933#
[DetermineVcapServicesPropertiesChangedStep] Executing task "determineVcapServicesPropertiesChangedTask" of process "b8e9917c-adb0-11f1-9a30-eeee0a8fa52c"...#
#2026 09 11 07:16:35.386#Z#DEBUG#b0b272a9-adb0-11f1-ab12-eeee0a941739.OPERATION#flowable-async-job-executor-thread-29933#
[DetermineVcapServicesPropertiesChangedStep] VCAP_SERVICES properties for application "note-for-approval-db-deployer" changed: false#
#2026 09 11 07:16:35.386#Z#DEBUG#b0b272a9-adb0-11f1-ab12-eeee0a941739.OPERATION#flowable-async-job-executor-thread-29933#
Step "Determine vcap services properties changed" finished#
#2026 09 11 07:16:35.332#Z#DEBUG#b0b272a9-adb0-11f1-ab12-eeee0a941739.OPERATION#flowable-async-job-executor-thread-82310#
[CheckServiceBindingOperationStep] Executing task "checkForServiceBindingOperationInProgress" of process "b8e460e7-adb0-11f1-8864-eeee0a8ca0de"...#
#2026 09 11 07:16:35.332#Z#DEBUG#b0b272a9-adb0-11f1-ab12-eeee0a941739.OPERATION#flowable-async-job-executor-thread-82310#
[CheckServiceBindingOperationStep] Checking for service binding operation in progress between app "note-for-approval" and service instance "note-for-approval-html5-runtime"#
#2026 09 11 07:16:35.333#Z#DEBUG#b0b272a9-adb0-11f1-ab12-eeee0a941739.OPERATION#flowable-async-job-executor-thread-82310#
[CheckServiceBindingOperationStep] Getting application guid "note-for-approval"...#
#2026 09 11 07:16:35.368#Z#DEBUG#b0b272a9-adb0-11f1-ab12-eeee0a941739.OPERATION#flowable-async-job-executor-thread-82310#
[CheckServiceBindingOperationStep] Getting GUID of required service instance "note-for-approval-html5-runtime"...#
#2026 09 11 07:16:35.400#Z#DEBUG#b0b272a9-adb0-11f1-ab12-eeee0a941739.OPERATION#flowable-async-job-executor-thread-82310#
[CheckServiceBindingOperationStep] Getting binding of service instance "7d72db8e-eb9e-477c-a62a-92e4416d38d2" with application "00415b23-d656-42e4-9089-360c286d1f4f"...#
#2026 09 11 07:16:35.431#Z#DEBUG#b0b272a9-adb0-11f1-ab12-eeee0a941739.OPERATION#flowable-async-job-executor-thread-82310#
[CheckServiceBindingOperationStep] Service binding operation "f8829003-e72d-42a5-b313-5e5c3397ff74" with type "create" is in state "succeeded"#
#2026 09 11 07:16:35.431#Z#DEBUG#b0b272a9-adb0-11f1-ab12-eeee0a941739.OPERATION#flowable-async-job-executor-thread-82310#
Step "Check For Service Binding Operation In Progress" finished#
#2026 09 11 07:16:35.417#Z#DEBUG#b0b272a9-adb0-11f1-ab12-eeee0a941739.OPERATION#flowable-async-job-executor-thread-29934#
[UploadAppStep] Executing task "uploadAppTask" of process "b8e9917c-adb0-11f1-9a30-eeee0a8fa52c"...#
#2026 09 11 07:16:35.419#Z#DEBUG#b0b272a9-adb0-11f1-ab12-eeee0a941739.OPERATION#flowable-async-job-executor-thread-29934#
[UploadAppStep] Application upload timeout is default one: 3,600 seconds#
#2026 09 11 07:16:35.419#Z#INFO#b0b272a9-adb0-11f1-ab12-eeee0a941739.OPERATION#flowable-async-job-executor-thread-29934#
[UploadAppStep] Uploading application "note-for-approval-db-deployer"...#
#2026 09 11 07:16:35.426#Z#DEBUG#b0b272a9-adb0-11f1-ab12-eeee0a941739.OPERATION#flowable-async-job-executor-thread-29934#
[UploadAppStep] Getting application "note-for-approval-db-deployer"...#
#2026 09 11 07:16:35.455#Z#DEBUG#b0b272a9-adb0-11f1-ab12-eeee0a941739.OPERATION#flowable-async-job-executor-thread-29934#
[UploadAppStep] Getting environment of application "cfa7ca5e-15f8-47db-8f56-b1eb52c10373"...#
#2026 09 11 07:16:35.484#Z#INFO#b0b272a9-adb0-11f1-ab12-eeee0a941739.OPERATION#flowable-async-job-executor-thread-29934#
[UploadAppStep] Calculating application digest: "note-for-approval-db-deployer"#
#2026 09 11 07:16:35.540#Z#DEBUG#b0b272a9-adb0-11f1-ab12-eeee0a941739.OPERATION#flowable-async-job-executor-thread-29934#
Step "Upload App" finished#
#2026 09 11 07:16:35.453#Z#DEBUG#b0b272a9-adb0-11f1-ab12-eeee0a941739.OPERATION#flowable-async-job-executor-thread-82311#
[DetermineApplicationServiceBindingActionsStep] Executing task "determineApplicationServiceBindingActionsTask" of process "b8e460e7-adb0-11f1-8864-eeee0a8ca0de"...#
#2026 09 11 07:16:35.455#Z#DEBUG#b0b272a9-adb0-11f1-ab12-eeee0a941739.OPERATION#flowable-async-job-executor-thread-82311#
[DetermineApplicationServiceBindingActionsStep] Determine bind/unbind operations of application "note-for-approval" to service instance "note-for-approval-html5-runtime"#
#2026 09 11 07:16:35.455#Z#DEBUG#b0b272a9-adb0-11f1-ab12-eeee0a941739.OPERATION#flowable-async-job-executor-thread-82311#
[DetermineApplicationServiceBindingActionsStep] Getting application "note-for-approval"...#
#2026 09 11 07:16:35.489#Z#DEBUG#b0b272a9-adb0-11f1-ab12-eeee0a941739.OPERATION#flowable-async-job-executor-thread-82311#
[DetermineApplicationServiceBindingActionsStep] Binding parameters for application "note-for-approval": { }#
#2026 09 11 07:16:35.528#Z#DEBUG#b0b272a9-adb0-11f1-ab12-eeee0a941739.OPERATION#flowable-async-job-executor-thread-82311#
[DetermineApplicationServiceBindingActionsStep] Check should rebind application "note-for-approval" and service instance "note-for-approval-html5-runtime"#
#2026 09 11 07:16:35.528#Z#DEBUG#b0b272a9-adb0-11f1-ab12-eeee0a941739.OPERATION#flowable-async-job-executor-thread-82311#
[DetermineApplicationServiceBindingActionsStep] Getting GUID of required service instance "note-for-approval-html5-runtime"...#
#2026 09 11 07:16:35.559#Z#DEBUG#b0b272a9-adb0-11f1-ab12-eeee0a941739.OPERATION#flowable-async-job-executor-thread-82311#
[DetermineApplicationServiceBindingActionsStep] Getting binding of service instance "7d72db8e-eb9e-477c-a62a-92e4416d38d2" with application "00415b23-d656-42e4-9089-360c286d1f4f"...#
#2026 09 11 07:16:35.596#Z#DEBUG#b0b272a9-adb0-11f1-ab12-eeee0a941739.OPERATION#flowable-async-job-executor-thread-82311#
[DetermineApplicationServiceBindingActionsStep] Getting parameters of service binding "f8829003-e72d-42a5-b313-5e5c3397ff74"...#
#2026 09 11 07:16:35.635#Z#WARN#b0b272a9-adb0-11f1-ab12-eeee0a941739.OPERATION#flowable-async-job-executor-thread-82311#
[DetermineApplicationServiceBindingActionsStep] Cannot retrieve parameters of binding between application "note-for-approval" and service instance "note-for-approval-html5-runtime"#
#2026 09 11 07:16:35.639#Z#DEBUG#b0b272a9-adb0-11f1-ab12-eeee0a941739.OPERATION#flowable-async-job-executor-thread-82311#
[DetermineApplicationServiceBindingActionsStep] Calculated binding operations between application "note-for-approval" and service instance "note-for-approval-html5-runtime": unbind - true bind - true#
#2026 09 11 07:16:35.639#Z#DEBUG#b0b272a9-adb0-11f1-ab12-eeee0a941739.OPERATION#flowable-async-job-executor-thread-82311#
Step "Determine Application Service Binding Actions" finished#
#2026 09 11 07:16:35.333#Z#DEBUG#b0b272a9-adb0-11f1-ab12-eeee0a941739.OPERATION#flowable-async-job-executor-thread-82309#
[UploadAppStep] Executing task "uploadAppTask" of process "b8e01b00-adb0-11f1-8864-eeee0a8ca0de"...#
#2026 09 11 07:16:35.334#Z#DEBUG#b0b272a9-adb0-11f1-ab12-eeee0a941739.OPERATION#flowable-async-job-executor-thread-82309#
[UploadAppStep] Application upload timeout is default one: 3,600 seconds#
#2026 09 11 07:16:35.334#Z#INFO#b0b272a9-adb0-11f1-ab12-eeee0a941739.OPERATION#flowable-async-job-executor-thread-82309#
[UploadAppStep] Uploading application "note-for-approval-srv"...#
#2026 09 11 07:16:35.339#Z#DEBUG#b0b272a9-adb0-11f1-ab12-eeee0a941739.OPERATION#flowable-async-job-executor-thread-82309#
[UploadAppStep] Getting application "note-for-approval-srv"...#
#2026 09 11 07:16:35.368#Z#DEBUG#b0b272a9-adb0-11f1-ab12-eeee0a941739.OPERATION#flowable-async-job-executor-thread-82309#
[UploadAppStep] Getting environment of application "7037cbc0-f596-4751-ad38-f95db4aad153"...#
#2026 09 11 07:16:35.406#Z#INFO#b0b272a9-adb0-11f1-ab12-eeee0a941739.OPERATION#flowable-async-job-executor-thread-82309#
[UploadAppStep] Calculating application digest: "note-for-approval-srv"#
#2026 09 11 07:16:35.683#Z#DEBUG#b0b272a9-adb0-11f1-ab12-eeee0a941739.OPERATION#flowable-async-job-executor-thread-82309#
Step "Upload App" finished#
#2026 09 11 07:16:35.694#Z#DEBUG#b0b272a9-adb0-11f1-ab12-eeee0a941739.OPERATION#flowable-async-job-executor-thread-82312#
[UnbindServiceFromApplicationStep] Executing task "unbindServiceFromApplicationTask" of process "b8e460e7-adb0-11f1-8864-eeee0a8ca0de"...#
#2026 09 11 07:16:35.697#Z#INFO#b0b272a9-adb0-11f1-ab12-eeee0a941739.OPERATION#flowable-async-job-executor-thread-82312#
[UnbindServiceFromApplicationStep] Unbinding service instance "note-for-approval-html5-runtime" from application "note-for-approval"...#
#2026 09 11 07:16:35.700#Z#DEBUG#b0b272a9-adb0-11f1-ab12-eeee0a941739.OPERATION#flowable-async-job-executor-thread-82312#
[UnbindServiceFromApplicationStep] Unbinding application "note-for-approval" from service instance "note-for-approval-html5-runtime"...#
#2026 09 11 07:16:35.880#Z#DEBUG#b0b272a9-adb0-11f1-ab12-eeee0a941739.OPERATION#flowable-async-job-executor-thread-82312#
Step "Unbind Service from Application" finished#
#2026 09 11 07:16:35.061#Z#DEBUG#b0b272a9-adb0-11f1-ab12-eeee0a941739.OPERATION#flowable-async-job-executor-thread-31295#
[UploadContentStep] Executing task "uploadContentTask" of process "b898d94a-adb0-11f1-a909-eeee0a8e4516"...#
#2026 09 11 07:16:35.061#Z#INFO#b0b272a9-adb0-11f1-ab12-eeee0a941739.OPERATION#flowable-async-job-executor-thread-31295#
[UploadContentStep] Uploading content module "note-for-approval-app-content" in target service "note-for-approval-repo-host"...#
#2026 09 11 07:16:35.065#Z#DEBUG#b0b272a9-adb0-11f1-ab12-eeee0a941739.OPERATION#flowable-async-job-executor-thread-31295#
[UploadContentStep] Uploading file "note-for-approval-app-content/resources/data.zip" for content module "note-for-approval-app-content" in service "note-for-approval-repo-host"#
#2026 09 11 07:16:35.321#Z#INFO#b0b272a9-adb0-11f1-ab12-eeee0a941739.OPERATION#flowable-async-job-executor-thread-31295#
[UploadContentStep] Content to deploy size: 50,948 in bytes#
#2026 09 11 07:16:36.126#Z#DEBUG#b0b272a9-adb0-11f1-ab12-eeee0a941739.OPERATION#flowable-async-job-executor-thread-31295#
[UploadContentStep] Uploaded content: {
  "id" : "bbbe6aff-c4e2-4ec9-b05a-36a2c6805034",
  "name" : "content.zip",
  "contentType" : "FILE"
}#
#2026 09 11 07:16:36.127#Z#DEBUG#b0b272a9-adb0-11f1-ab12-eeee0a941739.OPERATION#flowable-async-job-executor-thread-31295#
Step "Upload Content" finished#
#2026 09 11 07:16:36.129#Z#DEBUG#b0b272a9-adb0-11f1-ab12-eeee0a941739.OPERATION#flowable-async-job-executor-thread-31295#
[StartContentDeployStep] Executing task "startContentDeployTask" of process "b898d94a-adb0-11f1-a909-eeee0a8e4516"...#
#2026 09 11 07:16:36.129#Z#INFO#b0b272a9-adb0-11f1-ab12-eeee0a941739.OPERATION#flowable-async-job-executor-thread-31295#
[StartContentDeployStep] Deploying content module "note-for-approval-app-content" in target service "note-for-approval-repo-host"...#
#2026 09 11 07:16:36.410#Z#DEBUG#b0b272a9-adb0-11f1-ab12-eeee0a941739.OPERATION#flowable-async-job-executor-thread-31295#
Step "Start Content Deploy" finished#
#2026 09 11 07:16:43.480#Z#DEBUG#b0b272a9-adb0-11f1-ab12-eeee0a941739.OPERATION#flowable-async-job-executor-thread-31297#
[UnbindServiceFromApplicationStep] Executing task "unbindServiceFromApplicationTask" of process "b8e460e7-adb0-11f1-8864-eeee0a8ca0de"...#
#2026 09 11 07:16:43.483#Z#DEBUG#b0b272a9-adb0-11f1-ab12-eeee0a941739.OPERATION#flowable-async-job-executor-thread-31297#
[UnbindServiceFromApplicationStep] Getting async job "16795fc1-3692-456b-8376-9c3c02561f55"#
#2026 09 11 07:16:43.516#Z#DEBUG#b0b272a9-adb0-11f1-ab12-eeee0a941739.OPERATION#flowable-async-job-executor-thread-31297#
[UnbindServiceFromApplicationStep] Getting service instance "note-for-approval-html5-runtime"...#
#2026 09 11 07:16:43.696#Z#DEBUG#b0b272a9-adb0-11f1-ab12-eeee0a941739.OPERATION#flowable-async-job-executor-thread-31297#
[UnbindServiceFromApplicationStep] Async service binding operation with id "16795fc1-3692-456b-8376-9c3c02561f55" finished#
#2026 09 11 07:16:43.699#Z#DEBUG#b0b272a9-adb0-11f1-ab12-eeee0a941739.OPERATION#flowable-async-job-executor-thread-31297#
Step "Unbind Service from Application" finished#
#2026 09 11 07:16:43.740#Z#DEBUG#b0b272a9-adb0-11f1-ab12-eeee0a941739.OPERATION#flowable-async-job-executor-thread-31298#
[BindServiceToApplicationStep] Executing task "bindServiceToApplicationTask" of process "b8e460e7-adb0-11f1-8864-eeee0a8ca0de"...#
#2026 09 11 07:16:43.743#Z#INFO#b0b272a9-adb0-11f1-ab12-eeee0a941739.OPERATION#flowable-async-job-executor-thread-31298#
[BindServiceToApplicationStep] Binding service instance "note-for-approval-html5-runtime" to application "note-for-approval"...#
#2026 09 11 07:16:43.749#Z#DEBUG#b0b272a9-adb0-11f1-ab12-eeee0a941739.OPERATION#flowable-async-job-executor-thread-31298#
[BindServiceToApplicationStep] Binding service instance "note-for-approval-html5-runtime" to application "note-for-approval" with parameters: { }#
#2026 09 11 07:16:43.857#Z#DEBUG#b0b272a9-adb0-11f1-ab12-eeee0a941739.OPERATION#flowable-async-job-executor-thread-31298#
Step "Bind Service to Application" finished#
#2026 09 11 07:16:43.461#Z#DEBUG#b0b272a9-adb0-11f1-ab12-eeee0a941739.OPERATION#flowable-async-job-executor-thread-82321#
[UploadAppStep] Executing task "uploadAppTask" of process "b8e01b00-adb0-11f1-8864-eeee0a8ca0de"...#
#2026 09 11 07:16:43.463#Z#DEBUG#b0b272a9-adb0-11f1-ab12-eeee0a941739.OPERATION#flowable-async-job-executor-thread-82321#
[UploadAppStep] Application upload timeout is default one: 3,600 seconds#
#2026 09 11 07:16:43.465#Z#DEBUG#b0b272a9-adb0-11f1-ab12-eeee0a941739.OPERATION#pool-14-thread-4#
[UploadAppStep] Upload of application: note-for-approval-srv started on instance: 4#
#2026 09 11 07:16:43.465#Z#DEBUG#b0b272a9-adb0-11f1-ab12-eeee0a941739.OPERATION#pool-14-thread-4#
[UploadAppStep] Uploading file "note-for-approval-srv/data.zip" for application "note-for-approval-srv"#
#2026 09 11 07:16:43.470#Z#DEBUG#b0b272a9-adb0-11f1-ab12-eeee0a941739.OPERATION#flowable-async-job-executor-thread-82323#
[UploadAppStep] Executing task "uploadAppTask" of process "b8e9917c-adb0-11f1-9a30-eeee0a8fa52c"...#
#2026 09 11 07:16:43.472#Z#DEBUG#b0b272a9-adb0-11f1-ab12-eeee0a941739.OPERATION#flowable-async-job-executor-thread-82323#
[UploadAppStep] Application upload timeout is default one: 3,600 seconds#
#2026 09 11 07:16:43.474#Z#DEBUG#b0b272a9-adb0-11f1-ab12-eeee0a941739.OPERATION#pool-14-thread-5#
[UploadAppStep] Upload of application: note-for-approval-db-deployer started on instance: 4#
#2026 09 11 07:16:43.474#Z#DEBUG#b0b272a9-adb0-11f1-ab12-eeee0a941739.OPERATION#pool-14-thread-5#
[UploadAppStep] Uploading file "note-for-approval-db-deployer/data.zip" for application "note-for-approval-db-deployer"#
#2026 09 11 07:16:43.555#Z#INFO#b0b272a9-adb0-11f1-ab12-eeee0a941739.OPERATION#pool-14-thread-5#
[UploadAppStep] Time elapsed for app binary download: 80 in millis#
#2026 09 11 07:16:43.555#Z#INFO#b0b272a9-adb0-11f1-ab12-eeee0a941739.OPERATION#pool-14-thread-5#
[UploadAppStep] Size of app note-for-approval-db-deployer is 2,455,089 bytes#
#2026 09 11 07:16:43.555#Z#DEBUG#b0b272a9-adb0-11f1-ab12-eeee0a941739.OPERATION#pool-14-thread-5#
[UploadAppStep] Asynchronously uploading binaries for application "note-for-approval-db-deployer"...#
#2026 09 11 07:16:43.739#Z#INFO#b0b272a9-adb0-11f1-ab12-eeee0a941739.OPERATION#pool-14-thread-4#
[UploadAppStep] Time elapsed for app binary download: 274 in millis#
#2026 09 11 07:16:43.739#Z#INFO#b0b272a9-adb0-11f1-ab12-eeee0a941739.OPERATION#pool-14-thread-4#
[UploadAppStep] Size of app note-for-approval-srv is 26,070,151 bytes#
#2026 09 11 07:16:43.739#Z#DEBUG#b0b272a9-adb0-11f1-ab12-eeee0a941739.OPERATION#pool-14-thread-4#
[UploadAppStep] Asynchronously uploading binaries for application "note-for-approval-srv"...#
#2026 09 11 07:16:43.787#Z#INFO#b0b272a9-adb0-11f1-ab12-eeee0a941739.OPERATION#pool-14-thread-5#
[UploadAppStep] Started async upload of application "note-for-approval-db-deployer"#
#2026 09 11 07:16:43.792#Z#INFO#b0b272a9-adb0-11f1-ab12-eeee0a941739.OPERATION#flowable-async-job-executor-thread-82323#
[UploadAppStep] Time elapsed for upload: 320 in millis#
#2026 09 11 07:16:43.792#Z#DEBUG#b0b272a9-adb0-11f1-ab12-eeee0a941739.OPERATION#flowable-async-job-executor-thread-82323#
[UploadAppStep] Getting application "note-for-approval-db-deployer"...#
#2026 09 11 07:16:43.819#Z#DEBUG#b0b272a9-adb0-11f1-ab12-eeee0a941739.OPERATION#flowable-async-job-executor-thread-82323#
[UploadAppStep] Getting environment of application "cfa7ca5e-15f8-47db-8f56-b1eb52c10373"...#
#2026 09 11 07:16:43.823#Z#DEBUG#b0b272a9-adb0-11f1-ab12-eeee0a941739.OPERATION#App upload monitor: a517586a-ba5e-4dc6-833f-52c42038c33a#
[UploadAppStep] Upload status: PROCESSING_UPLOAD#
#2026 09 11 07:16:43.857#Z#DEBUG#b0b272a9-adb0-11f1-ab12-eeee0a941739.OPERATION#flowable-async-job-executor-thread-82323#
[UploadAppStep] Updating environment of application "note-for-approval-db-deployer"#
#2026 09 11 07:16:43.956#Z#DEBUG#b0b272a9-adb0-11f1-ab12-eeee0a941739.OPERATION#flowable-async-job-executor-thread-82323#
Step "Upload App" finished#
#2026 09 11 07:16:43.424#Z#DEBUG#b0b272a9-adb0-11f1-ab12-eeee0a941739.OPERATION#flowable-async-job-executor-thread-82313#
[StartContentDeployStep] Executing task "startContentDeployTask" of process "b898d94a-adb0-11f1-a909-eeee0a8e4516"...#
#2026 09 11 07:16:43.426#Z#DEBUG#b0b272a9-adb0-11f1-ab12-eeee0a941739.OPERATION#flowable-async-job-executor-thread-82313#
[StartContentDeployStep] Checking status of module content deployment "note-for-approval-app-content" in service "note-for-approval-repo-host"...#
#2026 09 11 07:16:43.949#Z#DEBUG#b0b272a9-adb0-11f1-ab12-eeee0a941739.OPERATION#flowable-async-job-executor-thread-82313#
[StartContentDeployStep] Deleting content deployment resource "bbbe6aff-c4e2-4ec9-b05a-36a2c6805034"...#
#2026 09 11 07:16:43.994#Z#DEBUG#b0b272a9-adb0-11f1-ab12-eeee0a941739.OPERATION#flowable-async-job-executor-thread-82313#
Step "Start Content Deploy" finished#
#2026 09 11 07:16:44.075#Z#INFO#b0b272a9-adb0-11f1-ab12-eeee0a941739.OPERATION#pool-14-thread-4#
[UploadAppStep] Started async upload of application "note-for-approval-srv"#
#2026 09 11 07:16:44.079#Z#INFO#b0b272a9-adb0-11f1-ab12-eeee0a941739.OPERATION#flowable-async-job-executor-thread-82321#
[UploadAppStep] Time elapsed for upload: 615 in millis#
#2026 09 11 07:16:44.079#Z#DEBUG#b0b272a9-adb0-11f1-ab12-eeee0a941739.OPERATION#flowable-async-job-executor-thread-82321#
[UploadAppStep] Getting application "note-for-approval-srv"...#
#2026 09 11 07:16:44.107#Z#DEBUG#b0b272a9-adb0-11f1-ab12-eeee0a941739.OPERATION#App upload monitor: bb0a61ae-4455-40c2-a3ad-5a244eef87e5#
[UploadAppStep] Upload status: PROCESSING_UPLOAD#
#2026 09 11 07:16:44.117#Z#DEBUG#b0b272a9-adb0-11f1-ab12-eeee0a941739.OPERATION#flowable-async-job-executor-thread-82321#
[UploadAppStep] Getting environment of application "7037cbc0-f596-4751-ad38-f95db4aad153"...#
#2026 09 11 07:16:44.152#Z#DEBUG#b0b272a9-adb0-11f1-ab12-eeee0a941739.OPERATION#flowable-async-job-executor-thread-82321#
[UploadAppStep] Updating environment of application "note-for-approval-srv"#
#2026 09 11 07:16:44.234#Z#DEBUG#b0b272a9-adb0-11f1-ab12-eeee0a941739.OPERATION#flowable-async-job-executor-thread-82321#
Step "Upload App" finished#
#2026 09 11 07:16:49.132#Z#DEBUG#b0b272a9-adb0-11f1-ab12-eeee0a941739.OPERATION#App upload monitor: bb0a61ae-4455-40c2-a3ad-5a244eef87e5#
[UploadAppStep] Upload status: PROCESSING_UPLOAD#
#2026 09 11 07:16:53.486#Z#DEBUG#b0b272a9-adb0-11f1-ab12-eeee0a941739.OPERATION#flowable-async-job-executor-thread-82343#
[UploadAppStep] Executing task "uploadAppTask" of process "b8e9917c-adb0-11f1-9a30-eeee0a8fa52c"...#
#2026 09 11 07:16:53.488#Z#DEBUG#b0b272a9-adb0-11f1-ab12-eeee0a941739.OPERATION#flowable-async-job-executor-thread-82343#
[UploadAppStep] Application upload timeout is default one: 3,600 seconds#
#2026 09 11 07:16:53.488#Z#DEBUG#b0b272a9-adb0-11f1-ab12-eeee0a941739.OPERATION#flowable-async-job-executor-thread-82343#
[UploadAppStep] Checking upload status of application "note-for-approval-db-deployer"...#
#2026 09 11 07:16:53.488#Z#DEBUG#b0b272a9-adb0-11f1-ab12-eeee0a941739.OPERATION#flowable-async-job-executor-thread-82343#
[UploadAppStep] Getting package "a517586a-ba5e-4dc6-833f-52c42038c33a"...#
#2026 09 11 07:16:53.497#Z#DEBUG#b0b272a9-adb0-11f1-ab12-eeee0a941739.OPERATION#flowable-async-job-executor-thread-82345#
[UploadAppStep] Executing task "uploadAppTask" of process "b8e01b00-adb0-11f1-8864-eeee0a8ca0de"...#
#2026 09 11 07:16:53.498#Z#DEBUG#b0b272a9-adb0-11f1-ab12-eeee0a941739.OPERATION#flowable-async-job-executor-thread-82345#
[UploadAppStep] Application upload timeout is default one: 3,600 seconds#
#2026 09 11 07:16:53.498#Z#DEBUG#b0b272a9-adb0-11f1-ab12-eeee0a941739.OPERATION#flowable-async-job-executor-thread-82345#
[UploadAppStep] Checking upload status of application "note-for-approval-srv"...#
#2026 09 11 07:16:53.499#Z#DEBUG#b0b272a9-adb0-11f1-ab12-eeee0a941739.OPERATION#flowable-async-job-executor-thread-82345#
[UploadAppStep] Getting package "bb0a61ae-4455-40c2-a3ad-5a244eef87e5"...#
#2026 09 11 07:16:53.513#Z#DEBUG#b0b272a9-adb0-11f1-ab12-eeee0a941739.OPERATION#flowable-async-job-executor-thread-82343#
[UploadAppStep] Application "note-for-approval-db-deployer" uploaded#
#2026 09 11 07:16:53.514#Z#DEBUG#b0b272a9-adb0-11f1-ab12-eeee0a941739.OPERATION#flowable-async-job-executor-thread-82343#
Step "Upload App" finished#
#2026 09 11 07:16:53.524#Z#DEBUG#b0b272a9-adb0-11f1-ab12-eeee0a941739.OPERATION#flowable-async-job-executor-thread-82345#
Step "Upload App" finished#
#2026 09 11 07:16:53.540#Z#DEBUG#b0b272a9-adb0-11f1-ab12-eeee0a941739.OPERATION#flowable-async-job-executor-thread-82347#
[ScaleAppStep] Executing task "scaleAppTask" of process "b8e9917c-adb0-11f1-9a30-eeee0a8fa52c"...#
#2026 09 11 07:16:53.542#Z#DEBUG#b0b272a9-adb0-11f1-ab12-eeee0a941739.OPERATION#flowable-async-job-executor-thread-82347#
[ScaleAppStep] Scaling application "note-for-approval-db-deployer"...#
#2026 09 11 07:16:53.542#Z#DEBUG#b0b272a9-adb0-11f1-ab12-eeee0a941739.OPERATION#flowable-async-job-executor-thread-82347#
[ScaleAppStep] Getting application guid "note-for-approval-db-deployer"...#
#2026 09 11 07:16:53.569#Z#DEBUG#b0b272a9-adb0-11f1-ab12-eeee0a941739.OPERATION#flowable-async-job-executor-thread-82347#
[ScaleAppStep] Getting process for application "cfa7ca5e-15f8-47db-8f56-b1eb52c10373"...#
#2026 09 11 07:16:53.602#Z#DEBUG#b0b272a9-adb0-11f1-ab12-eeee0a941739.OPERATION#flowable-async-job-executor-thread-82347#
[ScaleAppStep] Application "note-for-approval-db-deployer" scaled#
#2026 09 11 07:16:53.602#Z#DEBUG#b0b272a9-adb0-11f1-ab12-eeee0a941739.OPERATION#flowable-async-job-executor-thread-82347#
Step "Scale App" finished#
#2026 09 11 07:16:53.480#Z#DEBUG#b0b272a9-adb0-11f1-ab12-eeee0a941739.OPERATION#flowable-async-job-executor-thread-82341#
[BindServiceToApplicationStep] Executing task "bindServiceToApplicationTask" of process "b8e460e7-adb0-11f1-8864-eeee0a8ca0de"...#
#2026 09 11 07:16:53.481#Z#DEBUG#b0b272a9-adb0-11f1-ab12-eeee0a941739.OPERATION#flowable-async-job-executor-thread-82341#
[BindServiceToApplicationStep] Getting async job "d8308078-fa29-4b6a-8b8f-5b8b220e627a"#
#2026 09 11 07:16:53.510#Z#DEBUG#b0b272a9-adb0-11f1-ab12-eeee0a941739.OPERATION#flowable-async-job-executor-thread-82341#
[BindServiceToApplicationStep] Getting service instance "note-for-approval-html5-runtime"...#
#2026 09 11 07:16:53.609#Z#DEBUG#b0b272a9-adb0-11f1-ab12-eeee0a941739.OPERATION#flowable-async-job-executor-thread-82341#
[BindServiceToApplicationStep] Async service binding operation with id "d8308078-fa29-4b6a-8b8f-5b8b220e627a" finished#
#2026 09 11 07:16:53.610#Z#DEBUG#b0b272a9-adb0-11f1-ab12-eeee0a941739.OPERATION#flowable-async-job-executor-thread-82341#
Step "Bind Service to Application" finished#
#2026 09 11 07:16:53.628#Z#DEBUG#b0b272a9-adb0-11f1-ab12-eeee0a941739.OPERATION#flowable-async-job-executor-thread-82348#
[DetermineDesiredStateAchievingActionsStep] Executing task "determineDesiredStateAchievingActionsTask" of process "b8e9917c-adb0-11f1-9a30-eeee0a8fa52c"...#
#2026 09 11 07:16:53.629#Z#DEBUG#b0b272a9-adb0-11f1-ab12-eeee0a941739.OPERATION#flowable-async-job-executor-thread-82348#
[DetermineDesiredStateAchievingActionsStep] Getting application "note-for-approval-db-deployer"...#
#2026 09 11 07:16:53.664#Z#DEBUG#b0b272a9-adb0-11f1-ab12-eeee0a941739.OPERATION#flowable-async-job-executor-thread-82348#
[DetermineDesiredStateAchievingActionsStep] Getting instances for application "note-for-approval-db-deployer"...#
#2026 09 11 07:16:53.664#Z#DEBUG#b0b272a9-adb0-11f1-ab12-eeee0a941739.OPERATION#flowable-async-job-executor-thread-82348#
[DetermineDesiredStateAchievingActionsStep] Getting environment of application "cfa7ca5e-15f8-47db-8f56-b1eb52c10373"...#
#2026 09 11 07:16:53.700#Z#DEBUG#b0b272a9-adb0-11f1-ab12-eeee0a941739.OPERATION#flowable-async-job-executor-thread-82348#
[DetermineDesiredStateAchievingActionsStep] Current state of application note-for-approval-db-deployer: STOPPED#
#2026 09 11 07:16:53.700#Z#DEBUG#b0b272a9-adb0-11f1-ab12-eeee0a941739.OPERATION#flowable-async-job-executor-thread-82348#
[DetermineDesiredStateAchievingActionsStep] Desired state of application note-for-approval-db-deployer: STOPPED#
#2026 09 11 07:16:53.700#Z#DEBUG#b0b272a9-adb0-11f1-ab12-eeee0a941739.OPERATION#flowable-async-job-executor-thread-82348#
[DetermineDesiredStateAchievingActionsStep] Actions that should be executed on application note-for-approval-db-deployer: [STAGE]#
#2026 09 11 07:16:53.700#Z#DEBUG#b0b272a9-adb0-11f1-ab12-eeee0a941739.OPERATION#flowable-async-job-executor-thread-82348#
Step "Determine Desired State Achieving Actions" finished#
#2026 09 11 07:16:53.710#Z#DEBUG#b0b272a9-adb0-11f1-ab12-eeee0a941739.OPERATION#flowable-async-job-executor-thread-82350#
[DetermineVcapServicesPropertiesChangedStep] Executing task "determineVcapServicesPropertiesChangedTask" of process "c3d6f609-adb0-11f1-8864-eeee0a8ca0de"...#
#2026 09 11 07:16:53.711#Z#DEBUG#b0b272a9-adb0-11f1-ab12-eeee0a941739.OPERATION#flowable-async-job-executor-thread-82350#
[DetermineVcapServicesPropertiesChangedStep] VCAP_SERVICES properties for application "note-for-approval" changed: true#
#2026 09 11 07:16:53.711#Z#DEBUG#b0b272a9-adb0-11f1-ab12-eeee0a941739.OPERATION#flowable-async-job-executor-thread-82350#
Step "Determine vcap services properties changed" finished#
#2026 09 11 07:16:53.736#Z#DEBUG#b0b272a9-adb0-11f1-ab12-eeee0a941739.OPERATION#flowable-async-job-executor-thread-82352#
[UploadAppStep] Executing task "uploadAppTask" of process "c3d6f609-adb0-11f1-8864-eeee0a8ca0de"...#
#2026 09 11 07:16:53.737#Z#DEBUG#b0b272a9-adb0-11f1-ab12-eeee0a941739.OPERATION#flowable-async-job-executor-thread-82352#
[UploadAppStep] Application upload timeout is default one: 3,600 seconds#
#2026 09 11 07:16:53.737#Z#INFO#b0b272a9-adb0-11f1-ab12-eeee0a941739.OPERATION#flowable-async-job-executor-thread-82352#
[UploadAppStep] Uploading application "note-for-approval"...#
#2026 09 11 07:16:53.741#Z#DEBUG#b0b272a9-adb0-11f1-ab12-eeee0a941739.OPERATION#flowable-async-job-executor-thread-82352#
[UploadAppStep] Getting application "note-for-approval"...#
#2026 09 11 07:16:53.790#Z#DEBUG#b0b272a9-adb0-11f1-ab12-eeee0a941739.OPERATION#flowable-async-job-executor-thread-82352#
[UploadAppStep] Getting environment of application "00415b23-d656-42e4-9089-360c286d1f4f"...#
#2026 09 11 07:16:53.830#Z#INFO#b0b272a9-adb0-11f1-ab12-eeee0a941739.OPERATION#flowable-async-job-executor-thread-82352#
[UploadAppStep] Calculating application digest: "note-for-approval"#
#2026 09 11 07:16:53.887#Z#DEBUG#b0b272a9-adb0-11f1-ab12-eeee0a941739.OPERATION#flowable-async-job-executor-thread-82352#
[UploadAppStep] Getting packages for application: "00415b23-d656-42e4-9089-360c286d1f4f"#
#2026 09 11 07:16:53.925#Z#DEBUG#b0b272a9-adb0-11f1-ab12-eeee0a941739.OPERATION#flowable-async-job-executor-thread-82352#
[UploadAppStep] Getting the current droplet for application: "00415b23-d656-42e4-9089-360c286d1f4f"#
#2026 09 11 07:16:53.957#Z#DEBUG#b0b272a9-adb0-11f1-ab12-eeee0a941739.OPERATION#flowable-async-job-executor-thread-82352#
[UploadAppStep] Getting package by id: "0bae212a-ebc8-4ea2-b1d0-043669ff0077"#
#2026 09 11 07:16:53.987#Z#DEBUG#b0b272a9-adb0-11f1-ab12-eeee0a941739.OPERATION#flowable-async-job-executor-thread-82352#
[UploadAppStep] Getting builds for application "00415b23-d656-42e4-9089-360c286d1f4f"...#
#2026 09 11 07:16:54.023#Z#DEBUG#b0b272a9-adb0-11f1-ab12-eeee0a941739.OPERATION#flowable-async-job-executor-thread-82352#
[UploadAppStep] Getting the current droplet for application: "00415b23-d656-42e4-9089-360c286d1f4f"#
#2026 09 11 07:16:54.077#Z#INFO#b0b272a9-adb0-11f1-ab12-eeee0a941739.OPERATION#flowable-async-job-executor-thread-82352#
[UploadAppStep] Content of application "note-for-approval" is not changed - upload will be skipped.#
#2026 09 11 07:16:54.080#Z#DEBUG#b0b272a9-adb0-11f1-ab12-eeee0a941739.OPERATION#flowable-async-job-executor-thread-82352#
Step "Upload App" finished#
#2026 09 11 07:16:53.730#Z#DEBUG#b0b272a9-adb0-11f1-ab12-eeee0a941739.OPERATION#flowable-async-job-executor-thread-82351#
[StageAppStep] Executing task "stageAppTask" of process "b8e9917c-adb0-11f1-9a30-eeee0a8fa52c"...#
#2026 09 11 07:16:53.732#Z#DEBUG#b0b272a9-adb0-11f1-ab12-eeee0a941739.OPERATION#flowable-async-job-executor-thread-82351#
[StageAppStep] Application stage timeout is default one: 3,600 seconds#
#2026 09 11 07:16:53.733#Z#INFO#b0b272a9-adb0-11f1-ab12-eeee0a941739.OPERATION#flowable-async-job-executor-thread-82351#
[StageAppStep] Staging application "note-for-approval-db-deployer"...#
#2026 09 11 07:16:53.736#Z#DEBUG#b0b272a9-adb0-11f1-ab12-eeee0a941739.OPERATION#flowable-async-job-executor-thread-82351#
[StageAppStep] Creating build for package "a517586a-ba5e-4dc6-833f-52c42038c33a"...#
#2026 09 11 07:16:54.105#Z#DEBUG#b0b272a9-adb0-11f1-ab12-eeee0a941739.OPERATION#flowable-async-job-executor-thread-82351#
Step "Stage App" finished#
#2026 09 11 07:16:54.106#Z#DEBUG#b0b272a9-adb0-11f1-ab12-eeee0a941739.OPERATION#flowable-async-job-executor-thread-82354#
[ScaleAppStep] Executing task "scaleAppTask" of process "c3d6f609-adb0-11f1-8864-eeee0a8ca0de"...#
#2026 09 11 07:16:54.109#Z#DEBUG#b0b272a9-adb0-11f1-ab12-eeee0a941739.OPERATION#flowable-async-job-executor-thread-82354#
[ScaleAppStep] Scaling application "note-for-approval"...#
#2026 09 11 07:16:54.109#Z#DEBUG#b0b272a9-adb0-11f1-ab12-eeee0a941739.OPERATION#flowable-async-job-executor-thread-82354#
[ScaleAppStep] Getting application guid "note-for-approval"...#
#2026 09 11 07:16:54.152#Z#DEBUG#b0b272a9-adb0-11f1-ab12-eeee0a941739.OPERATION#flowable-async-job-executor-thread-82354#
[ScaleAppStep] Getting process for application "00415b23-d656-42e4-9089-360c286d1f4f"...#
#2026 09 11 07:16:54.182#Z#DEBUG#b0b272a9-adb0-11f1-ab12-eeee0a941739.OPERATION#flowable-async-job-executor-thread-82354#
[ScaleAppStep] Application "note-for-approval" scaled#
#2026 09 11 07:16:54.182#Z#DEBUG#b0b272a9-adb0-11f1-ab12-eeee0a941739.OPERATION#flowable-async-job-executor-thread-82354#
Step "Scale App" finished#
#2026 09 11 07:16:54.205#Z#DEBUG#b0b272a9-adb0-11f1-ab12-eeee0a941739.OPERATION#flowable-async-job-executor-thread-82355#
[DetermineDesiredStateAchievingActionsStep] Executing task "determineDesiredStateAchievingActionsTask" of process "c3d6f609-adb0-11f1-8864-eeee0a8ca0de"...#
#2026 09 11 07:16:54.206#Z#DEBUG#b0b272a9-adb0-11f1-ab12-eeee0a941739.OPERATION#flowable-async-job-executor-thread-82355#
[DetermineDesiredStateAchievingActionsStep] Getting application "note-for-approval"...#
#2026 09 11 07:16:54.245#Z#DEBUG#b0b272a9-adb0-11f1-ab12-eeee0a941739.OPERATION#flowable-async-job-executor-thread-82355#
[DetermineDesiredStateAchievingActionsStep] Getting instances for application "note-for-approval"...#
#2026 09 11 07:16:54.299#Z#DEBUG#b0b272a9-adb0-11f1-ab12-eeee0a941739.OPERATION#flowable-async-job-executor-thread-82355#
[DetermineDesiredStateAchievingActionsStep] Getting environment of application "00415b23-d656-42e4-9089-360c286d1f4f"...#
#2026 09 11 07:16:54.343#Z#DEBUG#b0b272a9-adb0-11f1-ab12-eeee0a941739.OPERATION#flowable-async-job-executor-thread-82355#
[DetermineDesiredStateAchievingActionsStep] Current state of application note-for-approval: STARTED#
#2026 09 11 07:16:54.343#Z#DEBUG#b0b272a9-adb0-11f1-ab12-eeee0a941739.OPERATION#flowable-async-job-executor-thread-82355#
[DetermineDesiredStateAchievingActionsStep] Desired state of application note-for-approval: STARTED#
#2026 09 11 07:16:54.343#Z#DEBUG#b0b272a9-adb0-11f1-ab12-eeee0a941739.OPERATION#flowable-async-job-executor-thread-82355#
[DetermineDesiredStateAchievingActionsStep] Actions that should be executed on application note-for-approval: [STOP, STAGE, START]#
#2026 09 11 07:16:54.343#Z#DEBUG#b0b272a9-adb0-11f1-ab12-eeee0a941739.OPERATION#flowable-async-job-executor-thread-82355#
Step "Determine Desired State Achieving Actions" finished#
#2026 09 11 07:16:54.371#Z#DEBUG#b0b272a9-adb0-11f1-ab12-eeee0a941739.OPERATION#flowable-async-job-executor-thread-82356#
[StopAppStep] Executing task "stopAppTask" of process "c3d6f609-adb0-11f1-8864-eeee0a8ca0de"...#
#2026 09 11 07:16:54.374#Z#INFO#b0b272a9-adb0-11f1-ab12-eeee0a941739.OPERATION#flowable-async-job-executor-thread-82356#
[StopAppStep] Stopping application "note-for-approval"...#
#2026 09 11 07:16:54.379#Z#DEBUG#b0b272a9-adb0-11f1-ab12-eeee0a941739.OPERATION#flowable-async-job-executor-thread-82356#
[StopAppStep] Stopping application "note-for-approval"...#
#2026 09 11 07:16:54.542#Z#DEBUG#b0b272a9-adb0-11f1-ab12-eeee0a941739.OPERATION#flowable-async-job-executor-thread-82356#
[StopAppStep] Application "note-for-approval" stopped#
#2026 09 11 07:16:54.542#Z#DEBUG#b0b272a9-adb0-11f1-ab12-eeee0a941739.OPERATION#flowable-async-job-executor-thread-82356#
[StopAppStep] Getting environment of application "00415b23-d656-42e4-9089-360c286d1f4f"...#
#2026 09 11 07:16:54.577#Z#DEBUG#b0b272a9-adb0-11f1-ab12-eeee0a941739.OPERATION#flowable-async-job-executor-thread-82356#
Step "Stop App" finished#
#2026 09 11 07:16:54.609#Z#DEBUG#b0b272a9-adb0-11f1-ab12-eeee0a941739.OPERATION#flowable-async-job-executor-thread-82357#
[StageAppStep] Executing task "stageAppTask" of process "c461f758-adb0-11f1-8864-eeee0a8ca0de"...#
#2026 09 11 07:16:54.610#Z#DEBUG#b0b272a9-adb0-11f1-ab12-eeee0a941739.OPERATION#flowable-async-job-executor-thread-82357#
[StageAppStep] Application stage timeout is default one: 3,600 seconds#
#2026 09 11 07:16:54.611#Z#DEBUG#b0b272a9-adb0-11f1-ab12-eeee0a941739.OPERATION#flowable-async-job-executor-thread-82357#
Step "Stage App" finished#
#2026 09 11 07:16:54.636#Z#DEBUG#b0b272a9-adb0-11f1-ab12-eeee0a941739.OPERATION#flowable-async-job-executor-thread-82358#
[RestartAppStep] Executing task "startAppTask" of process "c461f758-adb0-11f1-8864-eeee0a8ca0de"...#
#2026 09 11 07:16:54.639#Z#DEBUG#b0b272a9-adb0-11f1-ab12-eeee0a941739.OPERATION#flowable-async-job-executor-thread-82358#
[RestartAppStep] Application start timeout is default one: 3,600 seconds#
#2026 09 11 07:16:54.643#Z#DEBUG#b0b272a9-adb0-11f1-ab12-eeee0a941739.OPERATION#flowable-async-job-executor-thread-82358#
[RestartAppStep] Getting application "note-for-approval"...#
#2026 09 11 07:16:54.671#Z#INFO#b0b272a9-adb0-11f1-ab12-eeee0a941739.OPERATION#flowable-async-job-executor-thread-82358#
[RestartAppStep] Starting application "note-for-approval"...#
#2026 09 11 07:16:54.674#Z#DEBUG#b0b272a9-adb0-11f1-ab12-eeee0a941739.OPERATION#flowable-async-job-executor-thread-82358#
[RestartAppStep] Starting application "note-for-approval"...#
#2026 09 11 07:16:54.897#Z#DEBUG#b0b272a9-adb0-11f1-ab12-eeee0a941739.OPERATION#flowable-async-job-executor-thread-82358#
Step "Start App" finished#
#2026 09 11 07:16:54.161#Z#DEBUG#b0b272a9-adb0-11f1-ab12-eeee0a941739.OPERATION#App upload monitor: bb0a61ae-4455-40c2-a3ad-5a244eef87e5#
[UploadAppStep] Upload status: PROCESSING_UPLOAD#
#2026 09 11 07:16:59.188#Z#DEBUG#b0b272a9-adb0-11f1-ab12-eeee0a941739.OPERATION#App upload monitor: bb0a61ae-4455-40c2-a3ad-5a244eef87e5#
[UploadAppStep] Upload status: PROCESSING_UPLOAD#
#2026 09 11 07:17:03.537#Z#DEBUG#b0b272a9-adb0-11f1-ab12-eeee0a941739.OPERATION#flowable-async-job-executor-thread-82366#
[UploadAppStep] Executing task "uploadAppTask" of process "b8e01b00-adb0-11f1-8864-eeee0a8ca0de"...#
#2026 09 11 07:17:03.538#Z#DEBUG#b0b272a9-adb0-11f1-ab12-eeee0a941739.OPERATION#flowable-async-job-executor-thread-82366#
[UploadAppStep] Application upload timeout is default one: 3,600 seconds#
#2026 09 11 07:17:03.538#Z#DEBUG#b0b272a9-adb0-11f1-ab12-eeee0a941739.OPERATION#flowable-async-job-executor-thread-82366#
[UploadAppStep] Checking upload status of application "note-for-approval-srv"...#
#2026 09 11 07:17:03.539#Z#DEBUG#b0b272a9-adb0-11f1-ab12-eeee0a941739.OPERATION#flowable-async-job-executor-thread-82366#
[UploadAppStep] Getting package "bb0a61ae-4455-40c2-a3ad-5a244eef87e5"...#
#2026 09 11 07:17:03.557#Z#DEBUG#b0b272a9-adb0-11f1-ab12-eeee0a941739.OPERATION#flowable-async-job-executor-thread-82366#
[UploadAppStep] Application "note-for-approval-srv" uploaded#
#2026 09 11 07:17:03.557#Z#DEBUG#b0b272a9-adb0-11f1-ab12-eeee0a941739.OPERATION#flowable-async-job-executor-thread-82366#
Step "Upload App" finished#
#2026 09 11 07:17:03.519#Z#DEBUG#b0b272a9-adb0-11f1-ab12-eeee0a941739.OPERATION#flowable-async-job-executor-thread-82363#
[StageAppStep] Executing task "stageAppTask" of process "b8e9917c-adb0-11f1-9a30-eeee0a8fa52c"...#
#2026 09 11 07:17:03.520#Z#DEBUG#b0b272a9-adb0-11f1-ab12-eeee0a941739.OPERATION#flowable-async-job-executor-thread-82363#
[StageAppStep] Application stage timeout is default one: 3,600 seconds#
#2026 09 11 07:17:03.521#Z#DEBUG#b0b272a9-adb0-11f1-ab12-eeee0a941739.OPERATION#flowable-async-job-executor-thread-82363#
[StageAppStep] Checking status of application "note-for-approval-db-deployer"...#
#2026 09 11 07:17:03.521#Z#DEBUG#b0b272a9-adb0-11f1-ab12-eeee0a941739.OPERATION#flowable-async-job-executor-thread-82363#
[StageAppStep] Getting build "2a634f7d-9439-4297-884d-0ae7a7220a4e"...#
#2026 09 11 07:17:03.551#Z#DEBUG#b0b272a9-adb0-11f1-ab12-eeee0a941739.OPERATION#flowable-async-job-executor-thread-82363#
[StageAppStep] Staging status of application "note-for-approval-db-deployer": PENDING#
#2026 09 11 07:17:03.552#Z#DEBUG#b0b272a9-adb0-11f1-ab12-eeee0a941739.OPERATION#flowable-async-job-executor-thread-82363#
[StageAppStep] Getting application guid "note-for-approval-db-deployer"...#
#2026 09 11 07:17:03.657#Z#DEBUG#b0b272a9-adb0-11f1-ab12-eeee0a941739.OPERATION#flowable-async-job-executor-thread-82363#
Step "Stage App" finished#
#2026 09 11 07:17:03.584#Z#DEBUG#b0b272a9-adb0-11f1-ab12-eeee0a941739.OPERATION#flowable-async-job-executor-thread-82367#
[ScaleAppStep] Executing task "scaleAppTask" of process "b8e01b00-adb0-11f1-8864-eeee0a8ca0de"...#
#2026 09 11 07:17:03.586#Z#DEBUG#b0b272a9-adb0-11f1-ab12-eeee0a941739.OPERATION#flowable-async-job-executor-thread-82367#
[ScaleAppStep] Scaling application "note-for-approval-srv"...#
#2026 09 11 07:17:03.586#Z#DEBUG#b0b272a9-adb0-11f1-ab12-eeee0a941739.OPERATION#flowable-async-job-executor-thread-82367#
[ScaleAppStep] Getting application guid "note-for-approval-srv"...#
#2026 09 11 07:17:03.617#Z#DEBUG#b0b272a9-adb0-11f1-ab12-eeee0a941739.OPERATION#flowable-async-job-executor-thread-82367#
[ScaleAppStep] Getting process for application "7037cbc0-f596-4751-ad38-f95db4aad153"...#
#2026 09 11 07:17:03.664#Z#DEBUG#b0b272a9-adb0-11f1-ab12-eeee0a941739.OPERATION#flowable-async-job-executor-thread-82367#
[ScaleAppStep] Application "note-for-approval-srv" scaled#
#2026 09 11 07:17:03.664#Z#DEBUG#b0b272a9-adb0-11f1-ab12-eeee0a941739.OPERATION#flowable-async-job-executor-thread-82367#
Step "Scale App" finished#
#2026 09 11 07:17:03.540#Z#DEBUG#b0b272a9-adb0-11f1-ab12-eeee0a941739.OPERATION#flowable-async-job-executor-thread-31300#
[RestartAppStep] Executing task "startAppTask" of process "c492a460-adb0-11f1-8864-eeee0a8ca0de"...#
#2026 09 11 07:17:03.543#Z#DEBUG#b0b272a9-adb0-11f1-ab12-eeee0a941739.OPERATION#flowable-async-job-executor-thread-31300#
[RestartAppStep] Application start timeout is default one: 3,600 seconds#
#2026 09 11 07:17:03.544#Z#DEBUG#b0b272a9-adb0-11f1-ab12-eeee0a941739.OPERATION#flowable-async-job-executor-thread-31300#
[RestartAppStep] Checking status of application "note-for-approval"...#
#2026 09 11 07:17:03.544#Z#DEBUG#b0b272a9-adb0-11f1-ab12-eeee0a941739.OPERATION#flowable-async-job-executor-thread-31300#
[RestartAppStep] Getting application "note-for-approval"...#
#2026 09 11 07:17:03.587#Z#DEBUG#b0b272a9-adb0-11f1-ab12-eeee0a941739.OPERATION#flowable-async-job-executor-thread-31300#
[RestartAppStep] Getting instances for application "note-for-approval"...#
#2026 09 11 07:17:03.654#Z#DEBUG#b0b272a9-adb0-11f1-ab12-eeee0a941739.OPERATION#flowable-async-job-executor-thread-31300#
[RestartAppStep] Application "note-for-approval": 1 of 1 instances running (1 running)#
#2026 09 11 07:17:03.732#Z#DEBUG#b0b272a9-adb0-11f1-ab12-eeee0a941739.OPERATION#flowable-async-job-executor-thread-31300#
[RestartAppStep] Getting routes for application "00415b23-d656-42e4-9089-360c286d1f4f"...#
#2026 09 11 07:17:03.773#Z#INFO#b0b272a9-adb0-11f1-ab12-eeee0a941739.OPERATION#flowable-async-job-executor-thread-31300#
[RestartAppStep] Application "note-for-approval" started and available at "brainbox-consulting-bv-brainboxconsultingig-dev-note-fo1ef357a0.cfapps.eu10-005.hana.ondemand.com"#
#2026 09 11 07:17:03.778#Z#DEBUG#b0b272a9-adb0-11f1-ab12-eeee0a941739.OPERATION#flowable-async-job-executor-thread-31300#
Step "Start App" finished#
#2026 09 11 07:17:03.686#Z#DEBUG#b0b272a9-adb0-11f1-ab12-eeee0a941739.OPERATION#flowable-async-job-executor-thread-82368#
[DetermineDesiredStateAchievingActionsStep] Executing task "determineDesiredStateAchievingActionsTask" of process "b8e01b00-adb0-11f1-8864-eeee0a8ca0de"...#
#2026 09 11 07:17:03.688#Z#DEBUG#b0b272a9-adb0-11f1-ab12-eeee0a941739.OPERATION#flowable-async-job-executor-thread-82368#
[DetermineDesiredStateAchievingActionsStep] Getting application "note-for-approval-srv"...#
#2026 09 11 07:17:03.719#Z#DEBUG#b0b272a9-adb0-11f1-ab12-eeee0a941739.OPERATION#flowable-async-job-executor-thread-82368#
[DetermineDesiredStateAchievingActionsStep] Getting instances for application "note-for-approval-srv"...#
#2026 09 11 07:17:03.784#Z#DEBUG#b0b272a9-adb0-11f1-ab12-eeee0a941739.OPERATION#flowable-async-job-executor-thread-82368#
[DetermineDesiredStateAchievingActionsStep] Getting environment of application "7037cbc0-f596-4751-ad38-f95db4aad153"...#
#2026 09 11 07:17:03.825#Z#DEBUG#b0b272a9-adb0-11f1-ab12-eeee0a941739.OPERATION#flowable-async-job-executor-thread-82368#
[DetermineDesiredStateAchievingActionsStep] Current state of application note-for-approval-srv: STARTED#
#2026 09 11 07:17:03.825#Z#DEBUG#b0b272a9-adb0-11f1-ab12-eeee0a941739.OPERATION#flowable-async-job-executor-thread-82368#
[DetermineDesiredStateAchievingActionsStep] Desired state of application note-for-approval-srv: STARTED#
#2026 09 11 07:17:03.825#Z#DEBUG#b0b272a9-adb0-11f1-ab12-eeee0a941739.OPERATION#flowable-async-job-executor-thread-82368#
[DetermineDesiredStateAchievingActionsStep] Actions that should be executed on application note-for-approval-srv: [STOP, STAGE, START]#
#2026 09 11 07:17:03.826#Z#DEBUG#b0b272a9-adb0-11f1-ab12-eeee0a941739.OPERATION#flowable-async-job-executor-thread-82368#
Step "Determine Desired State Achieving Actions" finished#
#2026 09 11 07:17:03.852#Z#DEBUG#b0b272a9-adb0-11f1-ab12-eeee0a941739.OPERATION#flowable-async-job-executor-thread-82369#
[StopAppStep] Executing task "stopAppTask" of process "b8e01b00-adb0-11f1-8864-eeee0a8ca0de"...#
#2026 09 11 07:17:03.854#Z#INFO#b0b272a9-adb0-11f1-ab12-eeee0a941739.OPERATION#flowable-async-job-executor-thread-82369#
[StopAppStep] Stopping application "note-for-approval-srv"...#
#2026 09 11 07:17:03.858#Z#DEBUG#b0b272a9-adb0-11f1-ab12-eeee0a941739.OPERATION#flowable-async-job-executor-thread-82369#
[StopAppStep] Stopping application "note-for-approval-srv"...#
#2026 09 11 07:17:04.024#Z#DEBUG#b0b272a9-adb0-11f1-ab12-eeee0a941739.OPERATION#flowable-async-job-executor-thread-82369#
[StopAppStep] Application "note-for-approval-srv" stopped#
#2026 09 11 07:17:04.024#Z#DEBUG#b0b272a9-adb0-11f1-ab12-eeee0a941739.OPERATION#flowable-async-job-executor-thread-82369#
[StopAppStep] Getting environment of application "7037cbc0-f596-4751-ad38-f95db4aad153"...#
#2026 09 11 07:17:04.066#Z#DEBUG#b0b272a9-adb0-11f1-ab12-eeee0a941739.OPERATION#flowable-async-job-executor-thread-82369#
Step "Stop App" finished#
#2026 09 11 07:17:04.097#Z#DEBUG#b0b272a9-adb0-11f1-ab12-eeee0a941739.OPERATION#flowable-async-job-executor-thread-82370#
[StageAppStep] Executing task "stageAppTask" of process "ca09b8c1-adb0-11f1-8864-eeee0a8ca0de"...#
#2026 09 11 07:17:04.099#Z#DEBUG#b0b272a9-adb0-11f1-ab12-eeee0a941739.OPERATION#flowable-async-job-executor-thread-82370#
[StageAppStep] Application stage timeout is default one: 3,600 seconds#
#2026 09 11 07:17:04.100#Z#INFO#b0b272a9-adb0-11f1-ab12-eeee0a941739.OPERATION#flowable-async-job-executor-thread-82370#
[StageAppStep] Staging application "note-for-approval-srv"...#
#2026 09 11 07:17:04.103#Z#DEBUG#b0b272a9-adb0-11f1-ab12-eeee0a941739.OPERATION#flowable-async-job-executor-thread-82370#
[StageAppStep] Creating build for package "bb0a61ae-4455-40c2-a3ad-5a244eef87e5"...#
#2026 09 11 07:17:04.514#Z#DEBUG#b0b272a9-adb0-11f1-ab12-eeee0a941739.OPERATION#flowable-async-job-executor-thread-82370#
Step "Stage App" finished#
#2026 09 11 07:17:13.576#Z#DEBUG#b0b272a9-adb0-11f1-ab12-eeee0a941739.OPERATION#flowable-async-job-executor-thread-25835#
[RestartAppStep] Executing task "startAppTask" of process "c9de3b81-adb0-11f1-a909-eeee0a8e4516"...#
#2026 09 11 07:17:13.580#Z#DEBUG#b0b272a9-adb0-11f1-ab12-eeee0a941739.OPERATION#flowable-async-job-executor-thread-25835#
[RestartAppStep] Application start timeout is default one: 3,600 seconds#
#2026 09 11 07:17:13.588#Z#DEBUG#b0b272a9-adb0-11f1-ab12-eeee0a941739.OPERATION#flowable-async-job-executor-thread-25835#
Step "Start App" finished#
#2026 09 11 07:17:13.546#Z#DEBUG#b0b272a9-adb0-11f1-ab12-eeee0a941739.OPERATION#flowable-async-job-executor-thread-82375#
[StageAppStep] Executing task "stageAppTask" of process "ca09b8c1-adb0-11f1-8864-eeee0a8ca0de"...#
#2026 09 11 07:17:13.548#Z#DEBUG#b0b272a9-adb0-11f1-ab12-eeee0a941739.OPERATION#flowable-async-job-executor-thread-82375#
[StageAppStep] Application stage timeout is default one: 3,600 seconds#
#2026 09 11 07:17:13.548#Z#DEBUG#b0b272a9-adb0-11f1-ab12-eeee0a941739.OPERATION#flowable-async-job-executor-thread-82375#
[StageAppStep] Checking status of application "note-for-approval-srv"...#
#2026 09 11 07:17:13.548#Z#DEBUG#b0b272a9-adb0-11f1-ab12-eeee0a941739.OPERATION#flowable-async-job-executor-thread-82375#
[StageAppStep] Getting build "609e98a6-f4bf-47fe-a400-d460081e2ae4"...#
#2026 09 11 07:17:13.553#Z#DEBUG#b0b272a9-adb0-11f1-ab12-eeee0a941739.OPERATION#flowable-async-job-executor-thread-82376#
[StageAppStep] Executing task "stageAppTask" of process "b8e9917c-adb0-11f1-9a30-eeee0a8fa52c"...#
#2026 09 11 07:17:13.554#Z#DEBUG#b0b272a9-adb0-11f1-ab12-eeee0a941739.OPERATION#flowable-async-job-executor-thread-82376#
[StageAppStep] Application stage timeout is default one: 3,600 seconds#
#2026 09 11 07:17:13.555#Z#DEBUG#b0b272a9-adb0-11f1-ab12-eeee0a941739.OPERATION#flowable-async-job-executor-thread-82376#
[StageAppStep] Checking status of application "note-for-approval-db-deployer"...#
#2026 09 11 07:17:13.555#Z#DEBUG#b0b272a9-adb0-11f1-ab12-eeee0a941739.OPERATION#flowable-async-job-executor-thread-82376#
[StageAppStep] Getting build "2a634f7d-9439-4297-884d-0ae7a7220a4e"...#
#2026 09 11 07:17:13.586#Z#DEBUG#b0b272a9-adb0-11f1-ab12-eeee0a941739.OPERATION#flowable-async-job-executor-thread-82376#
[StageAppStep] Staging status of application "note-for-approval-db-deployer": PENDING#
#2026 09 11 07:17:13.588#Z#DEBUG#b0b272a9-adb0-11f1-ab12-eeee0a941739.OPERATION#flowable-async-job-executor-thread-82376#
[StageAppStep] Getting application guid "note-for-approval-db-deployer"...#
#2026 09 11 07:17:13.598#Z#DEBUG#b0b272a9-adb0-11f1-ab12-eeee0a941739.OPERATION#flowable-async-job-executor-thread-82375#
[StageAppStep] Staging status of application "note-for-approval-srv": PENDING#
#2026 09 11 07:17:13.599#Z#DEBUG#b0b272a9-adb0-11f1-ab12-eeee0a941739.OPERATION#flowable-async-job-executor-thread-82375#
[StageAppStep] Getting application guid "note-for-approval-srv"...#
#2026 09 11 07:17:13.681#Z#DEBUG#b0b272a9-adb0-11f1-ab12-eeee0a941739.OPERATION#flowable-async-job-executor-thread-82376#
Step "Stage App" finished#
#2026 09 11 07:17:13.684#Z#DEBUG#b0b272a9-adb0-11f1-ab12-eeee0a941739.OPERATION#flowable-async-job-executor-thread-25837#
[PrepareToExecuteTasksStep] Executing task "prepareToExecuteTasksTask" of process "cfbee7a1-adb0-11f1-ab12-eeee0a941739"...#
#2026 09 11 07:17:13.686#Z#DEBUG#b0b272a9-adb0-11f1-ab12-eeee0a941739.OPERATION#flowable-async-job-executor-thread-25837#
Step "Prepare To Execute Tasks" finished#
#2026 09 11 07:17:13.704#Z#DEBUG#b0b272a9-adb0-11f1-ab12-eeee0a941739.OPERATION#flowable-async-job-executor-thread-82375#
Step "Stage App" finished#
#2026 09 11 07:17:13.769#Z#DEBUG#b0b272a9-adb0-11f1-ab12-eeee0a941739.OPERATION#flowable-async-job-executor-thread-25838#
[PublishConfigurationEntriesStep] Executing task "publishProvidedDependenciesTask" of process "cfb7465d-adb0-11f1-ab12-eeee0a941739"...#
#2026 09 11 07:17:13.770#Z#DEBUG#b0b272a9-adb0-11f1-ab12-eeee0a941739.OPERATION#flowable-async-job-executor-thread-25838#
[PublishConfigurationEntriesStep] Publishing public provided dependencies for application "note-for-approval"...#
#2026 09 11 07:17:13.771#Z#DEBUG#b0b272a9-adb0-11f1-ab12-eeee0a941739.OPERATION#flowable-async-job-executor-thread-25838#
[PublishConfigurationEntriesStep] No public provided dependencies for publishing#
#2026 09 11 07:17:13.771#Z#DEBUG#b0b272a9-adb0-11f1-ab12-eeee0a941739.OPERATION#flowable-async-job-executor-thread-25838#
Step "Publish Provided Dependencies" finished#
#2026 09 11 07:17:13.811#Z#DEBUG#b0b272a9-adb0-11f1-ab12-eeee0a941739.OPERATION#flowable-async-job-executor-thread-25839#
[CreateOrUpdateServiceBrokerStep] Executing task "createOrUpdateServiceBrokerTask" of process "cfb7465d-adb0-11f1-ab12-eeee0a941739"...#
#2026 09 11 07:17:13.813#Z#DEBUG#b0b272a9-adb0-11f1-ab12-eeee0a941739.OPERATION#flowable-async-job-executor-thread-25839#
[CreateOrUpdateServiceBrokerStep] Creating service brokers...#
#2026 09 11 07:17:13.815#Z#DEBUG#b0b272a9-adb0-11f1-ab12-eeee0a941739.OPERATION#flowable-async-job-executor-thread-25839#
Step "Create Or Update Service Broker " finished#
#2026 09 11 07:17:23.599#Z#DEBUG#b0b272a9-adb0-11f1-ab12-eeee0a941739.OPERATION#flowable-async-job-executor-thread-82379#
[StageAppStep] Executing task "stageAppTask" of process "ca09b8c1-adb0-11f1-8864-eeee0a8ca0de"...#
#2026 09 11 07:17:23.600#Z#DEBUG#b0b272a9-adb0-11f1-ab12-eeee0a941739.OPERATION#flowable-async-job-executor-thread-82379#
[StageAppStep] Application stage timeout is default one: 3,600 seconds#
#2026 09 11 07:17:23.601#Z#DEBUG#b0b272a9-adb0-11f1-ab12-eeee0a941739.OPERATION#flowable-async-job-executor-thread-82379#
[StageAppStep] Checking status of application "note-for-approval-srv"...#
#2026 09 11 07:17:23.601#Z#DEBUG#b0b272a9-adb0-11f1-ab12-eeee0a941739.OPERATION#flowable-async-job-executor-thread-82379#
[StageAppStep] Getting build "609e98a6-f4bf-47fe-a400-d460081e2ae4"...#
#2026 09 11 07:17:23.636#Z#DEBUG#b0b272a9-adb0-11f1-ab12-eeee0a941739.OPERATION#flowable-async-job-executor-thread-82379#
[StageAppStep] Staging status of application "note-for-approval-srv": PENDING#
#2026 09 11 07:17:23.637#Z#DEBUG#b0b272a9-adb0-11f1-ab12-eeee0a941739.OPERATION#flowable-async-job-executor-thread-82379#
[StageAppStep] Getting application guid "note-for-approval-srv"...#
#2026 09 11 07:17:23.763#Z#DEBUG#b0b272a9-adb0-11f1-ab12-eeee0a941739.OPERATION#flowable-async-job-executor-thread-82379#
Step "Stage App" finished#
#2026 09 11 07:17:23.575#Z#DEBUG#b0b272a9-adb0-11f1-ab12-eeee0a941739.OPERATION#flowable-async-job-executor-thread-36715#
[StageAppStep] Executing task "stageAppTask" of process "b8e9917c-adb0-11f1-9a30-eeee0a8fa52c"...#
#2026 09 11 07:17:23.577#Z#DEBUG#b0b272a9-adb0-11f1-ab12-eeee0a941739.OPERATION#flowable-async-job-executor-thread-36715#
[StageAppStep] Application stage timeout is default one: 3,600 seconds#
#2026 09 11 07:17:23.649#Z#DEBUG#b0b272a9-adb0-11f1-ab12-eeee0a941739.OPERATION#flowable-async-job-executor-thread-36715#
[StageAppStep] Checking status of application "note-for-approval-db-deployer"...#
#2026 09 11 07:17:23.649#Z#DEBUG#b0b272a9-adb0-11f1-ab12-eeee0a941739.OPERATION#flowable-async-job-executor-thread-36715#
[StageAppStep] Getting build "2a634f7d-9439-4297-884d-0ae7a7220a4e"...#
#2026 09 11 07:17:23.701#Z#DEBUG#b0b272a9-adb0-11f1-ab12-eeee0a941739.OPERATION#flowable-async-job-executor-thread-36715#
[StageAppStep] Staging status of application "note-for-approval-db-deployer": STAGED#
#2026 09 11 07:17:23.702#Z#DEBUG#b0b272a9-adb0-11f1-ab12-eeee0a941739.OPERATION#flowable-async-job-executor-thread-36715#
[StageAppStep] Getting application guid "note-for-approval-db-deployer"...#
#2026 09 11 07:17:23.771#Z#DEBUG#b0b272a9-adb0-11f1-ab12-eeee0a941739.OPERATION#flowable-async-job-executor-thread-36715#
[StageAppStep] Getting build "2a634f7d-9439-4297-884d-0ae7a7220a4e"...#
#2026 09 11 07:17:23.818#Z#DEBUG#b0b272a9-adb0-11f1-ab12-eeee0a941739.OPERATION#flowable-async-job-executor-thread-36715#
[StageAppStep] Binding droplet "9b92392a-ee48-4ebf-b610-9aa6664c92c0" to application "cfa7ca5e-15f8-47db-8f56-b1eb52c10373"...#
#2026 09 11 07:17:23.884#Z#INFO#b0b272a9-adb0-11f1-ab12-eeee0a941739.OPERATION#flowable-async-job-executor-thread-36715#
[StageAppStep] Application "note-for-approval-db-deployer" staged#
#2026 09 11 07:17:23.889#Z#DEBUG#b0b272a9-adb0-11f1-ab12-eeee0a941739.OPERATION#flowable-async-job-executor-thread-36715#
Step "Stage App" finished#
#2026 09 11 07:17:23.968#Z#DEBUG#b0b272a9-adb0-11f1-ab12-eeee0a941739.OPERATION#flowable-async-job-executor-thread-36717#
[PrepareToExecuteTasksStep] Executing task "prepareToExecuteTasksTask" of process "d5e0e1aa-adb0-11f1-ae9c-eeee0a8f92b6"...#
#2026 09 11 07:17:23.970#Z#DEBUG#b0b272a9-adb0-11f1-ab12-eeee0a941739.OPERATION#flowable-async-job-executor-thread-36717#
Step "Prepare To Execute Tasks" finished#
#2026 09 11 07:17:23.999#Z#DEBUG#b0b272a9-adb0-11f1-ab12-eeee0a941739.OPERATION#flowable-async-job-executor-thread-36718#
[ExecuteTaskStep] Executing task "executeTaskTask" of process "d5e0e1aa-adb0-11f1-ae9c-eeee0a8f92b6"...#
#2026 09 11 07:17:24.001#Z#DEBUG#b0b272a9-adb0-11f1-ab12-eeee0a941739.OPERATION#flowable-async-job-executor-thread-36718#
[ExecuteTaskStep] Application task execution timeout is default one: 43,200 seconds#
#2026 09 11 07:17:24.003#Z#INFO#b0b272a9-adb0-11f1-ab12-eeee0a941739.OPERATION#flowable-async-job-executor-thread-36718#
[ExecuteTaskStep] Executing task "deploy" on application "note-for-approval-db-deployer"...#
#2026 09 11 07:17:24.008#Z#DEBUG#b0b272a9-adb0-11f1-ab12-eeee0a941739.OPERATION#flowable-async-job-executor-thread-36718#
[ExecuteTaskStep] Running task on application "note-for-approval-db-deployer": {
  "name" : "deploy",
  "command" : "npm start",
  "limits" : {
    "memory" : 256
  }
}#
#2026 09 11 07:17:24.292#Z#DEBUG#b0b272a9-adb0-11f1-ab12-eeee0a941739.OPERATION#flowable-async-job-executor-thread-36718#
Step "Execute Task" finished#
#2026 09 11 07:17:33.603#Z#DEBUG#b0b272a9-adb0-11f1-ab12-eeee0a941739.OPERATION#flowable-async-job-executor-thread-31309#
[StageAppStep] Executing task "stageAppTask" of process "ca09b8c1-adb0-11f1-8864-eeee0a8ca0de"...#
#2026 09 11 07:17:33.606#Z#DEBUG#b0b272a9-adb0-11f1-ab12-eeee0a941739.OPERATION#flowable-async-job-executor-thread-31309#
[StageAppStep] Application stage timeout is default one: 3,600 seconds#
#2026 09 11 07:17:33.607#Z#DEBUG#b0b272a9-adb0-11f1-ab12-eeee0a941739.OPERATION#flowable-async-job-executor-thread-31309#
[StageAppStep] Checking status of application "note-for-approval-srv"...#
#2026 09 11 07:17:33.607#Z#DEBUG#b0b272a9-adb0-11f1-ab12-eeee0a941739.OPERATION#flowable-async-job-executor-thread-31309#
[StageAppStep] Getting build "609e98a6-f4bf-47fe-a400-d460081e2ae4"...#
#2026 09 11 07:17:33.640#Z#DEBUG#b0b272a9-adb0-11f1-ab12-eeee0a941739.OPERATION#flowable-async-job-executor-thread-31309#
[StageAppStep] Staging status of application "note-for-approval-srv": PENDING#
#2026 09 11 07:17:33.642#Z#DEBUG#b0b272a9-adb0-11f1-ab12-eeee0a941739.OPERATION#flowable-async-job-executor-thread-31309#
[StageAppStep] Getting application guid "note-for-approval-srv"...#
#2026 09 11 07:17:33.738#Z#DEBUG#b0b272a9-adb0-11f1-ab12-eeee0a941739.OPERATION#flowable-async-job-executor-thread-31309#
Step "Stage App" finished#
#2026 09 11 07:17:33.593#Z#DEBUG#b0b272a9-adb0-11f1-ab12-eeee0a941739.OPERATION#flowable-async-job-executor-thread-82420#
[ExecuteTaskStep] Executing task "executeTaskTask" of process "d5e0e1aa-adb0-11f1-ae9c-eeee0a8f92b6"...#
#2026 09 11 07:17:33.595#Z#DEBUG#b0b272a9-adb0-11f1-ab12-eeee0a941739.OPERATION#flowable-async-job-executor-thread-82420#
[ExecuteTaskStep] Application task execution timeout is default one: 43,200 seconds#
#2026 09 11 07:17:33.596#Z#DEBUG#b0b272a9-adb0-11f1-ab12-eeee0a941739.OPERATION#flowable-async-job-executor-thread-82420#
[ExecuteTaskStep] Getting task "5572e8eb-bd7e-48d3-9bbb-bf7d715c4d08"...#
#2026 09 11 07:17:33.640#Z#DEBUG#b0b272a9-adb0-11f1-ab12-eeee0a941739.OPERATION#flowable-async-job-executor-thread-82420#
[ExecuteTaskStep] Task execution status: succeeded#
#2026 09 11 07:17:33.642#Z#DEBUG#b0b272a9-adb0-11f1-ab12-eeee0a941739.OPERATION#flowable-async-job-executor-thread-82420#
[ExecuteTaskStep] Getting application guid "note-for-approval-db-deployer"...#
#2026 09 11 07:17:33.740#Z#DEBUG#b0b272a9-adb0-11f1-ab12-eeee0a941739.OPERATION#flowable-async-job-executor-thread-82420#
Step "Execute Task" finished#
#2026 09 11 07:17:33.765#Z#DEBUG#b0b272a9-adb0-11f1-ab12-eeee0a941739.OPERATION#flowable-async-job-executor-thread-82425#
[IncrementIndexStep] Executing task "incrementTaskIndexTask" of process "d5e0e1aa-adb0-11f1-ae9c-eeee0a8f92b6"...#
#2026 09 11 07:17:33.767#Z#DEBUG#b0b272a9-adb0-11f1-ab12-eeee0a941739.OPERATION#flowable-async-job-executor-thread-82425#
Step "Increment Task Index" finished#
#2026 09 11 07:17:33.812#Z#DEBUG#b0b272a9-adb0-11f1-ab12-eeee0a941739.OPERATION#flowable-async-job-executor-thread-82427#
[PublishConfigurationEntriesStep] Executing task "publishProvidedDependenciesTask" of process "b8e9917c-adb0-11f1-9a30-eeee0a8fa52c"...#
#2026 09 11 07:17:33.813#Z#DEBUG#b0b272a9-adb0-11f1-ab12-eeee0a941739.OPERATION#flowable-async-job-executor-thread-82427#
[PublishConfigurationEntriesStep] Publishing public provided dependencies for application "note-for-approval-db-deployer"...#
#2026 09 11 07:17:33.813#Z#DEBUG#b0b272a9-adb0-11f1-ab12-eeee0a941739.OPERATION#flowable-async-job-executor-thread-82427#
[PublishConfigurationEntriesStep] No public provided dependencies for publishing#
#2026 09 11 07:17:33.813#Z#DEBUG#b0b272a9-adb0-11f1-ab12-eeee0a941739.OPERATION#flowable-async-job-executor-thread-82427#
Step "Publish Provided Dependencies" finished#
#2026 09 11 07:17:33.838#Z#DEBUG#b0b272a9-adb0-11f1-ab12-eeee0a941739.OPERATION#flowable-async-job-executor-thread-82428#
[CreateOrUpdateServiceBrokerStep] Executing task "createOrUpdateServiceBrokerTask" of process "b8e9917c-adb0-11f1-9a30-eeee0a8fa52c"...#
#2026 09 11 07:17:33.839#Z#DEBUG#b0b272a9-adb0-11f1-ab12-eeee0a941739.OPERATION#flowable-async-job-executor-thread-82428#
[CreateOrUpdateServiceBrokerStep] Creating service brokers...#
#2026 09 11 07:17:33.840#Z#DEBUG#b0b272a9-adb0-11f1-ab12-eeee0a941739.OPERATION#flowable-async-job-executor-thread-82428#
Step "Create Or Update Service Broker " finished#
#2026 09 11 07:17:43.609#Z#DEBUG#b0b272a9-adb0-11f1-ab12-eeee0a941739.OPERATION#flowable-async-job-executor-thread-82443#
[StageAppStep] Executing task "stageAppTask" of process "ca09b8c1-adb0-11f1-8864-eeee0a8ca0de"...#
#2026 09 11 07:17:43.610#Z#DEBUG#b0b272a9-adb0-11f1-ab12-eeee0a941739.OPERATION#flowable-async-job-executor-thread-82443#
[StageAppStep] Application stage timeout is default one: 3,600 seconds#
#2026 09 11 07:17:43.611#Z#DEBUG#b0b272a9-adb0-11f1-ab12-eeee0a941739.OPERATION#flowable-async-job-executor-thread-82443#
[StageAppStep] Checking status of application "note-for-approval-srv"...#
#2026 09 11 07:17:43.611#Z#DEBUG#b0b272a9-adb0-11f1-ab12-eeee0a941739.OPERATION#flowable-async-job-executor-thread-82443#
[StageAppStep] Getting build "609e98a6-f4bf-47fe-a400-d460081e2ae4"...#
#2026 09 11 07:17:43.661#Z#DEBUG#b0b272a9-adb0-11f1-ab12-eeee0a941739.OPERATION#flowable-async-job-executor-thread-82443#
[StageAppStep] Staging status of application "note-for-approval-srv": STAGED#
#2026 09 11 07:17:43.662#Z#DEBUG#b0b272a9-adb0-11f1-ab12-eeee0a941739.OPERATION#flowable-async-job-executor-thread-82443#
[StageAppStep] Getting application guid "note-for-approval-srv"...#
#2026 09 11 07:17:43.727#Z#DEBUG#b0b272a9-adb0-11f1-ab12-eeee0a941739.OPERATION#flowable-async-job-executor-thread-82443#
[StageAppStep] Getting build "609e98a6-f4bf-47fe-a400-d460081e2ae4"...#
#2026 09 11 07:17:43.761#Z#DEBUG#b0b272a9-adb0-11f1-ab12-eeee0a941739.OPERATION#flowable-async-job-executor-thread-82443#
[StageAppStep] Binding droplet "c97d0f05-76f4-4d88-b157-b453bb94b400" to application "7037cbc0-f596-4751-ad38-f95db4aad153"...#
#2026 09 11 07:17:43.823#Z#INFO#b0b272a9-adb0-11f1-ab12-eeee0a941739.OPERATION#flowable-async-job-executor-thread-82443#
[StageAppStep] Application "note-for-approval-srv" staged#
#2026 09 11 07:17:43.829#Z#DEBUG#b0b272a9-adb0-11f1-ab12-eeee0a941739.OPERATION#flowable-async-job-executor-thread-82443#
Step "Stage App" finished#
#2026 09 11 07:17:43.857#Z#DEBUG#b0b272a9-adb0-11f1-ab12-eeee0a941739.OPERATION#flowable-async-job-executor-thread-82449#
[RestartAppStep] Executing task "startAppTask" of process "ca09b8c1-adb0-11f1-8864-eeee0a8ca0de"...#
#2026 09 11 07:17:43.860#Z#DEBUG#b0b272a9-adb0-11f1-ab12-eeee0a941739.OPERATION#flowable-async-job-executor-thread-82449#
[RestartAppStep] Application start timeout is default one: 3,600 seconds#
#2026 09 11 07:17:43.866#Z#DEBUG#b0b272a9-adb0-11f1-ab12-eeee0a941739.OPERATION#flowable-async-job-executor-thread-82449#
[RestartAppStep] Getting application "note-for-approval-srv"...#
#2026 09 11 07:17:43.893#Z#INFO#b0b272a9-adb0-11f1-ab12-eeee0a941739.OPERATION#flowable-async-job-executor-thread-82449#
[RestartAppStep] Starting application "note-for-approval-srv"...#
#2026 09 11 07:17:43.896#Z#DEBUG#b0b272a9-adb0-11f1-ab12-eeee0a941739.OPERATION#flowable-async-job-executor-thread-82449#
[RestartAppStep] Starting application "note-for-approval-srv"...#
#2026 09 11 07:17:44.223#Z#DEBUG#b0b272a9-adb0-11f1-ab12-eeee0a941739.OPERATION#flowable-async-job-executor-thread-82449#
Step "Start App" finished#
#2026 09 11 07:17:53.628#Z#DEBUG#b0b272a9-adb0-11f1-ab12-eeee0a941739.OPERATION#flowable-async-job-executor-thread-82467#
[RestartAppStep] Executing task "startAppTask" of process "e1f9589b-adb0-11f1-8864-eeee0a8ca0de"...#
#2026 09 11 07:17:53.630#Z#DEBUG#b0b272a9-adb0-11f1-ab12-eeee0a941739.OPERATION#flowable-async-job-executor-thread-82467#
[RestartAppStep] Application start timeout is default one: 3,600 seconds#
#2026 09 11 07:17:53.631#Z#DEBUG#b0b272a9-adb0-11f1-ab12-eeee0a941739.OPERATION#flowable-async-job-executor-thread-82467#
[RestartAppStep] Checking status of application "note-for-approval-srv"...#
#2026 09 11 07:17:53.631#Z#DEBUG#b0b272a9-adb0-11f1-ab12-eeee0a941739.OPERATION#flowable-async-job-executor-thread-82467#
[RestartAppStep] Getting application "note-for-approval-srv"...#
#2026 09 11 07:17:53.666#Z#DEBUG#b0b272a9-adb0-11f1-ab12-eeee0a941739.OPERATION#flowable-async-job-executor-thread-82467#
[RestartAppStep] Getting instances for application "note-for-approval-srv"...#
#2026 09 11 07:17:53.717#Z#DEBUG#b0b272a9-adb0-11f1-ab12-eeee0a941739.OPERATION#flowable-async-job-executor-thread-82467#
[RestartAppStep] Application "note-for-approval-srv": 1 of 1 instances running (1 running)#
#2026 09 11 07:17:53.792#Z#DEBUG#b0b272a9-adb0-11f1-ab12-eeee0a941739.OPERATION#flowable-async-job-executor-thread-82467#
[RestartAppStep] Getting routes for application "7037cbc0-f596-4751-ad38-f95db4aad153"...#
#2026 09 11 07:17:53.849#Z#INFO#b0b272a9-adb0-11f1-ab12-eeee0a941739.OPERATION#flowable-async-job-executor-thread-82467#
[RestartAppStep] Application "note-for-approval-srv" started and available at "brainbox-consulting-bv-brainboxconsultingig-dev-note-fo4054ba4a.cfapps.eu10-005.hana.ondemand.com"#
#2026 09 11 07:17:53.854#Z#DEBUG#b0b272a9-adb0-11f1-ab12-eeee0a941739.OPERATION#flowable-async-job-executor-thread-82467#
Step "Start App" finished#
#2026 09 11 07:18:03.717#Z#DEBUG#b0b272a9-adb0-11f1-ab12-eeee0a941739.OPERATION#flowable-async-job-executor-thread-25893#
[RestartAppStep] Executing task "startAppTask" of process "e7b6ec04-adb0-11f1-8864-eeee0a8ca0de"...#
#2026 09 11 07:18:03.722#Z#DEBUG#b0b272a9-adb0-11f1-ab12-eeee0a941739.OPERATION#flowable-async-job-executor-thread-25893#
[RestartAppStep] Application start timeout is default one: 3,600 seconds#
#2026 09 11 07:18:03.724#Z#DEBUG#b0b272a9-adb0-11f1-ab12-eeee0a941739.OPERATION#flowable-async-job-executor-thread-25893#
Step "Start App" finished#
#2026 09 11 07:18:03.838#Z#DEBUG#b0b272a9-adb0-11f1-ab12-eeee0a941739.OPERATION#flowable-async-job-executor-thread-25897#
[PrepareToExecuteTasksStep] Executing task "prepareToExecuteTasksTask" of process "eda21e21-adb0-11f1-ab12-eeee0a941739"...#
#2026 09 11 07:18:03.841#Z#DEBUG#b0b272a9-adb0-11f1-ab12-eeee0a941739.OPERATION#flowable-async-job-executor-thread-25897#
Step "Prepare To Execute Tasks" finished#
#2026 09 11 07:18:03.928#Z#DEBUG#b0b272a9-adb0-11f1-ab12-eeee0a941739.OPERATION#flowable-async-job-executor-thread-25902#
[PublishConfigurationEntriesStep] Executing task "publishProvidedDependenciesTask" of process "ed99e095-adb0-11f1-ab12-eeee0a941739"...#
#2026 09 11 07:18:03.929#Z#DEBUG#b0b272a9-adb0-11f1-ab12-eeee0a941739.OPERATION#flowable-async-job-executor-thread-25902#
[PublishConfigurationEntriesStep] Publishing public provided dependencies for application "note-for-approval-srv"...#
#2026 09 11 07:18:03.931#Z#DEBUG#b0b272a9-adb0-11f1-ab12-eeee0a941739.OPERATION#flowable-async-job-executor-thread-25902#
[PublishConfigurationEntriesStep] No public provided dependencies for publishing#
#2026 09 11 07:18:03.931#Z#DEBUG#b0b272a9-adb0-11f1-ab12-eeee0a941739.OPERATION#flowable-async-job-executor-thread-25902#
Step "Publish Provided Dependencies" finished#
#2026 09 11 07:18:03.986#Z#DEBUG#b0b272a9-adb0-11f1-ab12-eeee0a941739.OPERATION#flowable-async-job-executor-thread-25903#
[CreateOrUpdateServiceBrokerStep] Executing task "createOrUpdateServiceBrokerTask" of process "ed99e095-adb0-11f1-ab12-eeee0a941739"...#
#2026 09 11 07:18:03.988#Z#DEBUG#b0b272a9-adb0-11f1-ab12-eeee0a941739.OPERATION#flowable-async-job-executor-thread-25903#
[CreateOrUpdateServiceBrokerStep] Creating service brokers...#
#2026 09 11 07:18:03.989#Z#DEBUG#b0b272a9-adb0-11f1-ab12-eeee0a941739.OPERATION#flowable-async-job-executor-thread-25903#
Step "Create Or Update Service Broker " finished#
#2026 09 11 07:18:04.240#Z#DEBUG#b0b272a9-adb0-11f1-ab12-eeee0a941739.OPERATION#flowable-async-job-executor-thread-25907#
[CreateSubscriptionsStep] Executing task "createSubscriptionsTask" of process "edd11db3-adb0-11f1-ab12-eeee0a941739"...#
#2026 09 11 07:18:04.241#Z#DEBUG#b0b272a9-adb0-11f1-ab12-eeee0a941739.OPERATION#flowable-async-job-executor-thread-25907#
[CreateSubscriptionsStep] Creating subscriptions...#
#2026 09 11 07:18:04.242#Z#DEBUG#b0b272a9-adb0-11f1-ab12-eeee0a941739.OPERATION#flowable-async-job-executor-thread-25907#
[CreateSubscriptionsStep] Subscriptions created#
#2026 09 11 07:18:04.242#Z#DEBUG#b0b272a9-adb0-11f1-ab12-eeee0a941739.OPERATION#flowable-async-job-executor-thread-25907#
Step "Create Subscriptions" finished#
#2026 09 11 07:18:04.278#Z#DEBUG#b0b272a9-adb0-11f1-ab12-eeee0a941739.OPERATION#flowable-async-job-executor-thread-25908#
[DeleteSubscriptionsStep] Executing task "deleteSubscriptionsTask" of process "edd11db3-adb0-11f1-ab12-eeee0a941739"...#
#2026 09 11 07:18:04.279#Z#DEBUG#b0b272a9-adb0-11f1-ab12-eeee0a941739.OPERATION#flowable-async-job-executor-thread-25908#
[DeleteSubscriptionsStep] Deleting discontinued subscriptions...#
#2026 09 11 07:18:04.282#Z#DEBUG#b0b272a9-adb0-11f1-ab12-eeee0a941739.OPERATION#flowable-async-job-executor-thread-25908#
[DeleteSubscriptionsStep] Subscriptions to delete: [ ]#
#2026 09 11 07:18:04.282#Z#DEBUG#b0b272a9-adb0-11f1-ab12-eeee0a941739.OPERATION#flowable-async-job-executor-thread-25908#
[DeleteSubscriptionsStep] Deleted discontinued subscriptions#
#2026 09 11 07:18:04.282#Z#DEBUG#b0b272a9-adb0-11f1-ab12-eeee0a941739.OPERATION#flowable-async-job-executor-thread-25908#
Step "Delete Subscriptions" finished#
#2026 09 11 07:18:04.314#Z#DEBUG#b0b272a9-adb0-11f1-ab12-eeee0a941739.OPERATION#flowable-async-job-executor-thread-25909#
[DeleteDiscontinuedConfigurationEntriesStep] Executing task "deleteDiscontinuedConfigurationEntriesTask" of process "edd11db3-adb0-11f1-ab12-eeee0a941739"...#
#2026 09 11 07:18:04.315#Z#DEBUG#b0b272a9-adb0-11f1-ab12-eeee0a941739.OPERATION#flowable-async-job-executor-thread-25909#
[DeleteDiscontinuedConfigurationEntriesStep] Deleting discontinued published dependencies...#
#2026 09 11 07:18:04.364#Z#DEBUG#b0b272a9-adb0-11f1-ab12-eeee0a941739.OPERATION#flowable-async-job-executor-thread-25909#
[DeleteDiscontinuedConfigurationEntriesStep] Deleted entries: [ ]#
#2026 09 11 07:18:04.364#Z#DEBUG#b0b272a9-adb0-11f1-ab12-eeee0a941739.OPERATION#flowable-async-job-executor-thread-25909#
[DeleteDiscontinuedConfigurationEntriesStep] Discontinued published dependencies deleted#
#2026 09 11 07:18:04.364#Z#DEBUG#b0b272a9-adb0-11f1-ab12-eeee0a941739.OPERATION#flowable-async-job-executor-thread-25909#
Step "Delete Discontinued Configuration Entries" finished#
#2026 09 11 07:18:04.372#Z#WARN#b0b272a9-adb0-11f1-ab12-eeee0a941739.OPERATION#flowable-async-job-executor-thread-25909#
[DoNotDeleteServicesListener] Skipping deletion of services, because the command line option "--delete-services" is not specified.#
#2026 09 11 07:18:04.417#Z#DEBUG#b0b272a9-adb0-11f1-ab12-eeee0a941739.OPERATION#flowable-async-job-executor-thread-25910#
[DetachServicesFromMtaStep] Executing task "detachServicesFromMtaTask" of process "edfb621c-adb0-11f1-ab12-eeee0a941739"...#
#2026 09 11 07:18:04.419#Z#DEBUG#b0b272a9-adb0-11f1-ab12-eeee0a941739.OPERATION#flowable-async-job-executor-thread-25910#
[DetachServicesFromMtaStep] Detaching services from MTA...#
#2026 09 11 07:18:04.421#Z#DEBUG#b0b272a9-adb0-11f1-ab12-eeee0a941739.OPERATION#flowable-async-job-executor-thread-25910#
[DetachServicesFromMtaStep] Getting service instances without auxiliary content by names []...#
#2026 09 11 07:18:04.421#Z#DEBUG#b0b272a9-adb0-11f1-ab12-eeee0a941739.OPERATION#flowable-async-job-executor-thread-25910#
[DetachServicesFromMtaStep] Detached services from MTA#
#2026 09 11 07:18:04.421#Z#DEBUG#b0b272a9-adb0-11f1-ab12-eeee0a941739.OPERATION#flowable-async-job-executor-thread-25910#
Step "Detach Services from MTA" finished#
#2026 09 11 07:18:04.462#Z#DEBUG#b0b272a9-adb0-11f1-ab12-eeee0a941739.OPERATION#flowable-async-job-executor-thread-25911#
[UpdateSubscribersStep] Executing task "updateSubscribersTask" of process "edfb621c-adb0-11f1-ab12-eeee0a941739"...#
#2026 09 11 07:18:04.464#Z#DEBUG#b0b272a9-adb0-11f1-ab12-eeee0a941739.OPERATION#flowable-async-job-executor-thread-25911#
[UpdateSubscribersStep] Updating subscribers...#
#2026 09 11 07:18:04.551#Z#DEBUG#b0b272a9-adb0-11f1-ab12-eeee0a941739.OPERATION#flowable-async-job-executor-thread-25911#
[UpdateSubscribersStep] Subscribers updated#
#2026 09 11 07:18:04.551#Z#DEBUG#b0b272a9-adb0-11f1-ab12-eeee0a941739.OPERATION#flowable-async-job-executor-thread-25911#
Step "Update Subscribers" finished#
#2026 09 11 07:18:04.589#Z#DEBUG#b0b272a9-adb0-11f1-ab12-eeee0a941739.OPERATION#flowable-async-job-executor-thread-25912#
[RestartSubscribersStep] Executing task "restartSubscribersTask" of process "edfb621c-adb0-11f1-ab12-eeee0a941739"...#
#2026 09 11 07:18:04.592#Z#DEBUG#b0b272a9-adb0-11f1-ab12-eeee0a941739.OPERATION#flowable-async-job-executor-thread-25912#
Step "Restart Subscribers" finished#
#2026 09 11 07:18:04.631#Z#DEBUG#b0b272a9-adb0-11f1-ab12-eeee0a941739.OPERATION#flowable-async-job-executor-thread-25913#
[PrepareToRestartServiceBrokerSubscribersStep] Executing task "prepareToRestartServiceBrokerSubscribersTask" of process "edfb621c-adb0-11f1-ab12-eeee0a941739"...#
#2026 09 11 07:18:04.634#Z#DEBUG#b0b272a9-adb0-11f1-ab12-eeee0a941739.OPERATION#flowable-async-job-executor-thread-25913#
Step "Prepare To Restart Service Brokers Subscribers" finished#
