#2026 09 03 08:19:43.195#Z#INFO#3758d499-a770-11f1-be6f-eeee0a871e3d.OPERATION#http-nio-0.0.0.0-8080-exec-6#
[XS2StartProcessListener] Operation ID: 3758d499-a770-11f1-be6f-eeee0a871e3d#
#2026 09 03 08:19:43.212#Z#DEBUG#3758d499-a770-11f1-be6f-eeee0a871e3d.OPERATION#http-nio-0.0.0.0-8080-exec-6#
[XS2StartProcessListener] Process environment: {
  "SKIP_SSL_VALIDATION" : "false",
  "FLOWABLE_JOB_EXECUTOR_MAX_THREADS" : "128",
  "VERSION" : "2.53.0",
  "BASIC_AUTH_ENABLED" : "true",
  "FLOWABLE_JOB_EXECUTOR_QUEUE_CAPACITY" : "4",
  "FLOWABLE_JOB_EXECUTOR_CORE_THREADS" : "64"
}#
#2026 09 03 08:19:43.212#Z#DEBUG#3758d499-a770-11f1-be6f-eeee0a871e3d.OPERATION#http-nio-0.0.0.0-8080-exec-6#
[XS2StartProcessListener] Current user: jai@brainbox.consulting#
#2026 09 03 08:19:43.212#Z#DEBUG#3758d499-a770-11f1-be6f-eeee0a871e3d.OPERATION#http-nio-0.0.0.0-8080-exec-6#
[XS2StartProcessListener] Client space: dev#
#2026 09 03 08:19:43.212#Z#DEBUG#3758d499-a770-11f1-be6f-eeee0a871e3d.OPERATION#http-nio-0.0.0.0-8080-exec-6#
[XS2StartProcessListener] Client organization: BrainBox Consulting BV_BrainboxConsultingIG#
#2026 09 03 08:19:43.212#Z#INFO#3758d499-a770-11f1-be6f-eeee0a871e3d.OPERATION#http-nio-0.0.0.0-8080-exec-6#
[XS2StartProcessListener] Process variables: {
  "keepFiles" : false,
  "skipAppDigestCalculation" : false,
  "abortOnError" : false,
  "mtaId" : "note-for-approval",
  "noFailOnMissingPermissions" : false,
  "isSecurityEnabled" : false,
  "apiRequestPath" : "https://deploy-service.cf.eu10-005.hana.ondemand.com/api/v1/spaces/68e32ac3-8ca0-48aa-af92-b0c9129360d2/operations",
  "deleteServiceBrokers" : false,
  "appArchiveId" : "e37c369b-e158-4740-9d05-0231b50f5534",
  "isDisposableUserProvidedServiceEnabled" : false,
  "deleteServiceKeys" : false,
  "noRestartSubscribedApps" : false,
  "noStart" : false,
  "deleteServices" : false
}#
#2026 09 03 08:19:43.319#Z#DEBUG#3758d499-a770-11f1-be6f-eeee0a871e3d.OPERATION#flowable-async-job-executor-thread-4416#
[ValidateDeployParametersStep] Executing task "validateParametersTask" of process "3758d4bf-a770-11f1-be6f-eeee0a871e3d"...#
#2026 09 03 08:19:43.319#Z#DEBUG#3758d499-a770-11f1-be6f-eeee0a871e3d.OPERATION#flowable-async-job-executor-thread-4416#
[ValidateDeployParametersStep] Validating parameters...#
#2026 09 03 08:19:43.321#Z#INFO#3758d499-a770-11f1-be6f-eeee0a871e3d.OPERATION#flowable-async-job-executor-thread-4416#
[ValidateDeployParametersStep] Size of mtars is 25,226,651 and size of extension descriptors is 0#
#2026 09 03 08:19:43.344#Z#INFO#3758d499-a770-11f1-be6f-eeee0a871e3d.OPERATION#flowable-async-job-executor-thread-4416#
[ValidateDeployParametersStep] Archive was not split! Total size in bytes: 25,226,651#
#2026 09 03 08:19:43.344#Z#INFO#3758d499-a770-11f1-be6f-eeee0a871e3d.OPERATION#flowable-async-job-executor-thread-4416#
[ValidateDeployParametersStep] Deploying in org "BrainBox Consulting BV_BrainboxConsultingIG" and space "dev"#
#2026 09 03 08:19:43.348#Z#DEBUG#3758d499-a770-11f1-be6f-eeee0a871e3d.OPERATION#flowable-async-job-executor-thread-4416#
[ValidateDeployParametersStep] Parameters validated#
#2026 09 03 08:19:43.348#Z#DEBUG#3758d499-a770-11f1-be6f-eeee0a871e3d.OPERATION#flowable-async-job-executor-thread-4416#
Step "Validate Parameters" finished#
#2026 09 03 08:19:43.370#Z#DEBUG#3758d499-a770-11f1-be6f-eeee0a871e3d.OPERATION#flowable-async-job-executor-thread-4417#
[DeleteRemainingFileParts] Executing task "deleteRemainingFileParts" of process "3758d4bf-a770-11f1-be6f-eeee0a871e3d"...#
#2026 09 03 08:19:43.370#Z#DEBUG#3758d499-a770-11f1-be6f-eeee0a871e3d.OPERATION#flowable-async-job-executor-thread-4417#
Step "Delete Remaining File Parts" finished#
#2026 09 03 08:19:43.392#Z#DEBUG#3758d499-a770-11f1-be6f-eeee0a871e3d.OPERATION#flowable-async-job-executor-thread-4418#
[XS2ProcessMtaArchiveStep] Executing task "processArchiveTask" of process "3758d4bf-a770-11f1-be6f-eeee0a871e3d"...#
#2026 09 03 08:19:43.393#Z#DEBUG#3758d499-a770-11f1-be6f-eeee0a871e3d.OPERATION#flowable-async-job-executor-thread-4418#
[XS2ProcessMtaArchiveStep] Processing MTA archive...#
#2026 09 03 08:19:43.393#Z#DEBUG#3758d499-a770-11f1-be6f-eeee0a871e3d.OPERATION#flowable-async-job-executor-thread-4418#
[XS2ProcessMtaArchiveStep] MTA Archive ID: e37c369b-e158-4740-9d05-0231b50f5534#
#2026 09 03 08:19:43.716#Z#DEBUG#3758d499-a770-11f1-be6f-eeee0a871e3d.OPERATION#flowable-async-job-executor-thread-4418#
[XS2ProcessMtaArchiveStep] MTA Descriptor length: 2,459#
#2026 09 03 08:19:43.716#Z#DEBUG#3758d499-a770-11f1-be6f-eeee0a871e3d.OPERATION#flowable-async-job-executor-thread-4418#
[XS2ProcessMtaArchiveStep] MTA Archive Modules: [note-for-approval-db-deployer, note-for-approval-srv, note-for-approval-app-content, note-for-approval]#
#2026 09 03 08:19:43.716#Z#DEBUG#3758d499-a770-11f1-be6f-eeee0a871e3d.OPERATION#flowable-async-job-executor-thread-4418#
[XS2ProcessMtaArchiveStep] MTA Archive Requires: []#
#2026 09 03 08:19:43.716#Z#DEBUG#3758d499-a770-11f1-be6f-eeee0a871e3d.OPERATION#flowable-async-job-executor-thread-4418#
[XS2ProcessMtaArchiveStep] MTA Archive Resources: []#
#2026 09 03 08:19:43.725#Z#DEBUG#3758d499-a770-11f1-be6f-eeee0a871e3d.OPERATION#flowable-async-job-executor-thread-4418#
[XS2ProcessMtaArchiveStep] MTA archive processed#
#2026 09 03 08:19:43.725#Z#DEBUG#3758d499-a770-11f1-be6f-eeee0a871e3d.OPERATION#flowable-async-job-executor-thread-4418#
Step "Process Archive" finished#
#2026 09 03 08:19:43.753#Z#DEBUG#3758d499-a770-11f1-be6f-eeee0a871e3d.OPERATION#flowable-async-job-executor-thread-4419#
[ProcessMtaExtensionDescriptorsStep] Executing task "processExtensionDescriptorsTask" of process "3758d4bf-a770-11f1-be6f-eeee0a871e3d"...#
#2026 09 03 08:19:43.753#Z#DEBUG#3758d499-a770-11f1-be6f-eeee0a871e3d.OPERATION#flowable-async-job-executor-thread-4419#
[ProcessMtaExtensionDescriptorsStep] Processing MTA extension descriptors...#
#2026 09 03 08:19:43.754#Z#DEBUG#3758d499-a770-11f1-be6f-eeee0a871e3d.OPERATION#flowable-async-job-executor-thread-4419#
[ProcessMtaExtensionDescriptorsStep] Provided extension descriptors: [ ]#
#2026 09 03 08:19:43.754#Z#DEBUG#3758d499-a770-11f1-be6f-eeee0a871e3d.OPERATION#flowable-async-job-executor-thread-4419#
[ProcessMtaExtensionDescriptorsStep] No extension descriptors in use#
#2026 09 03 08:19:43.754#Z#DEBUG#3758d499-a770-11f1-be6f-eeee0a871e3d.OPERATION#flowable-async-job-executor-thread-4419#
[ProcessMtaExtensionDescriptorsStep] MTA extension descriptors processed#
#2026 09 03 08:19:43.754#Z#DEBUG#3758d499-a770-11f1-be6f-eeee0a871e3d.OPERATION#flowable-async-job-executor-thread-4419#
Step "Process Extension Descriptors" finished#
#2026 09 03 08:19:43.778#Z#DEBUG#3758d499-a770-11f1-be6f-eeee0a871e3d.OPERATION#flowable-async-job-executor-thread-4420#
[XS2DetectMtaSchemaVersionStep] Executing task "detectSchemaVersionTask" of process "3758d4bf-a770-11f1-be6f-eeee0a871e3d"...#
#2026 09 03 08:19:43.778#Z#DEBUG#3758d499-a770-11f1-be6f-eeee0a871e3d.OPERATION#flowable-async-job-executor-thread-4420#
[XS2DetectMtaSchemaVersionStep] Detecting MTA major schema version...#
#2026 09 03 08:19:43.780#Z#INFO#3758d499-a770-11f1-be6f-eeee0a871e3d.OPERATION#flowable-async-job-executor-thread-4420#
[XS2DetectMtaSchemaVersionStep] Detected MTA schema version: "3"#
#2026 09 03 08:19:43.784#Z#DEBUG#3758d499-a770-11f1-be6f-eeee0a871e3d.OPERATION#flowable-async-job-executor-thread-4420#
Step "Detect Schema Version" finished#
#2026 09 03 08:19:43.807#Z#DEBUG#3758d499-a770-11f1-be6f-eeee0a871e3d.OPERATION#flowable-async-job-executor-thread-4421#
[MergeDescriptorsStep] Executing task "mergeDescriptorsTask" of process "3758d4bf-a770-11f1-be6f-eeee0a871e3d"...#
#2026 09 03 08:19:43.808#Z#DEBUG#3758d499-a770-11f1-be6f-eeee0a871e3d.OPERATION#flowable-async-job-executor-thread-4421#
[MergeDescriptorsStep] Validating and merging descriptors...#
#2026 09 03 08:19:43.811#Z#DEBUG#3758d499-a770-11f1-be6f-eeee0a871e3d.OPERATION#flowable-async-job-executor-thread-4421#
[MergeDescriptorsStep] Merged deployment descriptor: {
  "majorSchemaVersion" : 3,
  "schemaVersion" : "3.3.0",
  "id" : "note-for-approval",
  "version" : "1.0.0",
  "modules" : [ {
    "majorSchemaVersion" : 3,
    "name" : "note-for-approval-srv",
    "type" : "javascript.nodejs",
    "path" : "note-for-approval-srv",
    "properties" : { },
    "parameters" : {
      "buildpack" : "nodejs_buildpack",
      "instances" : 1,
      "command" : "npm start"
    },
    "requiredDependencies" : [ {
      "majorSchemaVersion" : 3,
      "name" : "note-for-approval-db",
      "properties" : { },
      "parameters" : { },
      "propertiesMetadata" : {
        "metadata" : { }
      },
      "parametersMetadata" : {
        "metadata" : { }
      }
    } ],
    "providedDependencies" : [ {
      "majorSchemaVersion" : 3,
      "name" : "srv-api",
      "isPublic" : false,
      "properties" : {
        "srv-url" : "${default-url}"
      },
      "parameters" : { },
      "propertiesMetadata" : {
        "metadata" : { }
      },
      "parametersMetadata" : {
        "metadata" : { }
      }
    }, {
      "majorSchemaVersion" : 3,
      "name" : "note-for-approval-srv",
      "isPublic" : false,
      "properties" : { },
      "parameters" : { },
      "propertiesMetadata" : {
        "metadata" : { }
      },
      "parametersMetadata" : {
        "metadata" : { }
      }
    } ],
    "propertiesMetadata" : {
      "metadata" : { }
    },
    "parametersMetadata" : {
      "metadata" : { }
    },
    "hooks" : [ ]
  }, {
    "majorSchemaVersion" : 3,
    "name" : "note-for-approval-app-content",
    "type" : "com.sap.application.content",
    "path" : "note-for-approval-app-content",
    "properties" : { },
    "parameters" : { },
    "requiredDependencies" : [ {
      "majorSchemaVersion" : 3,
      "name" : "note-for-approval-repo-host",
      "properties" : { },
      "parameters" : {
        "content-target" : true
      },
      "propertiesMetadata" : {
        "metadata" : { }
      },
      "parametersMetadata" : {
        "metadata" : { }
      }
    } ],
    "providedDependencies" : [ {
      "majorSchemaVersion" : 3,
      "name" : "note-for-approval-app-content",
      "isPublic" : false,
      "properties" : { },
      "parameters" : { },
      "propertiesMetadata" : {
        "metadata" : { }
      },
      "parametersMetadata" : {
        "metadata" : { }
      }
    } ],
    "propertiesMetadata" : {
      "metadata" : { }
    },
    "parametersMetadata" : {
      "metadata" : { }
    },
    "hooks" : [ ]
  }, {
    "majorSchemaVersion" : 3,
    "name" : "note-for-approval-db-deployer",
    "type" : "com.sap.xs.hdi",
    "path" : "note-for-approval-db-deployer",
    "properties" : {
      "EXIT" : 1
    },
    "parameters" : {
      "memory" : "256M",
      "buildpack" : "nodejs_buildpack",
      "no-route" : true,
      "dependency-type" : "hard",
      "tasks" : [ {
        "name" : "deploy",
        "memory" : "256M",
        "command" : "npm start"
      } ],
      "no-start" : true
    },
    "requiredDependencies" : [ {
      "majorSchemaVersion" : 3,
      "name" : "note-for-approval-db",
      "properties" : { },
      "parameters" : { },
      "propertiesMetadata" : {
        "metadata" : { }
      },
      "parametersMetadata" : {
        "metadata" : { }
      }
    } ],
    "providedDependencies" : [ {
      "majorSchemaVersion" : 3,
      "name" : "note-for-approval-db-deployer",
      "isPublic" : false,
      "properties" : { },
      "parameters" : { },
      "propertiesMetadata" : {
        "metadata" : { }
      },
      "parametersMetadata" : {
        "metadata" : { }
      }
    } ],
    "propertiesMetadata" : {
      "metadata" : { }
    },
    "parametersMetadata" : {
      "metadata" : { }
    },
    "hooks" : [ ]
  }, {
    "majorSchemaVersion" : 3,
    "name" : "note-for-approval",
    "type" : "javascript.nodejs",
    "path" : "note-for-approval",
    "properties" : { },
    "parameters" : {
      "disk-quota" : "256M",
      "keep-existing-routes" : true,
      "memory" : "256M"
    },
    "requiredDependencies" : [ {
      "majorSchemaVersion" : 3,
      "name" : "srv-api",
      "group" : "destinations",
      "properties" : {
        "name" : "srv-api",
        "forwardAuthToken" : "********",
        "url" : "~{srv-url}"
      },
      "parameters" : { },
      "propertiesMetadata" : {
        "metadata" : { }
      },
      "parametersMetadata" : {
        "metadata" : { }
      }
    }, {
      "majorSchemaVersion" : 3,
      "name" : "note-for-approval-html5-runtime",
      "properties" : { },
      "parameters" : { },
      "propertiesMetadata" : {
        "metadata" : { }
      },
      "parametersMetadata" : {
        "metadata" : { }
      }
    } ],
    "providedDependencies" : [ {
      "majorSchemaVersion" : 3,
      "name" : "app-api",
      "isPublic" : false,
      "properties" : {
        "app-protocol" : "${protocol}",
        "app-uri" : "${default-uri}"
      },
      "parameters" : { },
      "propertiesMetadata" : {
        "metadata" : { }
      },
      "parametersMetadata" : {
        "metadata" : { }
      }
    }, {
      "majorSchemaVersion" : 3,
      "name" : "note-for-approval",
      "isPublic" : false,
      "properties" : { },
      "parameters" : { },
      "propertiesMetadata" : {
        "metadata" : { }
      },
      "parametersMetadata" : {
        "metadata" : { }
      }
    } ],
    "propertiesMetadata" : {
      "metadata" : { }
    },
    "parametersMetadata" : {
      "metadata" : { }
    },
    "hooks" : [ ]
  } ],
  "resources" : [ {
    "majorSchemaVersion" : 3,
    "name" : "note-for-approval-repo-host",
    "type" : "org.cloudfoundry.managed-service",
    "properties" : { },
    "parameters" : {
      "service-name" : "note-for-approval-html5-service",
      "service-plan" : "app-host",
      "type" : "managed-service",
      "service" : "html5-apps-repo"
    },
    "isActive" : true,
    "isOptional" : false,
    "propertiesMetadata" : {
      "metadata" : { }
    },
    "parametersMetadata" : {
      "metadata" : { }
    },
    "requiredDependencies" : [ ],
    "processedAfter" : [ ]
  }, {
    "majorSchemaVersion" : 3,
    "name" : "note-for-approval-html5-runtime",
    "type" : "org.cloudfoundry.managed-service",
    "properties" : { },
    "parameters" : {
      "type" : "managed-service",
      "service" : "html5-apps-repo",
      "service-plan" : "app-runtime"
    },
    "isActive" : true,
    "isOptional" : false,
    "propertiesMetadata" : {
      "metadata" : { }
    },
    "parametersMetadata" : {
      "metadata" : { }
    },
    "requiredDependencies" : [ ],
    "processedAfter" : [ ]
  }, {
    "majorSchemaVersion" : 3,
    "name" : "note-for-approval-destination-service",
    "type" : "org.cloudfoundry.managed-service",
    "properties" : { },
    "parameters" : {
      "service-name" : "note-for-approval-destination-service",
      "service-plan" : "lite",
      "type" : "managed-service",
      "config" : {
        "HTML5Runtime_enabled" : false,
        "init_data" : {
          "instance" : {
            "destinations" : [ {
              "Authentication" : "********",
              "Name" : "ui5",
              "ProxyType" : "Internet",
              "Type" : "HTTP",
              "URL" : "https://ui5.sap.com"
            } ],
            "existing_destinations_policy" : "update"
          }
        },
        "version" : "1.0.0"
      },
      "service" : "destination"
    },
    "isActive" : true,
    "isOptional" : false,
    "propertiesMetadata" : {
      "metadata" : { }
    },
    "parametersMetadata" : {
      "metadata" : { }
    },
    "requiredDependencies" : [ ],
    "processedAfter" : [ ]
  }, {
    "majorSchemaVersion" : 3,
    "name" : "note-for-approval-db",
    "type" : "com.sap.xs.hdi-container",
    "properties" : { },
    "parameters" : {
      "type" : "managed-service",
      "service" : "hana",
      "service-plan" : "hdi-shared"
    },
    "isActive" : true,
    "isOptional" : false,
    "propertiesMetadata" : {
      "metadata" : { }
    },
    "parametersMetadata" : {
      "metadata" : { }
    },
    "requiredDependencies" : [ ],
    "processedAfter" : [ ]
  } ],
  "parameters" : {
    "enable-parallel-deployments" : true,
    "deploy_mode" : "html5-repo"
  },
  "parametersMetadata" : {
    "metadata" : { }
  }
}#
#2026 09 03 08:19:43.812#Z#DEBUG#3758d499-a770-11f1-be6f-eeee0a871e3d.OPERATION#flowable-async-job-executor-thread-4421#
[MergeDescriptorsStep] Descriptors validated and merged#
#2026 09 03 08:19:43.813#Z#DEBUG#3758d499-a770-11f1-be6f-eeee0a871e3d.OPERATION#flowable-async-job-executor-thread-4421#
Step "Merge Descriptors" finished#
#2026 09 03 08:19:43.837#Z#DEBUG#3758d499-a770-11f1-be6f-eeee0a871e3d.OPERATION#flowable-async-job-executor-thread-4422#
[CollectCloudLoggingServiceParametersStep] Executing task "sid-9C5714DF-CEC8-4019-8873-CBBA99AC459A" of process "3758d4bf-a770-11f1-be6f-eeee0a871e3d"...#
#2026 09 03 08:19:43.840#Z#DEBUG#3758d499-a770-11f1-be6f-eeee0a871e3d.OPERATION#flowable-async-job-executor-thread-4422#
Step "Collect Cloud Logging Service Parameters" finished#
#2026 09 03 08:19:43.860#Z#DEBUG#3758d499-a770-11f1-be6f-eeee0a871e3d.OPERATION#flowable-async-job-executor-thread-4423#
[DetectDeployedMtaStep] Executing task "detectDeployedMtaTask" of process "3758d4bf-a770-11f1-be6f-eeee0a871e3d"...#
#2026 09 03 08:19:43.861#Z#DEBUG#3758d499-a770-11f1-be6f-eeee0a871e3d.OPERATION#flowable-async-job-executor-thread-4423#
[DetectDeployedMtaStep] Detecting deployed MTA...#
#2026 09 03 08:19:43.928#Z#DEBUG#3758d499-a770-11f1-be6f-eeee0a871e3d.OPERATION#flowable-async-job-executor-thread-4423#
[DetectDeployedMtaStep] Detecting MTA by id note-for-approval and namespace null#
#2026 09 03 08:19:43.928#Z#DEBUG#3758d499-a770-11f1-be6f-eeee0a871e3d.OPERATION#flowable-async-job-executor-thread-4423#
[DetectDeployedMtaStep] Getting applications by metadata label selector "mta_id=8a35cafb96b1015a5dfdd58f1e09134f,!mta_namespace"...#
#2026 09 03 08:19:43.987#Z#DEBUG#3758d499-a770-11f1-be6f-eeee0a871e3d.OPERATION#flowable-async-job-executor-thread-4423#
[DetectDeployedMtaStep] Getting service instances by metadata label selector "mta_id=8a35cafb96b1015a5dfdd58f1e09134f,!mta_namespace"...#
#2026 09 03 08:19:44.107#Z#DEBUG#3758d499-a770-11f1-be6f-eeee0a871e3d.OPERATION#flowable-async-job-executor-thread-4423#
[DetectDeployedMtaStep] Deployed MTA: {
  "metadata" : {
    "id" : "note-for-approval",
    "version" : "1.0.0"
  },
  "applications" : [ {
    "name" : "note-for-approval-srv",
    "metadata" : {
      "guid" : "7037cbc0-f596-4751-ad38-f95db4aad153",
      "createdAt" : [ 2026, 8, 31, 12, 17, 37 ],
      "updatedAt" : [ 2026, 8, 31, 19, 50, 38 ]
    },
    "v3Metadata" : {
      "annotations" : {
        "mta_id" : "note-for-approval",
        "mta_version" : "1.0.0",
        "mta_module" : "{\"name\":\"note-for-approval-srv\"}",
        "mta_module_provided_dependencies" : "[]",
        "mta_bound_services" : "[\"note-for-approval-db\"]"
      },
      "labels" : {
        "mta_id" : "8a35cafb96b1015a5dfdd58f1e09134f"
      }
    },
    "state" : "STARTED",
    "lifecycle" : {
      "type" : "BUILDPACK",
      "data" : {
        "buildpacks" : [ "nodejs_buildpack" ],
        "stack" : "cflinuxfs4"
      }
    },
    "space" : {
      "name" : "dev",
      "metadata" : {
        "guid" : "68e32ac3-8ca0-48aa-af92-b0c9129360d2",
        "createdAt" : [ 2025, 11, 11, 6, 20, 46 ],
        "updatedAt" : [ 2025, 11, 11, 6, 20, 46 ]
      },
      "organization" : {
        "name" : "BrainBox Consulting BV_BrainboxConsultingIG",
        "metadata" : {
          "guid" : "f75518ee-c52e-4c0f-8577-d43c69acffc3",
          "createdAt" : [ 2025, 11, 11, 6, 10, 20 ],
          "updatedAt" : [ 2025, 11, 11, 6, 10, 20 ]
        }
      }
    },
    "moduleName" : "note-for-approval-srv",
    "boundMtaServices" : [ "note-for-approval-db" ],
    "providedDependencyNames" : [ ],
    "productizationState" : "LIVE"
  }, {
    "name" : "note-for-approval-db-deployer",
    "metadata" : {
      "guid" : "cfa7ca5e-15f8-47db-8f56-b1eb52c10373",
      "createdAt" : [ 2026, 8, 31, 12, 17, 42 ],
      "updatedAt" : [ 2026, 8, 31, 19, 50, 18 ]
    },
    "v3Metadata" : {
      "annotations" : {
        "mta_id" : "note-for-approval",
        "mta_version" : "1.0.0",
        "mta_module" : "{\"name\":\"note-for-approval-db-deployer\"}",
        "mta_module_provided_dependencies" : "[]",
        "mta_bound_services" : "[\"note-for-approval-db\"]"
      },
      "labels" : {
        "mta_id" : "8a35cafb96b1015a5dfdd58f1e09134f"
      }
    },
    "state" : "STOPPED",
    "lifecycle" : {
      "type" : "BUILDPACK",
      "data" : {
        "buildpacks" : [ "nodejs_buildpack" ],
        "stack" : "cflinuxfs4"
      }
    },
    "space" : {
      "name" : "dev",
      "metadata" : {
        "guid" : "68e32ac3-8ca0-48aa-af92-b0c9129360d2",
        "createdAt" : [ 2025, 11, 11, 6, 20, 46 ],
        "updatedAt" : [ 2025, 11, 11, 6, 20, 46 ]
      },
      "organization" : {
        "name" : "BrainBox Consulting BV_BrainboxConsultingIG",
        "metadata" : {
          "guid" : "f75518ee-c52e-4c0f-8577-d43c69acffc3",
          "createdAt" : [ 2025, 11, 11, 6, 10, 20 ],
          "updatedAt" : [ 2025, 11, 11, 6, 10, 20 ]
        }
      }
    },
    "moduleName" : "note-for-approval-db-deployer",
    "boundMtaServices" : [ "note-for-approval-db" ],
    "providedDependencyNames" : [ ],
    "productizationState" : "LIVE"
  }, {
    "name" : "note-for-approval",
    "metadata" : {
      "guid" : "00415b23-d656-42e4-9089-360c286d1f4f",
      "createdAt" : [ 2026, 8, 31, 19, 28, 6 ],
      "updatedAt" : [ 2026, 8, 31, 19, 49, 38 ]
    },
    "v3Metadata" : {
      "annotations" : {
        "mta_id" : "note-for-approval",
        "mta_version" : "1.0.0",
        "mta_module" : "{\"name\":\"note-for-approval\"}",
        "mta_module_provided_dependencies" : "[]",
        "mta_bound_services" : "[\"note-for-approval-html5-runtime\"]"
      },
      "labels" : {
        "mta_id" : "8a35cafb96b1015a5dfdd58f1e09134f"
      }
    },
    "state" : "STARTED",
    "lifecycle" : {
      "type" : "BUILDPACK",
      "data" : {
        "buildpacks" : [ ],
        "stack" : "cflinuxfs4"
      }
    },
    "space" : {
      "name" : "dev",
      "metadata" : {
        "guid" : "68e32ac3-8ca0-48aa-af92-b0c9129360d2",
        "createdAt" : [ 2025, 11, 11, 6, 20, 46 ],
        "updatedAt" : [ 2025, 11, 11, 6, 20, 46 ]
      },
      "organization" : {
        "name" : "BrainBox Consulting BV_BrainboxConsultingIG",
        "metadata" : {
          "guid" : "f75518ee-c52e-4c0f-8577-d43c69acffc3",
          "createdAt" : [ 2025, 11, 11, 6, 10, 20 ],
          "updatedAt" : [ 2025, 11, 11, 6, 10, 20 ]
        }
      }
    },
    "moduleName" : "note-for-approval",
    "boundMtaServices" : [ "note-for-approval-html5-runtime" ],
    "providedDependencyNames" : [ ],
    "productizationState" : "LIVE"
  } ],
  "services" : [ {
    "name" : "note-for-approval-db",
    "metadata" : {
      "guid" : "3cda08d7-bd8d-45de-a8e6-41a33d7f1e28",
      "createdAt" : [ 2026, 8, 31, 12, 17, 18 ],
      "updatedAt" : [ 2026, 8, 31, 12, 17, 19 ]
    },
    "v3Metadata" : {
      "annotations" : {
        "mta_id" : "note-for-approval",
        "mta_version" : "1.0.0",
        "mta_resource" : "{\"name\":\"note-for-approval-db\"}"
      },
      "labels" : {
        "mta_id" : "8a35cafb96b1015a5dfdd58f1e09134f"
      }
    },
    "label" : "hana",
    "plan" : "hdi-shared",
    "credentials" : "********",
    "tags" : [ ],
    "type" : "managed",
    "lastOperation" : {
      "type" : "CREATE",
      "state" : "SUCCEEDED"
    },
    "resourceName" : "note-for-approval-db"
  }, {
    "name" : "note-for-approval-destination-service",
    "metadata" : {
      "guid" : "b3312f59-2e53-4489-8957-1c1421177eae",
      "createdAt" : [ 2026, 8, 31, 12, 17, 16 ],
      "updatedAt" : [ 2026, 8, 31, 12, 17, 17 ]
    },
    "v3Metadata" : {
      "annotations" : {
        "mta_id" : "note-for-approval",
        "mta_version" : "1.0.0",
        "mta_resource" : "{\"name\":\"note-for-approval-destination-service\"}"
      },
      "labels" : {
        "mta_id" : "8a35cafb96b1015a5dfdd58f1e09134f"
      }
    },
    "label" : "destination",
    "plan" : "lite",
    "credentials" : "********",
    "tags" : [ ],
    "type" : "managed",
    "lastOperation" : {
      "type" : "UPDATE",
      "description" : "",
      "state" : "SUCCEEDED"
    },
    "resourceName" : "note-for-approval-destination-service"
  }, {
    "name" : "note-for-approval-html5-service",
    "metadata" : {
      "guid" : "49fffbed-09fa-45b8-b879-4a143684ee2f",
      "createdAt" : [ 2026, 8, 31, 12, 17, 18 ],
      "updatedAt" : [ 2026, 8, 31, 12, 17, 19 ]
    },
    "v3Metadata" : {
      "annotations" : {
        "mta_id" : "note-for-approval",
        "mta_version" : "1.0.0",
        "mta_resource" : "{\"name\":\"note-for-approval-repo-host\"}"
      },
      "labels" : {
        "mta_id" : "8a35cafb96b1015a5dfdd58f1e09134f"
      }
    },
    "label" : "html5-apps-repo",
    "plan" : "app-host",
    "credentials" : "********",
    "tags" : [ ],
    "type" : "managed",
    "lastOperation" : {
      "type" : "CREATE",
      "description" : "",
      "state" : "SUCCEEDED"
    },
    "resourceName" : "note-for-approval-repo-host"
  }, {
    "name" : "note-for-approval-html5-runtime",
    "metadata" : {
      "guid" : "7d72db8e-eb9e-477c-a62a-92e4416d38d2",
      "createdAt" : [ 2026, 8, 31, 19, 27, 57 ],
      "updatedAt" : [ 2026, 8, 31, 19, 27, 58 ]
    },
    "v3Metadata" : {
      "annotations" : {
        "mta_id" : "note-for-approval",
        "mta_version" : "1.0.0",
        "mta_resource" : "{\"name\":\"note-for-approval-html5-runtime\"}"
      },
      "labels" : {
        "mta_id" : "8a35cafb96b1015a5dfdd58f1e09134f"
      }
    },
    "label" : "html5-apps-repo",
    "plan" : "app-runtime",
    "credentials" : "********",
    "tags" : [ ],
    "type" : "managed",
    "lastOperation" : {
      "type" : "CREATE",
      "description" : "",
      "state" : "SUCCEEDED"
    },
    "resourceName" : "note-for-approval-html5-runtime"
  } ]
}#
#2026 09 03 08:19:44.107#Z#INFO#3758d499-a770-11f1-be6f-eeee0a871e3d.OPERATION#flowable-async-job-executor-thread-4423#
[DetectDeployedMtaStep] Detected deployed MTA with ID "note-for-approval" and version "1.0.0"#
#2026 09 03 08:19:44.112#Z#DEBUG#3758d499-a770-11f1-be6f-eeee0a871e3d.OPERATION#flowable-async-job-executor-thread-4423#
[DetectDeployedMtaStep] Detecting backup mta by id "note-for-approval" and namespace "null"#
#2026 09 03 08:19:44.112#Z#DEBUG#3758d499-a770-11f1-be6f-eeee0a871e3d.OPERATION#flowable-async-job-executor-thread-4423#
[DetectDeployedMtaStep] Getting applications by metadata label selector "mta_id=8a35cafb96b1015a5dfdd58f1e09134f,mta_namespace=b698114a0995e936895b9598a6c19a2c"...#
#2026 09 03 08:19:44.146#Z#DEBUG#3758d499-a770-11f1-be6f-eeee0a871e3d.OPERATION#flowable-async-job-executor-thread-4423#
[DetectDeployedMtaStep] Getting service instances by metadata label selector "mta_id=8a35cafb96b1015a5dfdd58f1e09134f,mta_namespace=b698114a0995e936895b9598a6c19a2c"...#
#2026 09 03 08:19:44.224#Z#DEBUG#3758d499-a770-11f1-be6f-eeee0a871e3d.OPERATION#flowable-async-job-executor-thread-4423#
[DetectDeployedMtaStep] Deployed MTA service keys: [ {
  "name" : "********",
  "metadata" : {
    "guid" : "fba8482c-7491-4d03-9e40-4d7b5a2d5b77",
    "createdAt" : [ 2026, 8, 31, 12, 17, 39 ],
    "updatedAt" : [ 2026, 8, 31, 12, 17, 40 ]
  },
  "v3Metadata" : {
    "annotations" : {
      "mta_id" : "note-for-approval",
      "mta_version" : "1.0.0"
    },
    "labels" : {
      "mta_id" : "8a35cafb96b1015a5dfdd58f1e09134f",
      "space_guid" : "68e32ac3-8ca0-48aa-af92-b0c9129360d2"
    }
  },
  "serviceInstance" : {
    "name" : "note-for-approval-html5-service",
    "metadata" : {
      "guid" : "49fffbed-09fa-45b8-b879-4a143684ee2f",
      "createdAt" : [ 2026, 8, 31, 12, 17, 18 ],
      "updatedAt" : [ 2026, 8, 31, 12, 17, 19 ]
    },
    "v3Metadata" : {
      "annotations" : {
        "mta_id" : "note-for-approval",
        "mta_version" : "1.0.0",
        "mta_resource" : "{\"name\":\"note-for-approval-repo-host\"}"
      },
      "labels" : {
        "mta_id" : "8a35cafb96b1015a5dfdd58f1e09134f"
      }
    },
    "credentials" : "********",
    "tags" : [ ],
    "type" : "managed"
  }
} ]#
#2026 09 03 08:19:44.224#Z#DEBUG#3758d499-a770-11f1-be6f-eeee0a871e3d.OPERATION#flowable-async-job-executor-thread-4423#
Step "Detect Deployed MTA" finished#
#2026 09 03 08:19:44.250#Z#DEBUG#3758d499-a770-11f1-be6f-eeee0a871e3d.OPERATION#flowable-async-job-executor-thread-4424#
[XS2CollectSystemParametersStep] Executing task "collectSystemParametersTask" of process "3758d4bf-a770-11f1-be6f-eeee0a871e3d"...#
#2026 09 03 08:19:44.251#Z#DEBUG#3758d499-a770-11f1-be6f-eeee0a871e3d.OPERATION#flowable-async-job-executor-thread-4424#
[XS2CollectSystemParametersStep] Collecting system parameters...#
#2026 09 03 08:19:44.252#Z#DEBUG#3758d499-a770-11f1-be6f-eeee0a871e3d.OPERATION#flowable-async-job-executor-thread-4424#
[XS2CollectSystemParametersStep] Getting default domain...#
#2026 09 03 08:19:44.278#Z#DEBUG#3758d499-a770-11f1-be6f-eeee0a871e3d.OPERATION#flowable-async-job-executor-thread-4424#
[XS2CollectSystemParametersStep] Default domain: cfapps.eu10-005.hana.ondemand.com#
#2026 09 03 08:19:44.279#Z#DEBUG#3758d499-a770-11f1-be6f-eeee0a871e3d.OPERATION#flowable-async-job-executor-thread-4424#
[XS2CollectSystemParametersStep] Checking for overwriting read-only parameters for mta with id: "note-for-approval"#
#2026 09 03 08:19:44.279#Z#DEBUG#3758d499-a770-11f1-be6f-eeee0a871e3d.OPERATION#flowable-async-job-executor-thread-4424#
[XS2CollectSystemParametersStep] No read-only parameters are overwritten#
#2026 09 03 08:19:44.291#Z#DEBUG#3758d499-a770-11f1-be6f-eeee0a871e3d.OPERATION#flowable-async-job-executor-thread-4424#
[XS2CollectSystemParametersStep] Descriptor with system parameters: {
  "majorSchemaVersion" : 3,
  "schemaVersion" : "3.3.0",
  "id" : "note-for-approval",
  "version" : "1.0.0",
  "modules" : [ {
    "majorSchemaVersion" : 3,
    "name" : "note-for-approval-srv",
    "type" : "javascript.nodejs",
    "path" : "note-for-approval-srv",
    "properties" : { },
    "parameters" : {
      "default-url" : "${protocol}://${default-uri}",
      "default-app-name" : "note-for-approval-srv",
      "generated-password" : "********",
      "default-live-url" : "${protocol}://${default-live-uri}",
      "default-uri" : "${host}.${domain}",
      "default-instances" : 1,
      "default-live-host" : "brainbox-consulting-bv-brainboxconsultingig-dev-note-fo4054ba4a",
      "instances" : 1,
      "buildpack" : "nodejs_buildpack",
      "default-host" : "brainbox-consulting-bv-brainboxconsultingig-dev-note-fo4054ba4a",
      "command" : "npm start",
      "app-name" : "${default-app-name}",
      "default-live-uri" : "brainbox-consulting-bv-brainboxconsultingig-dev-note-fo4054ba4a.${domain}",
      "protocol" : "https",
      "default-live-app-name" : "note-for-approval-srv",
      "default-live-domain" : "cfapps.eu10-005.hana.ondemand.com",
      "domain" : "${default-domain}",
      "host" : "${default-host}",
      "generated-user" : "********"
    },
    "requiredDependencies" : [ {
      "majorSchemaVersion" : 3,
      "name" : "note-for-approval-db",
      "properties" : { },
      "parameters" : { },
      "propertiesMetadata" : {
        "metadata" : { }
      },
      "parametersMetadata" : {
        "metadata" : { }
      }
    } ],
    "providedDependencies" : [ {
      "majorSchemaVersion" : 3,
      "name" : "srv-api",
      "isPublic" : false,
      "properties" : {
        "srv-url" : "${default-url}"
      },
      "parameters" : { },
      "propertiesMetadata" : {
        "metadata" : { }
      },
      "parametersMetadata" : {
        "metadata" : { }
      }
    }, {
      "majorSchemaVersion" : 3,
      "name" : "note-for-approval-srv",
      "isPublic" : false,
      "properties" : { },
      "parameters" : { },
      "propertiesMetadata" : {
        "metadata" : { }
      },
      "parametersMetadata" : {
        "metadata" : { }
      }
    } ],
    "propertiesMetadata" : {
      "metadata" : { }
    },
    "parametersMetadata" : {
      "metadata" : { }
    },
    "hooks" : [ ]
  }, {
    "majorSchemaVersion" : 3,
    "name" : "note-for-approval-app-content",
    "type" : "com.sap.application.content",
    "path" : "note-for-approval-app-content",
    "properties" : { },
    "parameters" : {
      "default-url" : "${protocol}://${default-uri}",
      "default-app-name" : "note-for-approval-app-content",
      "generated-password" : "********",
      "default-live-url" : "${protocol}://${default-live-uri}",
      "default-uri" : "${host}.${domain}",
      "default-instances" : 1,
      "default-live-host" : "brainbox-consulting-bv-brainboxconsultingig-dev-note-fo1e3325e0",
      "instances" : "${default-instances}",
      "default-host" : "brainbox-consulting-bv-brainboxconsultingig-dev-note-fo1e3325e0",
      "app-name" : "${default-app-name}",
      "default-live-uri" : "brainbox-consulting-bv-brainboxconsultingig-dev-note-fo1e3325e0.${domain}",
      "protocol" : "https",
      "default-live-app-name" : "note-for-approval-app-content",
      "default-live-domain" : "cfapps.eu10-005.hana.ondemand.com",
      "domain" : "${default-domain}",
      "host" : "${default-host}",
      "generated-user" : "********"
    },
    "requiredDependencies" : [ {
      "majorSchemaVersion" : 3,
      "name" : "note-for-approval-repo-host",
      "properties" : { },
      "parameters" : {
        "content-target" : true
      },
      "propertiesMetadata" : {
        "metadata" : { }
      },
      "parametersMetadata" : {
        "metadata" : { }
      }
    } ],
    "providedDependencies" : [ {
      "majorSchemaVersion" : 3,
      "name" : "note-for-approval-app-content",
      "isPublic" : false,
      "properties" : { },
      "parameters" : { },
      "propertiesMetadata" : {
        "metadata" : { }
      },
      "parametersMetadata" : {
        "metadata" : { }
      }
    } ],
    "propertiesMetadata" : {
      "metadata" : { }
    },
    "parametersMetadata" : {
      "metadata" : { }
    },
    "hooks" : [ ]
  }, {
    "majorSchemaVersion" : 3,
    "name" : "note-for-approval-db-deployer",
    "type" : "com.sap.xs.hdi",
    "path" : "note-for-approval-db-deployer",
    "properties" : {
      "EXIT" : 1
    },
    "parameters" : {
      "default-url" : "${protocol}://${default-uri}",
      "default-app-name" : "note-for-approval-db-deployer",
      "generated-password" : "********",
      "default-live-url" : "${protocol}://${default-live-uri}",
      "default-uri" : "${host}.${domain}",
      "memory" : "256M",
      "default-instances" : 1,
      "no-route" : true,
      "default-live-host" : "brainbox-consulting-bv-brainboxconsultingig-dev-note-fo33517d96",
      "instances" : "${default-instances}",
      "buildpack" : "nodejs_buildpack",
      "default-host" : "brainbox-consulting-bv-brainboxconsultingig-dev-note-fo33517d96",
      "app-name" : "${default-app-name}",
      "default-live-uri" : "brainbox-consulting-bv-brainboxconsultingig-dev-note-fo33517d96.${domain}",
      "protocol" : "https",
      "default-live-app-name" : "note-for-approval-db-deployer",
      "default-live-domain" : "cfapps.eu10-005.hana.ondemand.com",
      "dependency-type" : "hard",
      "domain" : "${default-domain}",
      "host" : "${default-host}",
      "generated-user" : "********",
      "tasks" : [ {
        "name" : "deploy",
        "memory" : "256M",
        "command" : "npm start"
      } ],
      "no-start" : true
    },
    "requiredDependencies" : [ {
      "majorSchemaVersion" : 3,
      "name" : "note-for-approval-db",
      "properties" : { },
      "parameters" : { },
      "propertiesMetadata" : {
        "metadata" : { }
      },
      "parametersMetadata" : {
        "metadata" : { }
      }
    } ],
    "providedDependencies" : [ {
      "majorSchemaVersion" : 3,
      "name" : "note-for-approval-db-deployer",
      "isPublic" : false,
      "properties" : { },
      "parameters" : { },
      "propertiesMetadata" : {
        "metadata" : { }
      },
      "parametersMetadata" : {
        "metadata" : { }
      }
    } ],
    "propertiesMetadata" : {
      "metadata" : { }
    },
    "parametersMetadata" : {
      "metadata" : { }
    },
    "hooks" : [ ]
  }, {
    "majorSchemaVersion" : 3,
    "name" : "note-for-approval",
    "type" : "javascript.nodejs",
    "path" : "note-for-approval",
    "properties" : { },
    "parameters" : {
      "default-url" : "${protocol}://${default-uri}",
      "default-app-name" : "note-for-approval",
      "generated-password" : "********",
      "default-live-url" : "${protocol}://${default-live-uri}",
      "default-uri" : "${host}.${domain}",
      "memory" : "256M",
      "default-instances" : 1,
      "default-live-host" : "brainbox-consulting-bv-brainboxconsultingig-dev-note-fo1ef357a0",
      "instances" : "${default-instances}",
      "default-host" : "brainbox-consulting-bv-brainboxconsultingig-dev-note-fo1ef357a0",
      "keep-existing-routes" : true,
      "app-name" : "${default-app-name}",
      "default-live-uri" : "brainbox-consulting-bv-brainboxconsultingig-dev-note-fo1ef357a0.${domain}",
      "protocol" : "https",
      "default-live-app-name" : "note-for-approval",
      "default-live-domain" : "cfapps.eu10-005.hana.ondemand.com",
      "disk-quota" : "256M",
      "domain" : "${default-domain}",
      "host" : "${default-host}",
      "generated-user" : "********"
    },
    "requiredDependencies" : [ {
      "majorSchemaVersion" : 3,
      "name" : "srv-api",
      "group" : "destinations",
      "properties" : {
        "name" : "srv-api",
        "forwardAuthToken" : "********",
        "url" : "~{srv-url}"
      },
      "parameters" : { },
      "propertiesMetadata" : {
        "metadata" : { }
      },
      "parametersMetadata" : {
        "metadata" : { }
      }
    }, {
      "majorSchemaVersion" : 3,
      "name" : "note-for-approval-html5-runtime",
      "properties" : { },
      "parameters" : { },
      "propertiesMetadata" : {
        "metadata" : { }
      },
      "parametersMetadata" : {
        "metadata" : { }
      }
    } ],
    "providedDependencies" : [ {
      "majorSchemaVersion" : 3,
      "name" : "app-api",
      "isPublic" : false,
      "properties" : {
        "app-protocol" : "${protocol}",
        "app-uri" : "${default-uri}"
      },
      "parameters" : { },
      "propertiesMetadata" : {
        "metadata" : { }
      },
      "parametersMetadata" : {
        "metadata" : { }
      }
    }, {
      "majorSchemaVersion" : 3,
      "name" : "note-for-approval",
      "isPublic" : false,
      "properties" : { },
      "parameters" : { },
      "propertiesMetadata" : {
        "metadata" : { }
      },
      "parametersMetadata" : {
        "metadata" : { }
      }
    } ],
    "propertiesMetadata" : {
      "metadata" : { }
    },
    "parametersMetadata" : {
      "metadata" : { }
    },
    "hooks" : [ ]
  } ],
  "resources" : [ {
    "majorSchemaVersion" : 3,
    "name" : "note-for-approval-repo-host",
    "type" : "org.cloudfoundry.managed-service",
    "properties" : { },
    "parameters" : {
      "generated-password" : "********",
      "service-name" : "note-for-approval-html5-service",
      "service-plan" : "app-host",
      "service" : "html5-apps-repo",
      "generated-user" : "********",
      "default-xsappname" : "note-for-approval-repo-host",
      "type" : "managed-service",
      "default-service-name" : "note-for-approval-repo-host",
      "default-container-name" : "BRAINBOX_CONSULTING_BV_BRAINBOXCONSULTINGIG_DEV_NOTE_FOR794BA098"
    },
    "isActive" : true,
    "isOptional" : false,
    "propertiesMetadata" : {
      "metadata" : { }
    },
    "parametersMetadata" : {
      "metadata" : { }
    },
    "requiredDependencies" : [ ],
    "processedAfter" : [ ]
  }, {
    "majorSchemaVersion" : 3,
    "name" : "note-for-approval-html5-runtime",
    "type" : "org.cloudfoundry.managed-service",
    "properties" : { },
    "parameters" : {
      "generated-password" : "********",
      "service-name" : "${default-service-name}",
      "service-plan" : "app-runtime",
      "service" : "html5-apps-repo",
      "generated-user" : "********",
      "default-xsappname" : "note-for-approval-html5-runtime",
      "type" : "managed-service",
      "default-service-name" : "note-for-approval-html5-runtime",
      "default-container-name" : "BRAINBOX_CONSULTING_BV_BRAINBOXCONSULTINGIG_DEV_NOTE_FOR77D661F6"
    },
    "isActive" : true,
    "isOptional" : false,
    "propertiesMetadata" : {
      "metadata" : { }
    },
    "parametersMetadata" : {
      "metadata" : { }
    },
    "requiredDependencies" : [ ],
    "processedAfter" : [ ]
  }, {
    "majorSchemaVersion" : 3,
    "name" : "note-for-approval-destination-service",
    "type" : "org.cloudfoundry.managed-service",
    "properties" : { },
    "parameters" : {
      "generated-password" : "********",
      "service-name" : "note-for-approval-destination-service",
      "service-plan" : "lite",
      "service" : "destination",
      "generated-user" : "********",
      "default-xsappname" : "note-for-approval-destination-service",
      "type" : "managed-service",
      "config" : {
        "HTML5Runtime_enabled" : false,
        "init_data" : {
          "instance" : {
            "destinations" : [ {
              "Authentication" : "********",
              "Name" : "ui5",
              "ProxyType" : "Internet",
              "Type" : "HTTP",
              "URL" : "https://ui5.sap.com"
            } ],
            "existing_destinations_policy" : "update"
          }
        },
        "version" : "1.0.0"
      },
      "default-service-name" : "note-for-approval-destination-service",
      "default-container-name" : "BRAINBOX_CONSULTING_BV_BRAINBOXCONSULTINGIG_DEV_NOTE_FOR11A5BC97"
    },
    "isActive" : true,
    "isOptional" : false,
    "propertiesMetadata" : {
      "metadata" : { }
    },
    "parametersMetadata" : {
      "metadata" : { }
    },
    "requiredDependencies" : [ ],
    "processedAfter" : [ ]
  }, {
    "majorSchemaVersion" : 3,
    "name" : "note-for-approval-db",
    "type" : "com.sap.xs.hdi-container",
    "properties" : { },
    "parameters" : {
      "generated-password" : "********",
      "service-name" : "${default-service-name}",
      "service-plan" : "hdi-shared",
      "service" : "hana",
      "generated-user" : "********",
      "default-xsappname" : "note-for-approval-db",
      "type" : "managed-service",
      "default-service-name" : "note-for-approval-db",
      "default-container-name" : "BRAINBOX_CONSULTING_BV_BRAINBOXCONSULTINGIG_DEV_NOTE_FOR712E6D35"
    },
    "isActive" : true,
    "isOptional" : false,
    "propertiesMetadata" : {
      "metadata" : { }
    },
    "parametersMetadata" : {
      "metadata" : { }
    },
    "requiredDependencies" : [ ],
    "processedAfter" : [ ]
  } ],
  "parameters" : {
    "deploy_mode" : "html5-repo",
    "mta-id" : "note-for-approval",
    "authorization-url" : "********",
    "org-guid" : "f75518ee-c52e-4c0f-8577-d43c69acffc3",
    "org" : "BrainBox Consulting BV_BrainboxConsultingIG",
    "deploy-target" : "BrainBox Consulting BV_BrainboxConsultingIG dev",
    "enable-parallel-deployments" : true,
    "space" : "dev",
    "xs-api-url" : "https://api.cf.eu10-005.hana.ondemand.com",
    "deploy-url" : "deploy-service.cfapps.eu10-005.hana.ondemand.com",
    "xs-type" : "CF",
    "default-domain" : "cfapps.eu10-005.hana.ondemand.com",
    "mta-version" : "1.0.0",
    "xs-auth-url" : "********",
    "space-guid" : "68e32ac3-8ca0-48aa-af92-b0c9129360d2",
    "user" : "********",
    "controller-url" : "https://api.cf.eu10-005.hana.ondemand.com",
    "timestamp" : "20260903081943"
  },
  "parametersMetadata" : {
    "metadata" : { }
  }
}#
#2026 09 03 08:19:44.293#Z#DEBUG#3758d499-a770-11f1-be6f-eeee0a871e3d.OPERATION#flowable-async-job-executor-thread-4424#
[XS2CollectSystemParametersStep] Version rule: SAME_HIGHER#
#2026 09 03 08:19:44.293#Z#INFO#3758d499-a770-11f1-be6f-eeee0a871e3d.OPERATION#flowable-async-job-executor-thread-4424#
[XS2CollectSystemParametersStep] Detected new MTA version: "1.0.0"#
#2026 09 03 08:19:44.297#Z#INFO#3758d499-a770-11f1-be6f-eeee0a871e3d.OPERATION#flowable-async-job-executor-thread-4424#
[XS2CollectSystemParametersStep] Deployed MTA version: "1.0.0"#
#2026 09 03 08:19:44.301#Z#DEBUG#3758d499-a770-11f1-be6f-eeee0a871e3d.OPERATION#flowable-async-job-executor-thread-4424#
[XS2CollectSystemParametersStep] MTA accepted for deployment#
#2026 09 03 08:19:44.301#Z#DEBUG#3758d499-a770-11f1-be6f-eeee0a871e3d.OPERATION#flowable-async-job-executor-thread-4424#
[XS2CollectSystemParametersStep] System parameters collected#
#2026 09 03 08:19:44.301#Z#DEBUG#3758d499-a770-11f1-be6f-eeee0a871e3d.OPERATION#flowable-async-job-executor-thread-4424#
Step "Collect System Parameters" finished#
#2026 09 03 08:19:44.325#Z#DEBUG#3758d499-a770-11f1-be6f-eeee0a871e3d.OPERATION#flowable-async-job-executor-thread-4425#
[ProcessDescriptorStep] Executing task "processDescriptorTask" of process "3758d4bf-a770-11f1-be6f-eeee0a871e3d"...#
#2026 09 03 08:19:44.325#Z#DEBUG#3758d499-a770-11f1-be6f-eeee0a871e3d.OPERATION#flowable-async-job-executor-thread-4425#
[ProcessDescriptorStep] Resolving properties and parameters in merged descriptor...#
#2026 09 03 08:19:44.329#Z#DEBUG#3758d499-a770-11f1-be6f-eeee0a871e3d.OPERATION#flowable-async-job-executor-thread-4425#
[ProcessDescriptorStep] Subscriptions: [ ]#
#2026 09 03 08:19:44.329#Z#DEBUG#3758d499-a770-11f1-be6f-eeee0a871e3d.OPERATION#flowable-async-job-executor-thread-4425#
[ProcessDescriptorStep] MTA modules: [note-for-approval-db-deployer, note-for-approval-srv, note-for-approval-app-content, note-for-approval]#
#2026 09 03 08:19:44.331#Z#DEBUG#3758d499-a770-11f1-be6f-eeee0a871e3d.OPERATION#flowable-async-job-executor-thread-4425#
[ProcessDescriptorStep] Resolved deployment descriptor: {
  "majorSchemaVersion" : 3,
  "schemaVersion" : "3.3.0",
  "id" : "note-for-approval",
  "version" : "1.0.0",
  "modules" : [ {
    "majorSchemaVersion" : 3,
    "name" : "note-for-approval-srv",
    "type" : "javascript.nodejs",
    "path" : "note-for-approval-srv",
    "properties" : { },
    "parameters" : {
      "default-url" : "https://brainbox-consulting-bv-brainboxconsultingig-dev-note-fo4054ba4a.cfapps.eu10-005.hana.ondemand.com",
      "default-app-name" : "note-for-approval-srv",
      "generated-password" : "********",
      "default-live-url" : "https://brainbox-consulting-bv-brainboxconsultingig-dev-note-fo4054ba4a.cfapps.eu10-005.hana.ondemand.com",
      "default-uri" : "brainbox-consulting-bv-brainboxconsultingig-dev-note-fo4054ba4a.cfapps.eu10-005.hana.ondemand.com",
      "default-instances" : 1,
      "default-live-host" : "brainbox-consulting-bv-brainboxconsultingig-dev-note-fo4054ba4a",
      "instances" : 1,
      "buildpack" : "nodejs_buildpack",
      "default-host" : "brainbox-consulting-bv-brainboxconsultingig-dev-note-fo4054ba4a",
      "command" : "npm start",
      "app-name" : "note-for-approval-srv",
      "default-live-uri" : "brainbox-consulting-bv-brainboxconsultingig-dev-note-fo4054ba4a.cfapps.eu10-005.hana.ondemand.com",
      "protocol" : "https",
      "default-live-app-name" : "note-for-approval-srv",
      "default-live-domain" : "cfapps.eu10-005.hana.ondemand.com",
      "domain" : "cfapps.eu10-005.hana.ondemand.com",
      "host" : "brainbox-consulting-bv-brainboxconsultingig-dev-note-fo4054ba4a",
      "generated-user" : "********"
    },
    "requiredDependencies" : [ {
      "majorSchemaVersion" : 3,
      "name" : "note-for-approval-db",
      "properties" : { },
      "parameters" : { },
      "propertiesMetadata" : {
        "metadata" : { }
      },
      "parametersMetadata" : {
        "metadata" : { }
      }
    } ],
    "providedDependencies" : [ {
      "majorSchemaVersion" : 3,
      "name" : "srv-api",
      "isPublic" : false,
      "properties" : {
        "srv-url" : "https://brainbox-consulting-bv-brainboxconsultingig-dev-note-fo4054ba4a.cfapps.eu10-005.hana.ondemand.com"
      },
      "parameters" : { },
      "propertiesMetadata" : {
        "metadata" : { }
      },
      "parametersMetadata" : {
        "metadata" : { }
      }
    }, {
      "majorSchemaVersion" : 3,
      "name" : "note-for-approval-srv",
      "isPublic" : false,
      "properties" : { },
      "parameters" : { },
      "propertiesMetadata" : {
        "metadata" : { }
      },
      "parametersMetadata" : {
        "metadata" : { }
      }
    } ],
    "propertiesMetadata" : {
      "metadata" : { }
    },
    "parametersMetadata" : {
      "metadata" : { }
    },
    "hooks" : [ ]
  }, {
    "majorSchemaVersion" : 3,
    "name" : "note-for-approval-app-content",
    "type" : "com.sap.application.content",
    "path" : "note-for-approval-app-content",
    "properties" : { },
    "parameters" : {
      "default-url" : "https://brainbox-consulting-bv-brainboxconsultingig-dev-note-fo1e3325e0.cfapps.eu10-005.hana.ondemand.com",
      "default-app-name" : "note-for-approval-app-content",
      "generated-password" : "********",
      "default-live-url" : "https://brainbox-consulting-bv-brainboxconsultingig-dev-note-fo1e3325e0.cfapps.eu10-005.hana.ondemand.com",
      "default-uri" : "brainbox-consulting-bv-brainboxconsultingig-dev-note-fo1e3325e0.cfapps.eu10-005.hana.ondemand.com",
      "default-instances" : 1,
      "default-live-host" : "brainbox-consulting-bv-brainboxconsultingig-dev-note-fo1e3325e0",
      "instances" : 1,
      "default-host" : "brainbox-consulting-bv-brainboxconsultingig-dev-note-fo1e3325e0",
      "app-name" : "note-for-approval-app-content",
      "default-live-uri" : "brainbox-consulting-bv-brainboxconsultingig-dev-note-fo1e3325e0.cfapps.eu10-005.hana.ondemand.com",
      "protocol" : "https",
      "default-live-app-name" : "note-for-approval-app-content",
      "default-live-domain" : "cfapps.eu10-005.hana.ondemand.com",
      "domain" : "cfapps.eu10-005.hana.ondemand.com",
      "host" : "brainbox-consulting-bv-brainboxconsultingig-dev-note-fo1e3325e0",
      "generated-user" : "********"
    },
    "requiredDependencies" : [ {
      "majorSchemaVersion" : 3,
      "name" : "note-for-approval-repo-host",
      "properties" : { },
      "parameters" : {
        "content-target" : true
      },
      "propertiesMetadata" : {
        "metadata" : { }
      },
      "parametersMetadata" : {
        "metadata" : { }
      }
    } ],
    "providedDependencies" : [ {
      "majorSchemaVersion" : 3,
      "name" : "note-for-approval-app-content",
      "isPublic" : false,
      "properties" : { },
      "parameters" : { },
      "propertiesMetadata" : {
        "metadata" : { }
      },
      "parametersMetadata" : {
        "metadata" : { }
      }
    } ],
    "propertiesMetadata" : {
      "metadata" : { }
    },
    "parametersMetadata" : {
      "metadata" : { }
    },
    "hooks" : [ ]
  }, {
    "majorSchemaVersion" : 3,
    "name" : "note-for-approval-db-deployer",
    "type" : "com.sap.xs.hdi",
    "path" : "note-for-approval-db-deployer",
    "properties" : {
      "EXIT" : 1
    },
    "parameters" : {
      "default-url" : "https://brainbox-consulting-bv-brainboxconsultingig-dev-note-fo33517d96.cfapps.eu10-005.hana.ondemand.com",
      "default-app-name" : "note-for-approval-db-deployer",
      "generated-password" : "********",
      "default-live-url" : "https://brainbox-consulting-bv-brainboxconsultingig-dev-note-fo33517d96.cfapps.eu10-005.hana.ondemand.com",
      "default-uri" : "brainbox-consulting-bv-brainboxconsultingig-dev-note-fo33517d96.cfapps.eu10-005.hana.ondemand.com",
      "memory" : "256M",
      "default-instances" : 1,
      "no-route" : true,
      "default-live-host" : "brainbox-consulting-bv-brainboxconsultingig-dev-note-fo33517d96",
      "instances" : 1,
      "buildpack" : "nodejs_buildpack",
      "default-host" : "brainbox-consulting-bv-brainboxconsultingig-dev-note-fo33517d96",
      "app-name" : "note-for-approval-db-deployer",
      "default-live-uri" : "brainbox-consulting-bv-brainboxconsultingig-dev-note-fo33517d96.cfapps.eu10-005.hana.ondemand.com",
      "protocol" : "https",
      "default-live-app-name" : "note-for-approval-db-deployer",
      "default-live-domain" : "cfapps.eu10-005.hana.ondemand.com",
      "dependency-type" : "hard",
      "domain" : "cfapps.eu10-005.hana.ondemand.com",
      "host" : "brainbox-consulting-bv-brainboxconsultingig-dev-note-fo33517d96",
      "generated-user" : "********",
      "tasks" : [ {
        "command" : "npm start",
        "memory" : "256M",
        "name" : "deploy"
      } ],
      "no-start" : true
    },
    "requiredDependencies" : [ {
      "majorSchemaVersion" : 3,
      "name" : "note-for-approval-db",
      "properties" : { },
      "parameters" : { },
      "propertiesMetadata" : {
        "metadata" : { }
      },
      "parametersMetadata" : {
        "metadata" : { }
      }
    } ],
    "providedDependencies" : [ {
      "majorSchemaVersion" : 3,
      "name" : "note-for-approval-db-deployer",
      "isPublic" : false,
      "properties" : { },
      "parameters" : { },
      "propertiesMetadata" : {
        "metadata" : { }
      },
      "parametersMetadata" : {
        "metadata" : { }
      }
    } ],
    "propertiesMetadata" : {
      "metadata" : { }
    },
    "parametersMetadata" : {
      "metadata" : { }
    },
    "hooks" : [ ]
  }, {
    "majorSchemaVersion" : 3,
    "name" : "note-for-approval",
    "type" : "javascript.nodejs",
    "path" : "note-for-approval",
    "properties" : { },
    "parameters" : {
      "default-url" : "https://brainbox-consulting-bv-brainboxconsultingig-dev-note-fo1ef357a0.cfapps.eu10-005.hana.ondemand.com",
      "default-app-name" : "note-for-approval",
      "generated-password" : "********",
      "default-live-url" : "https://brainbox-consulting-bv-brainboxconsultingig-dev-note-fo1ef357a0.cfapps.eu10-005.hana.ondemand.com",
      "default-uri" : "brainbox-consulting-bv-brainboxconsultingig-dev-note-fo1ef357a0.cfapps.eu10-005.hana.ondemand.com",
      "memory" : "256M",
      "default-instances" : 1,
      "default-live-host" : "brainbox-consulting-bv-brainboxconsultingig-dev-note-fo1ef357a0",
      "instances" : 1,
      "default-host" : "brainbox-consulting-bv-brainboxconsultingig-dev-note-fo1ef357a0",
      "keep-existing-routes" : true,
      "app-name" : "note-for-approval",
      "default-live-uri" : "brainbox-consulting-bv-brainboxconsultingig-dev-note-fo1ef357a0.cfapps.eu10-005.hana.ondemand.com",
      "protocol" : "https",
      "default-live-app-name" : "note-for-approval",
      "default-live-domain" : "cfapps.eu10-005.hana.ondemand.com",
      "disk-quota" : "256M",
      "domain" : "cfapps.eu10-005.hana.ondemand.com",
      "host" : "brainbox-consulting-bv-brainboxconsultingig-dev-note-fo1ef357a0",
      "generated-user" : "********"
    },
    "requiredDependencies" : [ {
      "majorSchemaVersion" : 3,
      "name" : "srv-api",
      "group" : "destinations",
      "properties" : {
        "name" : "srv-api",
        "forwardAuthToken" : "********",
        "url" : "https://brainbox-consulting-bv-brainboxconsultingig-dev-note-fo4054ba4a.cfapps.eu10-005.hana.ondemand.com"
      },
      "parameters" : { },
      "propertiesMetadata" : {
        "metadata" : { }
      },
      "parametersMetadata" : {
        "metadata" : { }
      }
    }, {
      "majorSchemaVersion" : 3,
      "name" : "note-for-approval-html5-runtime",
      "properties" : { },
      "parameters" : { },
      "propertiesMetadata" : {
        "metadata" : { }
      },
      "parametersMetadata" : {
        "metadata" : { }
      }
    } ],
    "providedDependencies" : [ {
      "majorSchemaVersion" : 3,
      "name" : "app-api",
      "isPublic" : false,
      "properties" : {
        "app-protocol" : "https",
        "app-uri" : "brainbox-consulting-bv-brainboxconsultingig-dev-note-fo1ef357a0.cfapps.eu10-005.hana.ondemand.com"
      },
      "parameters" : { },
      "propertiesMetadata" : {
        "metadata" : { }
      },
      "parametersMetadata" : {
        "metadata" : { }
      }
    }, {
      "majorSchemaVersion" : 3,
      "name" : "note-for-approval",
      "isPublic" : false,
      "properties" : { },
      "parameters" : { },
      "propertiesMetadata" : {
        "metadata" : { }
      },
      "parametersMetadata" : {
        "metadata" : { }
      }
    } ],
    "propertiesMetadata" : {
      "metadata" : { }
    },
    "parametersMetadata" : {
      "metadata" : { }
    },
    "hooks" : [ ]
  } ],
  "resources" : [ {
    "majorSchemaVersion" : 3,
    "name" : "note-for-approval-repo-host",
    "type" : "org.cloudfoundry.managed-service",
    "properties" : { },
    "parameters" : {
      "generated-password" : "********",
      "service-name" : "note-for-approval-html5-service",
      "service-plan" : "app-host",
      "service" : "html5-apps-repo",
      "generated-user" : "********",
      "default-xsappname" : "note-for-approval-repo-host",
      "type" : "managed-service",
      "default-service-name" : "note-for-approval-repo-host",
      "default-container-name" : "BRAINBOX_CONSULTING_BV_BRAINBOXCONSULTINGIG_DEV_NOTE_FOR794BA098"
    },
    "isActive" : true,
    "isOptional" : false,
    "propertiesMetadata" : {
      "metadata" : { }
    },
    "parametersMetadata" : {
      "metadata" : { }
    },
    "requiredDependencies" : [ ],
    "processedAfter" : [ ]
  }, {
    "majorSchemaVersion" : 3,
    "name" : "note-for-approval-html5-runtime",
    "type" : "org.cloudfoundry.managed-service",
    "properties" : { },
    "parameters" : {
      "generated-password" : "********",
      "service-name" : "note-for-approval-html5-runtime",
      "service-plan" : "app-runtime",
      "service" : "html5-apps-repo",
      "generated-user" : "********",
      "default-xsappname" : "note-for-approval-html5-runtime",
      "type" : "managed-service",
      "default-service-name" : "note-for-approval-html5-runtime",
      "default-container-name" : "BRAINBOX_CONSULTING_BV_BRAINBOXCONSULTINGIG_DEV_NOTE_FOR77D661F6"
    },
    "isActive" : true,
    "isOptional" : false,
    "propertiesMetadata" : {
      "metadata" : { }
    },
    "parametersMetadata" : {
      "metadata" : { }
    },
    "requiredDependencies" : [ ],
    "processedAfter" : [ ]
  }, {
    "majorSchemaVersion" : 3,
    "name" : "note-for-approval-destination-service",
    "type" : "org.cloudfoundry.managed-service",
    "properties" : { },
    "parameters" : {
      "generated-password" : "********",
      "service-name" : "note-for-approval-destination-service",
      "service-plan" : "lite",
      "service" : "destination",
      "generated-user" : "********",
      "default-xsappname" : "note-for-approval-destination-service",
      "type" : "managed-service",
      "config" : {
        "HTML5Runtime_enabled" : false,
        "init_data" : {
          "instance" : {
            "destinations" : [ {
              "Authentication" : "********",
              "Name" : "ui5",
              "ProxyType" : "Internet",
              "Type" : "HTTP",
              "URL" : "https://ui5.sap.com"
            } ],
            "existing_destinations_policy" : "update"
          }
        },
        "version" : "1.0.0"
      },
      "default-service-name" : "note-for-approval-destination-service",
      "default-container-name" : "BRAINBOX_CONSULTING_BV_BRAINBOXCONSULTINGIG_DEV_NOTE_FOR11A5BC97"
    },
    "isActive" : true,
    "isOptional" : false,
    "propertiesMetadata" : {
      "metadata" : { }
    },
    "parametersMetadata" : {
      "metadata" : { }
    },
    "requiredDependencies" : [ ],
    "processedAfter" : [ ]
  }, {
    "majorSchemaVersion" : 3,
    "name" : "note-for-approval-db",
    "type" : "com.sap.xs.hdi-container",
    "properties" : { },
    "parameters" : {
      "generated-password" : "********",
      "service-name" : "note-for-approval-db",
      "service-plan" : "hdi-shared",
      "service" : "hana",
      "generated-user" : "********",
      "default-xsappname" : "note-for-approval-db",
      "type" : "managed-service",
      "default-service-name" : "note-for-approval-db",
      "default-container-name" : "BRAINBOX_CONSULTING_BV_BRAINBOXCONSULTINGIG_DEV_NOTE_FOR712E6D35"
    },
    "isActive" : true,
    "isOptional" : false,
    "propertiesMetadata" : {
      "metadata" : { }
    },
    "parametersMetadata" : {
      "metadata" : { }
    },
    "requiredDependencies" : [ ],
    "processedAfter" : [ ]
  } ],
  "parameters" : {
    "deploy_mode" : "html5-repo",
    "mta-id" : "note-for-approval",
    "authorization-url" : "********",
    "org-guid" : "f75518ee-c52e-4c0f-8577-d43c69acffc3",
    "org" : "BrainBox Consulting BV_BrainboxConsultingIG",
    "deploy-target" : "BrainBox Consulting BV_BrainboxConsultingIG dev",
    "enable-parallel-deployments" : true,
    "region-primary-domain" : "eu10.hana.ondemand.com",
    "space" : "dev",
    "region-domain" : "eu10-005.hana.ondemand.com",
    "xs-api-url" : "https://api.cf.eu10-005.hana.ondemand.com",
    "deploy-url" : "deploy-service.cfapps.eu10-005.hana.ondemand.com",
    "xs-type" : "CF",
    "default-domain" : "cfapps.eu10-005.hana.ondemand.com",
    "mta-version" : "1.0.0",
    "xs-auth-url" : "********",
    "space-guid" : "68e32ac3-8ca0-48aa-af92-b0c9129360d2",
    "user" : "********",
    "controller-url" : "https://api.cf.eu10-005.hana.ondemand.com",
    "timestamp" : "20260903081943"
  },
  "parametersMetadata" : {
    "metadata" : { }
  }
}#
#2026 09 03 08:19:44.331#Z#DEBUG#3758d499-a770-11f1-be6f-eeee0a871e3d.OPERATION#flowable-async-job-executor-thread-4425#
[ProcessDescriptorStep] Merged descriptor properties and parameters resolved#
#2026 09 03 08:19:44.331#Z#DEBUG#3758d499-a770-11f1-be6f-eeee0a871e3d.OPERATION#flowable-async-job-executor-thread-4425#
Step "Process Descriptor Step" finished#
#2026 09 03 08:19:44.356#Z#DEBUG#3758d499-a770-11f1-be6f-eeee0a871e3d.OPERATION#flowable-async-job-executor-thread-4426#
[XS2BuildCloudDeployModelStep] Executing task "buildDeployModelTask" of process "3758d4bf-a770-11f1-be6f-eeee0a871e3d"...#
#2026 09 03 08:19:44.359#Z#DEBUG#3758d499-a770-11f1-be6f-eeee0a871e3d.OPERATION#flowable-async-job-executor-thread-4426#
[XS2BuildCloudDeployModelStep] Service keys defined for content deployment grouped by service name: {
  "note-for-approval-repo-host" : [ {
    "name" : "********",
    "v3Metadata" : {
      "annotations" : {
        "mta_id" : "note-for-approval",
        "mta_version" : "1.0.0"
      },
      "labels" : {
        "mta_id" : "8a35cafb96b1015a5dfdd58f1e09134f",
        "space_guid" : "68e32ac3-8ca0-48aa-af92-b0c9129360d2"
      }
    },
    "credentials" : "********",
    "moduleName" : "note-for-approval-app-content",
    "resourceName" : "note-for-approval-repo-host",
    "serviceInstance" : {
      "isOptional" : false,
      "isManaged" : false,
      "name" : "note-for-approval-html5-service",
      "credentials" : "********",
      "tags" : [ ],
      "shouldSkipParametersUpdate" : false,
      "shouldSkipPlanUpdate" : false,
      "shouldSkipTagsUpdate" : false,
      "shouldSkipSyslogUrlUpdate" : false
    },
    "shouldDeleteServiceKeyAfterDeploy" : "********",
    "resourceType" : "org.cloudfoundry.managed-service"
  } ]
}#
#2026 09 03 08:19:44.359#Z#DEBUG#3758d499-a770-11f1-be6f-eeee0a871e3d.OPERATION#flowable-async-job-executor-thread-4426#
[XS2BuildCloudDeployModelStep] Building cloud deployment model...#
#2026 09 03 08:19:44.361#Z#DEBUG#3758d499-a770-11f1-be6f-eeee0a871e3d.OPERATION#flowable-async-job-executor-thread-4426#
[XS2BuildCloudDeployModelStep] MTA archive modules: [note-for-approval-db-deployer, note-for-approval-srv, note-for-approval-app-content, note-for-approval]#
#2026 09 03 08:19:44.361#Z#DEBUG#3758d499-a770-11f1-be6f-eeee0a871e3d.OPERATION#flowable-async-job-executor-thread-4426#
[XS2BuildCloudDeployModelStep] Deployed modules: [note-for-approval, note-for-approval-db-deployer, note-for-approval-srv]#
#2026 09 03 08:19:44.362#Z#DEBUG#3758d499-a770-11f1-be6f-eeee0a871e3d.OPERATION#flowable-async-job-executor-thread-4426#
[XS2BuildCloudDeployModelStep] MTA modules: [note-for-approval-db-deployer, note-for-approval-srv, note-for-approval-app-content, note-for-approval]#
#2026 09 03 08:19:44.362#Z#DEBUG#3758d499-a770-11f1-be6f-eeee0a871e3d.OPERATION#flowable-async-job-executor-thread-4426#
[XS2BuildCloudDeployModelStep] Service keys to create: {
  "note-for-approval-repo-host" : [ ],
  "note-for-approval-db" : [ ],
  "note-for-approval-html5-runtime" : [ ],
  "note-for-approval-destination-service" : [ ]
}#
#2026 09 03 08:19:44.363#Z#DEBUG#3758d499-a770-11f1-be6f-eeee0a871e3d.OPERATION#flowable-async-job-executor-thread-4426#
[XS2BuildCloudDeployModelStep] Modules to deploy: [{
  "majorSchemaVersion" : 3,
  "name" : "note-for-approval-srv",
  "type" : "javascript.nodejs",
  "path" : "note-for-approval-srv",
  "properties" : { },
  "parameters" : {
    "default-url" : "https://brainbox-consulting-bv-brainboxconsultingig-dev-note-fo4054ba4a.cfapps.eu10-005.hana.ondemand.com",
    "default-app-name" : "note-for-approval-srv",
    "generated-password" : "********",
    "default-live-url" : "https://brainbox-consulting-bv-brainboxconsultingig-dev-note-fo4054ba4a.cfapps.eu10-005.hana.ondemand.com",
    "default-uri" : "brainbox-consulting-bv-brainboxconsultingig-dev-note-fo4054ba4a.cfapps.eu10-005.hana.ondemand.com",
    "default-instances" : 1,
    "default-live-host" : "brainbox-consulting-bv-brainboxconsultingig-dev-note-fo4054ba4a",
    "instances" : 1,
    "buildpack" : "nodejs_buildpack",
    "default-host" : "brainbox-consulting-bv-brainboxconsultingig-dev-note-fo4054ba4a",
    "command" : "npm start",
    "app-name" : "note-for-approval-srv",
    "default-live-uri" : "brainbox-consulting-bv-brainboxconsultingig-dev-note-fo4054ba4a.cfapps.eu10-005.hana.ondemand.com",
    "protocol" : "https",
    "default-live-app-name" : "note-for-approval-srv",
    "default-live-domain" : "cfapps.eu10-005.hana.ondemand.com",
    "dependency-type" : "soft",
    "domain" : "cfapps.eu10-005.hana.ondemand.com",
    "host" : "brainbox-consulting-bv-brainboxconsultingig-dev-note-fo4054ba4a",
    "generated-user" : "********"
  },
  "requiredDependencies" : [ {
    "majorSchemaVersion" : 3,
    "name" : "note-for-approval-db",
    "properties" : { },
    "parameters" : { },
    "propertiesMetadata" : {
      "metadata" : { }
    },
    "parametersMetadata" : {
      "metadata" : { }
    }
  } ],
  "providedDependencies" : [ {
    "majorSchemaVersion" : 3,
    "name" : "srv-api",
    "isPublic" : false,
    "properties" : {
      "srv-url" : "https://brainbox-consulting-bv-brainboxconsultingig-dev-note-fo4054ba4a.cfapps.eu10-005.hana.ondemand.com"
    },
    "parameters" : { },
    "propertiesMetadata" : {
      "metadata" : { }
    },
    "parametersMetadata" : {
      "metadata" : { }
    }
  }, {
    "majorSchemaVersion" : 3,
    "name" : "note-for-approval-srv",
    "isPublic" : false,
    "properties" : { },
    "parameters" : { },
    "propertiesMetadata" : {
      "metadata" : { }
    },
    "parametersMetadata" : {
      "metadata" : { }
    }
  } ],
  "propertiesMetadata" : {
    "metadata" : { }
  },
  "parametersMetadata" : {
    "metadata" : { }
  },
  "deployedAfter" : [ ],
  "hooks" : [ ]
}, {
  "majorSchemaVersion" : 3,
  "name" : "note-for-approval-app-content",
  "type" : "com.sap.application.content",
  "path" : "note-for-approval-app-content",
  "properties" : { },
  "parameters" : {
    "default-url" : "https://brainbox-consulting-bv-brainboxconsultingig-dev-note-fo1e3325e0.cfapps.eu10-005.hana.ondemand.com",
    "default-app-name" : "note-for-approval-app-content",
    "generated-password" : "********",
    "default-live-url" : "https://brainbox-consulting-bv-brainboxconsultingig-dev-note-fo1e3325e0.cfapps.eu10-005.hana.ondemand.com",
    "default-uri" : "brainbox-consulting-bv-brainboxconsultingig-dev-note-fo1e3325e0.cfapps.eu10-005.hana.ondemand.com",
    "default-instances" : 1,
    "default-live-host" : "brainbox-consulting-bv-brainboxconsultingig-dev-note-fo1e3325e0",
    "instances" : 1,
    "default-host" : "brainbox-consulting-bv-brainboxconsultingig-dev-note-fo1e3325e0",
    "app-name" : "note-for-approval-app-content",
    "default-live-uri" : "brainbox-consulting-bv-brainboxconsultingig-dev-note-fo1e3325e0.cfapps.eu10-005.hana.ondemand.com",
    "protocol" : "https",
    "default-live-app-name" : "note-for-approval-app-content",
    "default-live-domain" : "cfapps.eu10-005.hana.ondemand.com",
    "dependency-type" : "soft",
    "domain" : "cfapps.eu10-005.hana.ondemand.com",
    "host" : "brainbox-consulting-bv-brainboxconsultingig-dev-note-fo1e3325e0",
    "generated-user" : "********"
  },
  "requiredDependencies" : [ {
    "majorSchemaVersion" : 3,
    "name" : "note-for-approval-repo-host",
    "properties" : { },
    "parameters" : {
      "content-target" : true
    },
    "propertiesMetadata" : {
      "metadata" : { }
    },
    "parametersMetadata" : {
      "metadata" : { }
    }
  } ],
  "providedDependencies" : [ {
    "majorSchemaVersion" : 3,
    "name" : "note-for-approval-app-content",
    "isPublic" : false,
    "properties" : { },
    "parameters" : { },
    "propertiesMetadata" : {
      "metadata" : { }
    },
    "parametersMetadata" : {
      "metadata" : { }
    }
  } ],
  "propertiesMetadata" : {
    "metadata" : { }
  },
  "parametersMetadata" : {
    "metadata" : { }
  },
  "deployedAfter" : [ ],
  "hooks" : [ ]
}, {
  "majorSchemaVersion" : 3,
  "name" : "note-for-approval-db-deployer",
  "type" : "com.sap.xs.hdi",
  "path" : "note-for-approval-db-deployer",
  "properties" : {
    "EXIT" : 1
  },
  "parameters" : {
    "default-url" : "https://brainbox-consulting-bv-brainboxconsultingig-dev-note-fo33517d96.cfapps.eu10-005.hana.ondemand.com",
    "default-app-name" : "note-for-approval-db-deployer",
    "generated-password" : "********",
    "default-live-url" : "https://brainbox-consulting-bv-brainboxconsultingig-dev-note-fo33517d96.cfapps.eu10-005.hana.ondemand.com",
    "default-uri" : "brainbox-consulting-bv-brainboxconsultingig-dev-note-fo33517d96.cfapps.eu10-005.hana.ondemand.com",
    "memory" : "256M",
    "default-instances" : 1,
    "no-route" : true,
    "default-live-host" : "brainbox-consulting-bv-brainboxconsultingig-dev-note-fo33517d96",
    "instances" : 1,
    "buildpack" : "nodejs_buildpack",
    "default-host" : "brainbox-consulting-bv-brainboxconsultingig-dev-note-fo33517d96",
    "app-name" : "note-for-approval-db-deployer",
    "default-live-uri" : "brainbox-consulting-bv-brainboxconsultingig-dev-note-fo33517d96.cfapps.eu10-005.hana.ondemand.com",
    "protocol" : "https",
    "default-live-app-name" : "note-for-approval-db-deployer",
    "default-live-domain" : "cfapps.eu10-005.hana.ondemand.com",
    "dependency-type" : "hard",
    "domain" : "cfapps.eu10-005.hana.ondemand.com",
    "host" : "brainbox-consulting-bv-brainboxconsultingig-dev-note-fo33517d96",
    "generated-user" : "********",
    "tasks" : [ {
      "command" : "npm start",
      "memory" : "256M",
      "name" : "deploy"
    } ],
    "no-start" : true
  },
  "requiredDependencies" : [ {
    "majorSchemaVersion" : 3,
    "name" : "note-for-approval-db",
    "properties" : { },
    "parameters" : { },
    "propertiesMetadata" : {
      "metadata" : { }
    },
    "parametersMetadata" : {
      "metadata" : { }
    }
  } ],
  "providedDependencies" : [ {
    "majorSchemaVersion" : 3,
    "name" : "note-for-approval-db-deployer",
    "isPublic" : false,
    "properties" : { },
    "parameters" : { },
    "propertiesMetadata" : {
      "metadata" : { }
    },
    "parametersMetadata" : {
      "metadata" : { }
    }
  } ],
  "propertiesMetadata" : {
    "metadata" : { }
  },
  "parametersMetadata" : {
    "metadata" : { }
  },
  "deployedAfter" : [ ],
  "hooks" : [ ]
}, {
  "majorSchemaVersion" : 3,
  "name" : "note-for-approval",
  "type" : "javascript.nodejs",
  "path" : "note-for-approval",
  "properties" : { },
  "parameters" : {
    "default-url" : "https://brainbox-consulting-bv-brainboxconsultingig-dev-note-fo1ef357a0.cfapps.eu10-005.hana.ondemand.com",
    "default-app-name" : "note-for-approval",
    "generated-password" : "********",
    "default-live-url" : "https://brainbox-consulting-bv-brainboxconsultingig-dev-note-fo1ef357a0.cfapps.eu10-005.hana.ondemand.com",
    "default-uri" : "brainbox-consulting-bv-brainboxconsultingig-dev-note-fo1ef357a0.cfapps.eu10-005.hana.ondemand.com",
    "memory" : "256M",
    "default-instances" : 1,
    "default-live-host" : "brainbox-consulting-bv-brainboxconsultingig-dev-note-fo1ef357a0",
    "instances" : 1,
    "default-host" : "brainbox-consulting-bv-brainboxconsultingig-dev-note-fo1ef357a0",
    "keep-existing-routes" : true,
    "app-name" : "note-for-approval",
    "default-live-uri" : "brainbox-consulting-bv-brainboxconsultingig-dev-note-fo1ef357a0.cfapps.eu10-005.hana.ondemand.com",
    "protocol" : "https",
    "default-live-app-name" : "note-for-approval",
    "default-live-domain" : "cfapps.eu10-005.hana.ondemand.com",
    "disk-quota" : "256M",
    "dependency-type" : "soft",
    "domain" : "cfapps.eu10-005.hana.ondemand.com",
    "host" : "brainbox-consulting-bv-brainboxconsultingig-dev-note-fo1ef357a0",
    "generated-user" : "********"
  },
  "requiredDependencies" : [ {
    "majorSchemaVersion" : 3,
    "name" : "srv-api",
    "group" : "destinations",
    "properties" : {
      "name" : "srv-api",
      "forwardAuthToken" : "********",
      "url" : "https://brainbox-consulting-bv-brainboxconsultingig-dev-note-fo4054ba4a.cfapps.eu10-005.hana.ondemand.com"
    },
    "parameters" : { },
    "propertiesMetadata" : {
      "metadata" : { }
    },
    "parametersMetadata" : {
      "metadata" : { }
    }
  }, {
    "majorSchemaVersion" : 3,
    "name" : "note-for-approval-html5-runtime",
    "properties" : { },
    "parameters" : { },
    "propertiesMetadata" : {
      "metadata" : { }
    },
    "parametersMetadata" : {
      "metadata" : { }
    }
  } ],
  "providedDependencies" : [ {
    "majorSchemaVersion" : 3,
    "name" : "app-api",
    "isPublic" : false,
    "properties" : {
      "app-protocol" : "https",
      "app-uri" : "brainbox-consulting-bv-brainboxconsultingig-dev-note-fo1ef357a0.cfapps.eu10-005.hana.ondemand.com"
    },
    "parameters" : { },
    "propertiesMetadata" : {
      "metadata" : { }
    },
    "parametersMetadata" : {
      "metadata" : { }
    }
  }, {
    "majorSchemaVersion" : 3,
    "name" : "note-for-approval",
    "isPublic" : false,
    "properties" : { },
    "parameters" : { },
    "propertiesMetadata" : {
      "metadata" : { }
    },
    "parametersMetadata" : {
      "metadata" : { }
    }
  } ],
  "propertiesMetadata" : {
    "metadata" : { }
  },
  "parametersMetadata" : {
    "metadata" : { }
  },
  "deployedAfter" : [ ],
  "hooks" : [ ]
}]#
#2026 09 03 08:19:44.364#Z#DEBUG#3758d499-a770-11f1-be6f-eeee0a871e3d.OPERATION#flowable-async-job-executor-thread-4426#
[XS2BuildCloudDeployModelStep] Custom domains: []#
#2026 09 03 08:19:44.366#Z#DEBUG#3758d499-a770-11f1-be6f-eeee0a871e3d.OPERATION#flowable-async-job-executor-thread-4426#
[XS2BuildCloudDeployModelStep] Calculating resource batches...#
#2026 09 03 08:19:44.366#Z#DEBUG#3758d499-a770-11f1-be6f-eeee0a871e3d.OPERATION#flowable-async-job-executor-thread-4426#
[XS2BuildCloudDeployModelStep] Calculating resource batches completed.#
#2026 09 03 08:19:44.366#Z#DEBUG#3758d499-a770-11f1-be6f-eeee0a871e3d.OPERATION#flowable-async-job-executor-thread-4426#
[XS2BuildCloudDeployModelStep] Cloud deployment model built#
#2026 09 03 08:19:44.366#Z#DEBUG#3758d499-a770-11f1-be6f-eeee0a871e3d.OPERATION#flowable-async-job-executor-thread-4426#
Step "Build Deploy Model" finished#
#2026 09 03 08:19:44.394#Z#DEBUG#3758d499-a770-11f1-be6f-eeee0a871e3d.OPERATION#flowable-async-job-executor-thread-4427#
[BuildCloudUndeployModelStep] Executing task "buildUndeployModelTask" of process "3758d4bf-a770-11f1-be6f-eeee0a871e3d"...#
#2026 09 03 08:19:44.395#Z#DEBUG#3758d499-a770-11f1-be6f-eeee0a871e3d.OPERATION#flowable-async-job-executor-thread-4427#
[BuildCloudUndeployModelStep] Building cloud undeployment model...#
#2026 09 03 08:19:44.397#Z#DEBUG#3758d499-a770-11f1-be6f-eeee0a871e3d.OPERATION#flowable-async-job-executor-thread-4427#
[BuildCloudUndeployModelStep] Detecting service keys to delete.#
#2026 09 03 08:19:44.397#Z#DEBUG#3758d499-a770-11f1-be6f-eeee0a871e3d.OPERATION#flowable-async-job-executor-thread-4427#
[BuildCloudUndeployModelStep] Detected deployed service keys by service "{note-for-approval-html5-service=[DeployedMtaServiceKey{name=note-for-approval-app-content-note-for-approval-repo-host-credentials, metadata=CloudMetadata{guid=fba8482c-7491-4d03-9e40-4d7b5a2d5b77, createdAt=2026-08-31T12:17:39, updatedAt=2026-08-31T12:17:40, url=null}, v3Metadata=Metadata{annotations={mta_id=note-for-approval, mta_version=1.0.0}, labels={mta_id=8a35cafb96b1015a5dfdd58f1e09134f, space_guid=68e32ac3-8ca0-48aa-af92-b0c9129360d2}}, credentials=null, serviceInstance=CloudServiceInstance{name=note-for-approval-html5-service, metadata=CloudMetadata{guid=49fffbed-09fa-45b8-b879-4a143684ee2f, createdAt=2026-08-31T12:17:18, updatedAt=2026-08-31T12:17:19, url=null}, v3Metadata=Metadata{annotations={mta_id=note-for-approval, mta_version=1.0.0, mta_resource={"name":"note-for-approval-repo-host"}}, labels={mta_id=8a35cafb96b1015a5dfdd58f1e09134f}}, label=null, plan=null, provider=null, broker=null, version=null, credentials={}, syslogDrainUrl=null, tags=[], type=managed, lastOperation=null}, serviceKeyOperation=null, resourceName=null}]}"#
#2026 09 03 08:19:44.399#Z#DEBUG#3758d499-a770-11f1-be6f-eeee0a871e3d.OPERATION#flowable-async-job-executor-thread-4427#
[BuildCloudUndeployModelStep] New service keys by service "{note-for-approval-html5-service=[note-for-approval-app-content-note-for-approval-repo-host-credentials]}"#
#2026 09 03 08:19:44.400#Z#DEBUG#3758d499-a770-11f1-be6f-eeee0a871e3d.OPERATION#flowable-async-job-executor-thread-4427#
[BuildCloudUndeployModelStep] Existing service keys by service "{}"#
#2026 09 03 08:19:44.400#Z#DEBUG#3758d499-a770-11f1-be6f-eeee0a871e3d.OPERATION#flowable-async-job-executor-thread-4427#
[BuildCloudUndeployModelStep] Detected service keys to delete "[]"#
#2026 09 03 08:19:44.403#Z#DEBUG#3758d499-a770-11f1-be6f-eeee0a871e3d.OPERATION#flowable-async-job-executor-thread-4427#
[BuildCloudUndeployModelStep] MTA modules: [note-for-approval-db-deployer, note-for-approval-srv, note-for-approval-app-content, note-for-approval]#
#2026 09 03 08:19:44.403#Z#DEBUG#3758d499-a770-11f1-be6f-eeee0a871e3d.OPERATION#flowable-async-job-executor-thread-4427#
[BuildCloudUndeployModelStep] Modules to undeploy: [ ]#
#2026 09 03 08:19:44.403#Z#DEBUG#3758d499-a770-11f1-be6f-eeee0a871e3d.OPERATION#flowable-async-job-executor-thread-4427#
[BuildCloudUndeployModelStep] Modules that won't be changed: [ ]#
#2026 09 03 08:19:44.404#Z#DEBUG#3758d499-a770-11f1-be6f-eeee0a871e3d.OPERATION#flowable-async-job-executor-thread-4427#
[BuildCloudUndeployModelStep] Subscriptions to delete: [ ]#
#2026 09 03 08:19:44.406#Z#DEBUG#3758d499-a770-11f1-be6f-eeee0a871e3d.OPERATION#flowable-async-job-executor-thread-4427#
[BuildCloudUndeployModelStep] Cloud services to delete: []#
#2026 09 03 08:19:44.406#Z#DEBUG#3758d499-a770-11f1-be6f-eeee0a871e3d.OPERATION#flowable-async-job-executor-thread-4427#
[BuildCloudUndeployModelStep] Cloud applications to undeploy: [ ]#
#2026 09 03 08:19:44.408#Z#DEBUG#3758d499-a770-11f1-be6f-eeee0a871e3d.OPERATION#flowable-async-job-executor-thread-4427#
[BuildCloudUndeployModelStep] Cloud undeployment model built#
#2026 09 03 08:19:44.408#Z#DEBUG#3758d499-a770-11f1-be6f-eeee0a871e3d.OPERATION#flowable-async-job-executor-thread-4427#
Step "Build Undeploy Model" finished#
#2026 09 03 08:19:44.434#Z#DEBUG#3758d499-a770-11f1-be6f-eeee0a871e3d.OPERATION#flowable-async-job-executor-thread-4428#
[AddDomainsStep] Executing task "addDomainsTask" of process "3758d4bf-a770-11f1-be6f-eeee0a871e3d"...#
#2026 09 03 08:19:44.435#Z#DEBUG#3758d499-a770-11f1-be6f-eeee0a871e3d.OPERATION#flowable-async-job-executor-thread-4428#
[AddDomainsStep] Custom domains: []#
#2026 09 03 08:19:44.435#Z#DEBUG#3758d499-a770-11f1-be6f-eeee0a871e3d.OPERATION#flowable-async-job-executor-thread-4428#
Step "Add Domains" finished#
#2026 09 03 08:19:44.546#Z#DEBUG#3758d499-a770-11f1-be6f-eeee0a871e3d.OPERATION#flowable-async-job-executor-thread-4430#
[ExtractBatchedServicesWithResolvedDynamicParametersStep] Executing task "prepareModulesDeploymentTask" of process "381b3a17-a770-11f1-be6f-eeee0a871e3d"...#
#2026 09 03 08:19:44.546#Z#DEBUG#3758d499-a770-11f1-be6f-eeee0a871e3d.OPERATION#flowable-async-job-executor-thread-4430#
[ExtractBatchedServicesWithResolvedDynamicParametersStep] Extracting services and resolving dynamic parameters from batch#
#2026 09 03 08:19:44.547#Z#DEBUG#3758d499-a770-11f1-be6f-eeee0a871e3d.OPERATION#flowable-async-job-executor-thread-4430#
[ExtractBatchedServicesWithResolvedDynamicParametersStep] Services to create: [ {
  "isOptional" : false,
  "isManaged" : true,
  "name" : "note-for-approval-html5-service",
  "v3Metadata" : {
    "annotations" : {
      "mta_id" : "note-for-approval",
      "mta_version" : "1.0.0",
      "mta_resource" : "{\"name\":\"note-for-approval-repo-host\"}"
    },
    "labels" : {
      "mta_id" : "8a35cafb96b1015a5dfdd58f1e09134f"
    }
  },
  "label" : "html5-apps-repo",
  "plan" : "app-host",
  "credentials" : "********",
  "tags" : [ ],
  "type" : "managed",
  "resourceName" : "note-for-approval-repo-host",
  "shouldSkipParametersUpdate" : false,
  "shouldSkipPlanUpdate" : false,
  "shouldSkipTagsUpdate" : false,
  "shouldSkipSyslogUrlUpdate" : false
}, {
  "isOptional" : false,
  "isManaged" : true,
  "name" : "note-for-approval-html5-runtime",
  "v3Metadata" : {
    "annotations" : {
      "mta_id" : "note-for-approval",
      "mta_version" : "1.0.0",
      "mta_resource" : "{\"name\":\"note-for-approval-html5-runtime\"}"
    },
    "labels" : {
      "mta_id" : "8a35cafb96b1015a5dfdd58f1e09134f"
    }
  },
  "label" : "html5-apps-repo",
  "plan" : "app-runtime",
  "credentials" : "********",
  "tags" : [ ],
  "type" : "managed",
  "resourceName" : "note-for-approval-html5-runtime",
  "shouldSkipParametersUpdate" : false,
  "shouldSkipPlanUpdate" : false,
  "shouldSkipTagsUpdate" : false,
  "shouldSkipSyslogUrlUpdate" : false
}, {
  "isOptional" : false,
  "isManaged" : true,
  "name" : "note-for-approval-destination-service",
  "v3Metadata" : {
    "annotations" : {
      "mta_id" : "note-for-approval",
      "mta_version" : "1.0.0",
      "mta_resource" : "{\"name\":\"note-for-approval-destination-service\"}"
    },
    "labels" : {
      "mta_id" : "8a35cafb96b1015a5dfdd58f1e09134f"
    }
  },
  "label" : "destination",
  "plan" : "lite",
  "credentials" : "********",
  "tags" : [ ],
  "type" : "managed",
  "resourceName" : "note-for-approval-destination-service",
  "shouldSkipParametersUpdate" : false,
  "shouldSkipPlanUpdate" : false,
  "shouldSkipTagsUpdate" : false,
  "shouldSkipSyslogUrlUpdate" : false
}, {
  "isOptional" : false,
  "isManaged" : true,
  "name" : "note-for-approval-db",
  "v3Metadata" : {
    "annotations" : {
      "mta_id" : "note-for-approval",
      "mta_version" : "1.0.0",
      "mta_resource" : "{\"name\":\"note-for-approval-db\"}"
    },
    "labels" : {
      "mta_id" : "8a35cafb96b1015a5dfdd58f1e09134f"
    }
  },
  "label" : "hana",
  "plan" : "hdi-shared",
  "credentials" : "********",
  "tags" : [ ],
  "type" : "managed",
  "resourceName" : "note-for-approval-db",
  "shouldSkipParametersUpdate" : false,
  "shouldSkipPlanUpdate" : false,
  "shouldSkipTagsUpdate" : false,
  "shouldSkipSyslogUrlUpdate" : false
} ]#
#2026 09 03 08:19:44.548#Z#DEBUG#3758d499-a770-11f1-be6f-eeee0a871e3d.OPERATION#flowable-async-job-executor-thread-4430#
Step "Extract Services with Resolved Dynamic parameters from batch" finished#
#2026 09 03 08:19:44.621#Z#DEBUG#3758d499-a770-11f1-be6f-eeee0a871e3d.OPERATION#flowable-async-job-executor-thread-4435#
[CheckServiceOperationStateStep] Executing task "CheckServiceOperationStateTask" of process "382dd802-a770-11f1-be6f-eeee0a871e3d"...#
#2026 09 03 08:19:44.622#Z#DEBUG#3758d499-a770-11f1-be6f-eeee0a871e3d.OPERATION#flowable-async-job-executor-thread-4435#
[CheckServiceOperationStateStep] Getting service instance "note-for-approval-html5-service"...#
#2026 09 03 08:19:44.722#Z#DEBUG#3758d499-a770-11f1-be6f-eeee0a871e3d.OPERATION#flowable-async-job-executor-thread-4435#
Step "Check for service operations in Progress" finished#
#2026 09 03 08:19:44.744#Z#DEBUG#3758d499-a770-11f1-be6f-eeee0a871e3d.OPERATION#flowable-async-job-executor-thread-4436#
[DetermineServiceCreateUpdateServiceActionsStep] Executing task "DetermineServiceCreateUpdateActionsTask" of process "382dd802-a770-11f1-be6f-eeee0a871e3d"...#
#2026 09 03 08:19:44.745#Z#INFO#3758d499-a770-11f1-be6f-eeee0a871e3d.OPERATION#flowable-async-job-executor-thread-4436#
[DetermineServiceCreateUpdateServiceActionsStep] Processing service "note-for-approval-html5-service"...#
#2026 09 03 08:19:44.749#Z#DEBUG#3758d499-a770-11f1-be6f-eeee0a871e3d.OPERATION#flowable-async-job-executor-thread-4436#
[DetermineServiceCreateUpdateServiceActionsStep] Getting service instance "note-for-approval-html5-service"...#
#2026 09 03 08:19:44.859#Z#DEBUG#3758d499-a770-11f1-be6f-eeee0a871e3d.OPERATION#flowable-async-job-executor-thread-4436#
[DetermineServiceCreateUpdateServiceActionsStep] Existing service: {
  "name" : "note-for-approval-html5-service",
  "metadata" : {
    "guid" : "49fffbed-09fa-45b8-b879-4a143684ee2f",
    "createdAt" : [ 2026, 8, 31, 12, 17, 18 ],
    "updatedAt" : [ 2026, 8, 31, 12, 17, 19 ]
  },
  "v3Metadata" : {
    "annotations" : {
      "mta_id" : "note-for-approval",
      "mta_version" : "1.0.0",
      "mta_resource" : "{\"name\":\"note-for-approval-repo-host\"}"
    },
    "labels" : {
      "mta_id" : "8a35cafb96b1015a5dfdd58f1e09134f"
    }
  },
  "label" : "html5-apps-repo",
  "plan" : "app-host",
  "credentials" : "********",
  "tags" : [ ],
  "type" : "managed",
  "lastOperation" : {
    "type" : "CREATE",
    "description" : "",
    "state" : "SUCCEEDED"
  }
}#
#2026 09 03 08:19:44.859#Z#WARN#3758d499-a770-11f1-be6f-eeee0a871e3d.OPERATION#flowable-async-job-executor-thread-4436#
[DetermineServiceCreateUpdateServiceActionsStep] Service parameters for service "note-for-approval-html5-service" will not be updated, as the parameters are not defined or empty.#
#2026 09 03 08:19:44.859#Z#DEBUG#3758d499-a770-11f1-be6f-eeee0a871e3d.OPERATION#flowable-async-job-executor-thread-4436#
Step "Determine update actions" finished#
#2026 09 03 08:19:44.891#Z#DEBUG#3758d499-a770-11f1-be6f-eeee0a871e3d.OPERATION#flowable-async-job-executor-thread-4437#
[CheckForServiceBindingOrKeyOperationStep] Executing task "CheckForServiceBindingOrKeyCreation" of process "382dd802-a770-11f1-be6f-eeee0a871e3d"...#
#2026 09 03 08:19:44.892#Z#DEBUG#3758d499-a770-11f1-be6f-eeee0a871e3d.OPERATION#flowable-async-job-executor-thread-4437#
Step "Check for service binding or key creation" finished#
#2026 09 03 08:19:44.710#Z#DEBUG#3758d499-a770-11f1-be6f-eeee0a871e3d.OPERATION#flowable-async-job-executor-thread-6928#
[CheckServiceOperationStateStep] Executing task "CheckServiceOperationStateTask" of process "383b6bc6-a770-11f1-b520-eeee0a88223d"...#
#2026 09 03 08:19:44.774#Z#DEBUG#3758d499-a770-11f1-be6f-eeee0a871e3d.OPERATION#flowable-async-job-executor-thread-6928#
[CheckServiceOperationStateStep] Getting service instance "note-for-approval-destination-service"...#
#2026 09 03 08:19:44.895#Z#DEBUG#3758d499-a770-11f1-be6f-eeee0a871e3d.OPERATION#flowable-async-job-executor-thread-6928#
Step "Check for service operations in Progress" finished#
#2026 09 03 08:19:44.918#Z#DEBUG#3758d499-a770-11f1-be6f-eeee0a871e3d.OPERATION#flowable-async-job-executor-thread-6929#
[DetermineServiceCreateUpdateServiceActionsStep] Executing task "DetermineServiceCreateUpdateActionsTask" of process "383b6bc6-a770-11f1-b520-eeee0a88223d"...#
#2026 09 03 08:19:44.920#Z#INFO#3758d499-a770-11f1-be6f-eeee0a871e3d.OPERATION#flowable-async-job-executor-thread-6929#
[DetermineServiceCreateUpdateServiceActionsStep] Processing service "note-for-approval-destination-service"...#
#2026 09 03 08:19:44.924#Z#DEBUG#3758d499-a770-11f1-be6f-eeee0a871e3d.OPERATION#flowable-async-job-executor-thread-6929#
[DetermineServiceCreateUpdateServiceActionsStep] Getting service instance "note-for-approval-destination-service"...#
#2026 09 03 08:19:45.034#Z#DEBUG#3758d499-a770-11f1-be6f-eeee0a871e3d.OPERATION#flowable-async-job-executor-thread-6929#
[DetermineServiceCreateUpdateServiceActionsStep] Existing service: {
  "name" : "note-for-approval-destination-service",
  "metadata" : {
    "guid" : "b3312f59-2e53-4489-8957-1c1421177eae",
    "createdAt" : [ 2026, 8, 31, 12, 17, 16 ],
    "updatedAt" : [ 2026, 8, 31, 12, 17, 17 ]
  },
  "v3Metadata" : {
    "annotations" : {
      "mta_id" : "note-for-approval",
      "mta_version" : "1.0.0",
      "mta_resource" : "{\"name\":\"note-for-approval-destination-service\"}"
    },
    "labels" : {
      "mta_id" : "8a35cafb96b1015a5dfdd58f1e09134f"
    }
  },
  "label" : "destination",
  "plan" : "lite",
  "credentials" : "********",
  "tags" : [ ],
  "type" : "managed",
  "lastOperation" : {
    "type" : "UPDATE",
    "description" : "",
    "state" : "SUCCEEDED"
  }
}#
#2026 09 03 08:19:45.034#Z#DEBUG#3758d499-a770-11f1-be6f-eeee0a871e3d.OPERATION#flowable-async-job-executor-thread-6929#
[DetermineServiceCreateUpdateServiceActionsStep] Service parameters will be updated#
#2026 09 03 08:19:45.034#Z#DEBUG#3758d499-a770-11f1-be6f-eeee0a871e3d.OPERATION#flowable-async-job-executor-thread-6929#
[DetermineServiceCreateUpdateServiceActionsStep] New parameters: {
  "HTML5Runtime_enabled" : false,
  "init_data" : {
    "instance" : {
      "destinations" : [ {
        "Authentication" : "********",
        "Name" : "ui5",
        "ProxyType" : "Internet",
        "Type" : "HTTP",
        "URL" : "https://ui5.sap.com"
      } ],
      "existing_destinations_policy" : "update"
    }
  },
  "version" : "1.0.0"
}#
#2026 09 03 08:19:45.034#Z#DEBUG#3758d499-a770-11f1-be6f-eeee0a871e3d.OPERATION#flowable-async-job-executor-thread-6929#
Step "Determine update actions" finished#
#2026 09 03 08:19:45.069#Z#DEBUG#3758d499-a770-11f1-be6f-eeee0a871e3d.OPERATION#flowable-async-job-executor-thread-6930#
[CheckForServiceBindingOrKeyOperationStep] Executing task "CheckForServiceBindingOrKeyCreation" of process "383b6bc6-a770-11f1-b520-eeee0a88223d"...#
#2026 09 03 08:19:45.070#Z#DEBUG#3758d499-a770-11f1-be6f-eeee0a871e3d.OPERATION#flowable-async-job-executor-thread-6930#
Step "Check for service binding or key creation" finished#
#2026 09 03 08:19:45.100#Z#DEBUG#3758d499-a770-11f1-be6f-eeee0a871e3d.OPERATION#flowable-async-job-executor-thread-6931#
[UpdateServiceParametersStep] Executing task "UpdateServiceParametersTask" of process "383b6bc6-a770-11f1-b520-eeee0a88223d"...#
#2026 09 03 08:19:45.102#Z#INFO#3758d499-a770-11f1-be6f-eeee0a871e3d.OPERATION#flowable-async-job-executor-thread-6931#
[UpdateServiceParametersStep] Updating service "note-for-approval-destination-service"...#
#2026 09 03 08:19:45.107#Z#DEBUG#3758d499-a770-11f1-be6f-eeee0a871e3d.OPERATION#flowable-async-job-executor-thread-6931#
[UpdateServiceParametersStep] Updating service parameters for service "note-for-approval-destination-service"...#
#2026 09 03 08:19:45.196#Z#DEBUG#3758d499-a770-11f1-be6f-eeee0a871e3d.OPERATION#flowable-async-job-executor-thread-6931#
[UpdateServiceParametersStep] Service "note-for-approval-destination-service" updated#
#2026 09 03 08:19:45.196#Z#DEBUG#3758d499-a770-11f1-be6f-eeee0a871e3d.OPERATION#flowable-async-job-executor-thread-6931#
[UpdateServiceParametersStep] Triggered service operations: {
  "note-for-approval-destination-service" : "UPDATE"
}#
#2026 09 03 08:19:45.197#Z#DEBUG#3758d499-a770-11f1-be6f-eeee0a871e3d.OPERATION#flowable-async-job-executor-thread-6931#
Step "Update parameters" finished#
#2026 09 03 08:19:47.062#Z#DEBUG#3758d499-a770-11f1-be6f-eeee0a871e3d.OPERATION#flowable-async-job-executor-thread-9585#
[CheckServiceOperationStateStep] Executing task "CheckServiceOperationStateTask" of process "399f8f9e-a770-11f1-85ae-eeee0a987031"...#
#2026 09 03 08:19:47.149#Z#DEBUG#3758d499-a770-11f1-be6f-eeee0a871e3d.OPERATION#flowable-async-job-executor-thread-9585#
[CheckServiceOperationStateStep] Getting service instance "note-for-approval-db"...#
#2026 09 03 08:19:47.272#Z#DEBUG#3758d499-a770-11f1-be6f-eeee0a871e3d.OPERATION#flowable-async-job-executor-thread-9585#
Step "Check for service operations in Progress" finished#
#2026 09 03 08:19:47.119#Z#DEBUG#3758d499-a770-11f1-be6f-eeee0a871e3d.OPERATION#flowable-async-job-executor-thread-10502#
[CheckServiceOperationStateStep] Executing task "CheckServiceOperationStateTask" of process "39a84245-a770-11f1-9714-eeee0a815610"...#
#2026 09 03 08:19:47.208#Z#DEBUG#3758d499-a770-11f1-be6f-eeee0a871e3d.OPERATION#flowable-async-job-executor-thread-10502#
[CheckServiceOperationStateStep] Getting service instance "note-for-approval-html5-runtime"...#
#2026 09 03 08:19:47.322#Z#DEBUG#3758d499-a770-11f1-be6f-eeee0a871e3d.OPERATION#flowable-async-job-executor-thread-10502#
Step "Check for service operations in Progress" finished#
#2026 09 03 08:19:47.309#Z#DEBUG#3758d499-a770-11f1-be6f-eeee0a871e3d.OPERATION#flowable-async-job-executor-thread-9586#
[DetermineServiceCreateUpdateServiceActionsStep] Executing task "DetermineServiceCreateUpdateActionsTask" of process "399f8f9e-a770-11f1-85ae-eeee0a987031"...#
#2026 09 03 08:19:47.311#Z#INFO#3758d499-a770-11f1-be6f-eeee0a871e3d.OPERATION#flowable-async-job-executor-thread-9586#
[DetermineServiceCreateUpdateServiceActionsStep] Processing service "note-for-approval-db"...#
#2026 09 03 08:19:47.318#Z#DEBUG#3758d499-a770-11f1-be6f-eeee0a871e3d.OPERATION#flowable-async-job-executor-thread-9586#
[DetermineServiceCreateUpdateServiceActionsStep] Getting service instance "note-for-approval-db"...#
#2026 09 03 08:19:47.426#Z#DEBUG#3758d499-a770-11f1-be6f-eeee0a871e3d.OPERATION#flowable-async-job-executor-thread-9586#
[DetermineServiceCreateUpdateServiceActionsStep] Existing service: {
  "name" : "note-for-approval-db",
  "metadata" : {
    "guid" : "3cda08d7-bd8d-45de-a8e6-41a33d7f1e28",
    "createdAt" : [ 2026, 8, 31, 12, 17, 18 ],
    "updatedAt" : [ 2026, 8, 31, 12, 17, 19 ]
  },
  "v3Metadata" : {
    "annotations" : {
      "mta_id" : "note-for-approval",
      "mta_version" : "1.0.0",
      "mta_resource" : "{\"name\":\"note-for-approval-db\"}"
    },
    "labels" : {
      "mta_id" : "8a35cafb96b1015a5dfdd58f1e09134f"
    }
  },
  "label" : "hana",
  "plan" : "hdi-shared",
  "credentials" : "********",
  "tags" : [ ],
  "type" : "managed",
  "lastOperation" : {
    "type" : "CREATE",
    "state" : "SUCCEEDED"
  }
}#
#2026 09 03 08:19:47.426#Z#WARN#3758d499-a770-11f1-be6f-eeee0a871e3d.OPERATION#flowable-async-job-executor-thread-9586#
[DetermineServiceCreateUpdateServiceActionsStep] Service parameters for service "note-for-approval-db" will not be updated, as the parameters are not defined or empty.#
#2026 09 03 08:19:47.426#Z#DEBUG#3758d499-a770-11f1-be6f-eeee0a871e3d.OPERATION#flowable-async-job-executor-thread-9586#
Step "Determine update actions" finished#
#2026 09 03 08:19:47.482#Z#DEBUG#3758d499-a770-11f1-be6f-eeee0a871e3d.OPERATION#flowable-async-job-executor-thread-9587#
[CheckForServiceBindingOrKeyOperationStep] Executing task "CheckForServiceBindingOrKeyCreation" of process "399f8f9e-a770-11f1-85ae-eeee0a987031"...#
#2026 09 03 08:19:47.490#Z#DEBUG#3758d499-a770-11f1-be6f-eeee0a871e3d.OPERATION#flowable-async-job-executor-thread-9587#
Step "Check for service binding or key creation" finished#
#2026 09 03 08:19:47.366#Z#DEBUG#3758d499-a770-11f1-be6f-eeee0a871e3d.OPERATION#flowable-async-job-executor-thread-10503#
[DetermineServiceCreateUpdateServiceActionsStep] Executing task "DetermineServiceCreateUpdateActionsTask" of process "39a84245-a770-11f1-9714-eeee0a815610"...#
#2026 09 03 08:19:47.369#Z#INFO#3758d499-a770-11f1-be6f-eeee0a871e3d.OPERATION#flowable-async-job-executor-thread-10503#
[DetermineServiceCreateUpdateServiceActionsStep] Processing service "note-for-approval-html5-runtime"...#
#2026 09 03 08:19:47.375#Z#DEBUG#3758d499-a770-11f1-be6f-eeee0a871e3d.OPERATION#flowable-async-job-executor-thread-10503#
[DetermineServiceCreateUpdateServiceActionsStep] Getting service instance "note-for-approval-html5-runtime"...#
#2026 09 03 08:19:47.516#Z#DEBUG#3758d499-a770-11f1-be6f-eeee0a871e3d.OPERATION#flowable-async-job-executor-thread-10503#
[DetermineServiceCreateUpdateServiceActionsStep] Existing service: {
  "name" : "note-for-approval-html5-runtime",
  "metadata" : {
    "guid" : "7d72db8e-eb9e-477c-a62a-92e4416d38d2",
    "createdAt" : [ 2026, 8, 31, 19, 27, 57 ],
    "updatedAt" : [ 2026, 8, 31, 19, 27, 58 ]
  },
  "v3Metadata" : {
    "annotations" : {
      "mta_id" : "note-for-approval",
      "mta_version" : "1.0.0",
      "mta_resource" : "{\"name\":\"note-for-approval-html5-runtime\"}"
    },
    "labels" : {
      "mta_id" : "8a35cafb96b1015a5dfdd58f1e09134f"
    }
  },
  "label" : "html5-apps-repo",
  "plan" : "app-runtime",
  "credentials" : "********",
  "tags" : [ ],
  "type" : "managed",
  "lastOperation" : {
    "type" : "CREATE",
    "description" : "",
    "state" : "SUCCEEDED"
  }
}#
#2026 09 03 08:19:47.516#Z#WARN#3758d499-a770-11f1-be6f-eeee0a871e3d.OPERATION#flowable-async-job-executor-thread-10503#
[DetermineServiceCreateUpdateServiceActionsStep] Service parameters for service "note-for-approval-html5-runtime" will not be updated, as the parameters are not defined or empty.#
#2026 09 03 08:19:47.516#Z#DEBUG#3758d499-a770-11f1-be6f-eeee0a871e3d.OPERATION#flowable-async-job-executor-thread-10503#
Step "Determine update actions" finished#
#2026 09 03 08:19:47.572#Z#DEBUG#3758d499-a770-11f1-be6f-eeee0a871e3d.OPERATION#flowable-async-job-executor-thread-10504#
[CheckForServiceBindingOrKeyOperationStep] Executing task "CheckForServiceBindingOrKeyCreation" of process "39a84245-a770-11f1-9714-eeee0a815610"...#
#2026 09 03 08:19:47.575#Z#DEBUG#3758d499-a770-11f1-be6f-eeee0a871e3d.OPERATION#flowable-async-job-executor-thread-10504#
Step "Check for service binding or key creation" finished#
#2026 09 03 08:19:56.289#Z#DEBUG#3758d499-a770-11f1-be6f-eeee0a871e3d.OPERATION#flowable-async-job-executor-thread-10326#
[UpdateServiceParametersStep] Executing task "UpdateServiceParametersTask" of process "383b6bc6-a770-11f1-b520-eeee0a88223d"...#
#2026 09 03 08:19:56.290#Z#DEBUG#3758d499-a770-11f1-be6f-eeee0a871e3d.OPERATION#flowable-async-job-executor-thread-10326#
[UpdateServiceParametersStep] Polling service operations...#
#2026 09 03 08:19:56.383#Z#DEBUG#3758d499-a770-11f1-be6f-eeee0a871e3d.OPERATION#flowable-async-job-executor-thread-10326#
[UpdateServiceParametersStep] Getting service instance "note-for-approval-destination-service"...#
#2026 09 03 08:19:56.529#Z#DEBUG#3758d499-a770-11f1-be6f-eeee0a871e3d.OPERATION#flowable-async-job-executor-thread-10326#
[UpdateServiceParametersStep] Last operation for service "note-for-approval-destination-service": {
  "type" : "UPDATE",
  "description" : "",
  "state" : "SUCCEEDED"
}#
#2026 09 03 08:19:56.529#Z#DEBUG#3758d499-a770-11f1-be6f-eeee0a871e3d.OPERATION#flowable-async-job-executor-thread-10326#
[UpdateServiceParametersStep] Service "note-for-approval-destination-service" updated#
#2026 09 03 08:19:56.529#Z#INFO#3758d499-a770-11f1-be6f-eeee0a871e3d.OPERATION#flowable-async-job-executor-thread-10326#
[UpdateServiceParametersStep] 1 of 1 done#
#2026 09 03 08:19:56.535#Z#DEBUG#3758d499-a770-11f1-be6f-eeee0a871e3d.OPERATION#flowable-async-job-executor-thread-10326#
[UpdateServiceParametersStep] Remaining services to poll: [ ]#
#2026 09 03 08:19:56.537#Z#DEBUG#3758d499-a770-11f1-be6f-eeee0a871e3d.OPERATION#flowable-async-job-executor-thread-10326#
Step "Update parameters" finished#
#2026 09 03 08:19:56.841#Z#DEBUG#3758d499-a770-11f1-be6f-eeee0a871e3d.OPERATION#flowable-async-job-executor-thread-10344#
[PrepareModulesDeploymentStep] Executing task "prepareModulesDeploymentTask" of process "3f70aacd-a770-11f1-b5d9-eeee0a807e3c"...#
#2026 09 03 08:19:56.843#Z#DEBUG#3758d499-a770-11f1-be6f-eeee0a871e3d.OPERATION#flowable-async-job-executor-thread-10344#
[PrepareModulesDeploymentStep] Preparing modules deployment...#
#2026 09 03 08:19:56.850#Z#DEBUG#3758d499-a770-11f1-be6f-eeee0a871e3d.OPERATION#flowable-async-job-executor-thread-10344#
Step "Prepare Modules Deployment" finished#
#2026 09 03 08:19:56.892#Z#DEBUG#3758d499-a770-11f1-be6f-eeee0a871e3d.OPERATION#flowable-async-job-executor-thread-10345#
[ComputeNextModulesStep] Executing task "computeNextModulesToDeployInParallel" of process "3f70aacd-a770-11f1-b5d9-eeee0a807e3c"...#
#2026 09 03 08:19:56.893#Z#DEBUG#3758d499-a770-11f1-be6f-eeee0a871e3d.OPERATION#flowable-async-job-executor-thread-10345#
[ComputeNextModulesStep] Computing modules for next parallel iteration...#
#2026 09 03 08:19:56.896#Z#DEBUG#3758d499-a770-11f1-be6f-eeee0a871e3d.OPERATION#flowable-async-job-executor-thread-10345#
[ComputeNextModulesStep] Completed modules detected: []#
#2026 09 03 08:19:56.896#Z#DEBUG#3758d499-a770-11f1-be6f-eeee0a871e3d.OPERATION#flowable-async-job-executor-thread-10345#
[ComputeNextModulesStep] All modules for deploy detected: [note-for-approval-db-deployer, note-for-approval-srv, note-for-approval-app-content, note-for-approval]#
#2026 09 03 08:19:56.896#Z#DEBUG#3758d499-a770-11f1-be6f-eeee0a871e3d.OPERATION#flowable-async-job-executor-thread-10345#
[ComputeNextModulesStep] Modules not for deploy detected: []#
#2026 09 03 08:19:56.897#Z#DEBUG#3758d499-a770-11f1-be6f-eeee0a871e3d.OPERATION#flowable-async-job-executor-thread-10345#
[ComputeNextModulesStep] Computed modules for next parallel iteration: [ {
  "majorSchemaVersion" : 3,
  "name" : "note-for-approval-srv",
  "type" : "javascript.nodejs",
  "path" : "note-for-approval-srv",
  "properties" : { },
  "parameters" : {
    "app-name" : "note-for-approval-srv",
    "buildpack" : "nodejs_buildpack",
    "command" : "npm start",
    "default-app-name" : "note-for-approval-srv",
    "default-host" : "brainbox-consulting-bv-brainboxconsultingig-dev-note-fo4054ba4a",
    "default-instances" : 1,
    "default-live-app-name" : "note-for-approval-srv",
    "default-live-domain" : "cfapps.eu10-005.hana.ondemand.com",
    "default-live-host" : "brainbox-consulting-bv-brainboxconsultingig-dev-note-fo4054ba4a",
    "default-live-uri" : "brainbox-consulting-bv-brainboxconsultingig-dev-note-fo4054ba4a.cfapps.eu10-005.hana.ondemand.com",
    "default-live-url" : "https://brainbox-consulting-bv-brainboxconsultingig-dev-note-fo4054ba4a.cfapps.eu10-005.hana.ondemand.com",
    "default-uri" : "brainbox-consulting-bv-brainboxconsultingig-dev-note-fo4054ba4a.cfapps.eu10-005.hana.ondemand.com",
    "default-url" : "https://brainbox-consulting-bv-brainboxconsultingig-dev-note-fo4054ba4a.cfapps.eu10-005.hana.ondemand.com",
    "dependency-type" : "soft",
    "domain" : "cfapps.eu10-005.hana.ondemand.com",
    "generated-password" : "********",
    "generated-user" : "********",
    "host" : "brainbox-consulting-bv-brainboxconsultingig-dev-note-fo4054ba4a",
    "instances" : 1,
    "protocol" : "https"
  },
  "requiredDependencies" : [ {
    "majorSchemaVersion" : 3,
    "name" : "note-for-approval-db",
    "properties" : { },
    "parameters" : { },
    "propertiesMetadata" : {
      "metadata" : { }
    },
    "parametersMetadata" : {
      "metadata" : { }
    }
  } ],
  "providedDependencies" : [ {
    "majorSchemaVersion" : 3,
    "name" : "srv-api",
    "isPublic" : false,
    "properties" : {
      "srv-url" : "https://brainbox-consulting-bv-brainboxconsultingig-dev-note-fo4054ba4a.cfapps.eu10-005.hana.ondemand.com"
    },
    "parameters" : { },
    "propertiesMetadata" : {
      "metadata" : { }
    },
    "parametersMetadata" : {
      "metadata" : { }
    }
  }, {
    "majorSchemaVersion" : 3,
    "name" : "note-for-approval-srv",
    "isPublic" : false,
    "properties" : { },
    "parameters" : { },
    "propertiesMetadata" : {
      "metadata" : { }
    },
    "parametersMetadata" : {
      "metadata" : { }
    }
  } ],
  "propertiesMetadata" : {
    "metadata" : { }
  },
  "parametersMetadata" : {
    "metadata" : { }
  },
  "deployedAfter" : [ ],
  "hooks" : [ ]
}, {
  "majorSchemaVersion" : 3,
  "name" : "note-for-approval-app-content",
  "type" : "com.sap.application.content",
  "path" : "note-for-approval-app-content",
  "properties" : { },
  "parameters" : {
    "app-name" : "note-for-approval-app-content",
    "default-app-name" : "note-for-approval-app-content",
    "default-host" : "brainbox-consulting-bv-brainboxconsultingig-dev-note-fo1e3325e0",
    "default-instances" : 1,
    "default-live-app-name" : "note-for-approval-app-content",
    "default-live-domain" : "cfapps.eu10-005.hana.ondemand.com",
    "default-live-host" : "brainbox-consulting-bv-brainboxconsultingig-dev-note-fo1e3325e0",
    "default-live-uri" : "brainbox-consulting-bv-brainboxconsultingig-dev-note-fo1e3325e0.cfapps.eu10-005.hana.ondemand.com",
    "default-live-url" : "https://brainbox-consulting-bv-brainboxconsultingig-dev-note-fo1e3325e0.cfapps.eu10-005.hana.ondemand.com",
    "default-uri" : "brainbox-consulting-bv-brainboxconsultingig-dev-note-fo1e3325e0.cfapps.eu10-005.hana.ondemand.com",
    "default-url" : "https://brainbox-consulting-bv-brainboxconsultingig-dev-note-fo1e3325e0.cfapps.eu10-005.hana.ondemand.com",
    "dependency-type" : "soft",
    "domain" : "cfapps.eu10-005.hana.ondemand.com",
    "generated-password" : "********",
    "generated-user" : "********",
    "host" : "brainbox-consulting-bv-brainboxconsultingig-dev-note-fo1e3325e0",
    "instances" : 1,
    "protocol" : "https"
  },
  "requiredDependencies" : [ {
    "majorSchemaVersion" : 3,
    "name" : "note-for-approval-repo-host",
    "properties" : { },
    "parameters" : {
      "content-target" : true
    },
    "propertiesMetadata" : {
      "metadata" : { }
    },
    "parametersMetadata" : {
      "metadata" : { }
    }
  } ],
  "providedDependencies" : [ {
    "majorSchemaVersion" : 3,
    "name" : "note-for-approval-app-content",
    "isPublic" : false,
    "properties" : { },
    "parameters" : { },
    "propertiesMetadata" : {
      "metadata" : { }
    },
    "parametersMetadata" : {
      "metadata" : { }
    }
  } ],
  "propertiesMetadata" : {
    "metadata" : { }
  },
  "parametersMetadata" : {
    "metadata" : { }
  },
  "deployedAfter" : [ ],
  "hooks" : [ ]
}, {
  "majorSchemaVersion" : 3,
  "name" : "note-for-approval-db-deployer",
  "type" : "com.sap.xs.hdi",
  "path" : "note-for-approval-db-deployer",
  "properties" : {
    "EXIT" : 1
  },
  "parameters" : {
    "app-name" : "note-for-approval-db-deployer",
    "buildpack" : "nodejs_buildpack",
    "default-app-name" : "note-for-approval-db-deployer",
    "default-host" : "brainbox-consulting-bv-brainboxconsultingig-dev-note-fo33517d96",
    "default-instances" : 1,
    "default-live-app-name" : "note-for-approval-db-deployer",
    "default-live-domain" : "cfapps.eu10-005.hana.ondemand.com",
    "default-live-host" : "brainbox-consulting-bv-brainboxconsultingig-dev-note-fo33517d96",
    "default-live-uri" : "brainbox-consulting-bv-brainboxconsultingig-dev-note-fo33517d96.cfapps.eu10-005.hana.ondemand.com",
    "default-live-url" : "https://brainbox-consulting-bv-brainboxconsultingig-dev-note-fo33517d96.cfapps.eu10-005.hana.ondemand.com",
    "default-uri" : "brainbox-consulting-bv-brainboxconsultingig-dev-note-fo33517d96.cfapps.eu10-005.hana.ondemand.com",
    "default-url" : "https://brainbox-consulting-bv-brainboxconsultingig-dev-note-fo33517d96.cfapps.eu10-005.hana.ondemand.com",
    "dependency-type" : "hard",
    "domain" : "cfapps.eu10-005.hana.ondemand.com",
    "generated-password" : "********",
    "generated-user" : "********",
    "host" : "brainbox-consulting-bv-brainboxconsultingig-dev-note-fo33517d96",
    "instances" : 1,
    "memory" : "256M",
    "no-route" : true,
    "no-start" : true,
    "protocol" : "https",
    "tasks" : [ {
      "command" : "npm start",
      "memory" : "256M",
      "name" : "deploy"
    } ]
  },
  "requiredDependencies" : [ {
    "majorSchemaVersion" : 3,
    "name" : "note-for-approval-db",
    "properties" : { },
    "parameters" : { },
    "propertiesMetadata" : {
      "metadata" : { }
    },
    "parametersMetadata" : {
      "metadata" : { }
    }
  } ],
  "providedDependencies" : [ {
    "majorSchemaVersion" : 3,
    "name" : "note-for-approval-db-deployer",
    "isPublic" : false,
    "properties" : { },
    "parameters" : { },
    "propertiesMetadata" : {
      "metadata" : { }
    },
    "parametersMetadata" : {
      "metadata" : { }
    }
  } ],
  "propertiesMetadata" : {
    "metadata" : { }
  },
  "parametersMetadata" : {
    "metadata" : { }
  },
  "deployedAfter" : [ ],
  "hooks" : [ ]
}, {
  "majorSchemaVersion" : 3,
  "name" : "note-for-approval",
  "type" : "javascript.nodejs",
  "path" : "note-for-approval",
  "properties" : { },
  "parameters" : {
    "app-name" : "note-for-approval",
    "default-app-name" : "note-for-approval",
    "default-host" : "brainbox-consulting-bv-brainboxconsultingig-dev-note-fo1ef357a0",
    "default-instances" : 1,
    "default-live-app-name" : "note-for-approval",
    "default-live-domain" : "cfapps.eu10-005.hana.ondemand.com",
    "default-live-host" : "brainbox-consulting-bv-brainboxconsultingig-dev-note-fo1ef357a0",
    "default-live-uri" : "brainbox-consulting-bv-brainboxconsultingig-dev-note-fo1ef357a0.cfapps.eu10-005.hana.ondemand.com",
    "default-live-url" : "https://brainbox-consulting-bv-brainboxconsultingig-dev-note-fo1ef357a0.cfapps.eu10-005.hana.ondemand.com",
    "default-uri" : "brainbox-consulting-bv-brainboxconsultingig-dev-note-fo1ef357a0.cfapps.eu10-005.hana.ondemand.com",
    "default-url" : "https://brainbox-consulting-bv-brainboxconsultingig-dev-note-fo1ef357a0.cfapps.eu10-005.hana.ondemand.com",
    "dependency-type" : "soft",
    "disk-quota" : "256M",
    "domain" : "cfapps.eu10-005.hana.ondemand.com",
    "generated-password" : "********",
    "generated-user" : "********",
    "host" : "brainbox-consulting-bv-brainboxconsultingig-dev-note-fo1ef357a0",
    "instances" : 1,
    "keep-existing-routes" : true,
    "memory" : "256M",
    "protocol" : "https"
  },
  "requiredDependencies" : [ {
    "majorSchemaVersion" : 3,
    "name" : "srv-api",
    "group" : "destinations",
    "properties" : {
      "forwardAuthToken" : "********",
      "name" : "srv-api",
      "url" : "https://brainbox-consulting-bv-brainboxconsultingig-dev-note-fo4054ba4a.cfapps.eu10-005.hana.ondemand.com"
    },
    "parameters" : { },
    "propertiesMetadata" : {
      "metadata" : { }
    },
    "parametersMetadata" : {
      "metadata" : { }
    }
  }, {
    "majorSchemaVersion" : 3,
    "name" : "note-for-approval-html5-runtime",
    "properties" : { },
    "parameters" : { },
    "propertiesMetadata" : {
      "metadata" : { }
    },
    "parametersMetadata" : {
      "metadata" : { }
    }
  } ],
  "providedDependencies" : [ {
    "majorSchemaVersion" : 3,
    "name" : "app-api",
    "isPublic" : false,
    "properties" : {
      "app-protocol" : "https",
      "app-uri" : "brainbox-consulting-bv-brainboxconsultingig-dev-note-fo1ef357a0.cfapps.eu10-005.hana.ondemand.com"
    },
    "parameters" : { },
    "propertiesMetadata" : {
      "metadata" : { }
    },
    "parametersMetadata" : {
      "metadata" : { }
    }
  }, {
    "majorSchemaVersion" : 3,
    "name" : "note-for-approval",
    "isPublic" : false,
    "properties" : { },
    "parameters" : { },
    "propertiesMetadata" : {
      "metadata" : { }
    },
    "parametersMetadata" : {
      "metadata" : { }
    }
  } ],
  "propertiesMetadata" : {
    "metadata" : { }
  },
  "parametersMetadata" : {
    "metadata" : { }
  },
  "deployedAfter" : [ ],
  "hooks" : [ ]
} ]#
#2026 09 03 08:19:56.897#Z#DEBUG#3758d499-a770-11f1-be6f-eeee0a871e3d.OPERATION#flowable-async-job-executor-thread-10345#
Step "Compute Next Modules To Deploy" finished#
#2026 09 03 08:19:57.055#Z#DEBUG#3758d499-a770-11f1-be6f-eeee0a871e3d.OPERATION#flowable-async-job-executor-thread-10361#
[BuildContentDeploymentConfigurationStep] Executing task "buildContentDeploymentConfigurationTask" of process "3f908eca-a770-11f1-b5d9-eeee0a807e3c"...#
#2026 09 03 08:19:57.061#Z#DEBUG#3758d499-a770-11f1-be6f-eeee0a871e3d.OPERATION#flowable-async-job-executor-thread-10361#
[BuildContentDeploymentConfigurationStep] Getting service key "note-for-approval-app-content-note-for-approval-repo-host-credentials" for service instance "note-for-approval-html5-service"...#
#2026 09 03 08:19:57.307#Z#INFO#3758d499-a770-11f1-be6f-eeee0a871e3d.OPERATION#flowable-async-job-executor-thread-10361#
[BuildContentDeploymentConfigurationStep] Service key "note-for-approval-app-content-note-for-approval-repo-host-credentials" for service "note-for-approval-html5-service" already exists#
#2026 09 03 08:19:57.313#Z#DEBUG#3758d499-a770-11f1-be6f-eeee0a871e3d.OPERATION#flowable-async-job-executor-thread-10361#
Step "Build Content Deployment Configuration" finished#
#2026 09 03 08:19:57.317#Z#DEBUG#3758d499-a770-11f1-be6f-eeee0a871e3d.OPERATION#flowable-async-job-executor-thread-10361#
[CreateContentDeployClientConfigurationStep] Executing task "createContentDeployClientConfigurationTask" of process "3fc385d5-a770-11f1-b5d9-eeee0a807e3c"...#
#2026 09 03 08:19:57.317#Z#DEBUG#3758d499-a770-11f1-be6f-eeee0a871e3d.OPERATION#flowable-async-job-executor-thread-10361#
[CreateContentDeployClientConfigurationStep] Content deployer client configuration: {
  "contentDeployerUrl" : "https://html5-apps-repo-dt.cfapps.eu10.hana.ondemand.com",
  "uaaClientConfiguration" : {
    "url" : "********",
    "credentials" : "********",
    "authenticationStrategyType" : "********"
  },
  "httpRequestHeaders" : {
    "X-CorrelationID" : "3758d499-a770-11f1-be6f-eeee0a871e3d"
  },
  "spaceId" : "68e32ac3-8ca0-48aa-af92-b0c9129360d2",
  "serviceName" : "note-for-approval-repo-host"
}#
#2026 09 03 08:19:57.539#Z#DEBUG#3758d499-a770-11f1-be6f-eeee0a871e3d.OPERATION#flowable-async-job-executor-thread-10361#
Step "Create Content Deploy Client Configuration" finished#
#2026 09 03 08:19:57.541#Z#DEBUG#3758d499-a770-11f1-be6f-eeee0a871e3d.OPERATION#flowable-async-job-executor-thread-10361#
[GetContentFromDeploymentDescriptorStep] Executing task "getContentFromDeploymentDescriptorTask" of process "3fc385d5-a770-11f1-b5d9-eeee0a807e3c"...#
#2026 09 03 08:19:57.541#Z#DEBUG#3758d499-a770-11f1-be6f-eeee0a871e3d.OPERATION#flowable-async-job-executor-thread-10361#
Step "Get Content From Deployment Descriptor" finished#
#2026 09 03 08:19:57.542#Z#DEBUG#3758d499-a770-11f1-be6f-eeee0a871e3d.OPERATION#flowable-async-job-executor-thread-10361#
[UploadContentStep] Executing task "uploadContentTask" of process "3fc385d5-a770-11f1-b5d9-eeee0a807e3c"...#
#2026 09 03 08:19:57.542#Z#INFO#3758d499-a770-11f1-be6f-eeee0a871e3d.OPERATION#flowable-async-job-executor-thread-10361#
[UploadContentStep] Uploading content module "note-for-approval-app-content" in target service "note-for-approval-repo-host"...#
#2026 09 03 08:19:57.547#Z#DEBUG#3758d499-a770-11f1-be6f-eeee0a871e3d.OPERATION#flowable-async-job-executor-thread-10361#
[UploadContentStep] Uploading file "note-for-approval-app-content/resources/data.zip" for content module "note-for-approval-app-content" in service "note-for-approval-repo-host"#
#2026 09 03 08:19:57.776#Z#INFO#3758d499-a770-11f1-be6f-eeee0a871e3d.OPERATION#flowable-async-job-executor-thread-10361#
[UploadContentStep] Content to deploy size: 51,043 in bytes#
#2026 09 03 08:19:58.599#Z#DEBUG#3758d499-a770-11f1-be6f-eeee0a871e3d.OPERATION#flowable-async-job-executor-thread-10361#
[UploadContentStep] Uploaded content: {
  "id" : "a3a2305e-60ed-4e45-8fbe-129285533d38",
  "name" : "content.zip",
  "contentType" : "FILE"
}#
#2026 09 03 08:19:58.599#Z#DEBUG#3758d499-a770-11f1-be6f-eeee0a871e3d.OPERATION#flowable-async-job-executor-thread-10361#
Step "Upload Content" finished#
#2026 09 03 08:19:58.602#Z#DEBUG#3758d499-a770-11f1-be6f-eeee0a871e3d.OPERATION#flowable-async-job-executor-thread-10361#
[StartContentDeployStep] Executing task "startContentDeployTask" of process "3fc385d5-a770-11f1-b5d9-eeee0a807e3c"...#
#2026 09 03 08:19:58.602#Z#INFO#3758d499-a770-11f1-be6f-eeee0a871e3d.OPERATION#flowable-async-job-executor-thread-10361#
[StartContentDeployStep] Deploying content module "note-for-approval-app-content" in target service "note-for-approval-repo-host"...#
#2026 09 03 08:19:58.904#Z#DEBUG#3758d499-a770-11f1-be6f-eeee0a871e3d.OPERATION#flowable-async-job-executor-thread-10361#
Step "Start Content Deploy" finished#
#2026 09 03 08:19:59.164#Z#DEBUG#3758d499-a770-11f1-be6f-eeee0a871e3d.OPERATION#flowable-async-job-executor-thread-9597#
[ProcessDescriptorStep] Executing task "reprocessDescriptorTask" of process "40d1c120-a770-11f1-85ae-eeee0a987031"...#
#2026 09 03 08:19:59.165#Z#DEBUG#3758d499-a770-11f1-be6f-eeee0a871e3d.OPERATION#flowable-async-job-executor-thread-9597#
[ProcessDescriptorStep] Resolving properties and parameters in merged descriptor...#
#2026 09 03 08:19:59.172#Z#DEBUG#3758d499-a770-11f1-be6f-eeee0a871e3d.OPERATION#flowable-async-job-executor-thread-9597#
[ProcessDescriptorStep] Subscriptions: [ ]#
#2026 09 03 08:19:59.188#Z#DEBUG#3758d499-a770-11f1-be6f-eeee0a871e3d.OPERATION#flowable-async-job-executor-thread-9597#
[ProcessDescriptorStep] MTA modules: [note-for-approval-db-deployer, note-for-approval-srv, note-for-approval-app-content, note-for-approval]#
#2026 09 03 08:19:59.193#Z#DEBUG#3758d499-a770-11f1-be6f-eeee0a871e3d.OPERATION#flowable-async-job-executor-thread-9597#
[ProcessDescriptorStep] Resolved deployment descriptor: {
  "majorSchemaVersion" : 3,
  "schemaVersion" : "3.3.0",
  "id" : "note-for-approval",
  "version" : "1.0.0",
  "modules" : [ {
    "majorSchemaVersion" : 3,
    "name" : "note-for-approval-srv",
    "type" : "javascript.nodejs",
    "path" : "note-for-approval-srv",
    "properties" : { },
    "parameters" : {
      "default-url" : "https://brainbox-consulting-bv-brainboxconsultingig-dev-note-fo4054ba4a.cfapps.eu10-005.hana.ondemand.com",
      "default-app-name" : "note-for-approval-srv",
      "generated-password" : "********",
      "default-live-url" : "https://brainbox-consulting-bv-brainboxconsultingig-dev-note-fo4054ba4a.cfapps.eu10-005.hana.ondemand.com",
      "default-uri" : "brainbox-consulting-bv-brainboxconsultingig-dev-note-fo4054ba4a.cfapps.eu10-005.hana.ondemand.com",
      "default-instances" : 1,
      "default-live-host" : "brainbox-consulting-bv-brainboxconsultingig-dev-note-fo4054ba4a",
      "instances" : 1,
      "buildpack" : "nodejs_buildpack",
      "default-host" : "brainbox-consulting-bv-brainboxconsultingig-dev-note-fo4054ba4a",
      "command" : "npm start",
      "app-name" : "note-for-approval-srv",
      "default-live-uri" : "brainbox-consulting-bv-brainboxconsultingig-dev-note-fo4054ba4a.cfapps.eu10-005.hana.ondemand.com",
      "protocol" : "https",
      "default-live-app-name" : "note-for-approval-srv",
      "default-live-domain" : "cfapps.eu10-005.hana.ondemand.com",
      "domain" : "cfapps.eu10-005.hana.ondemand.com",
      "host" : "brainbox-consulting-bv-brainboxconsultingig-dev-note-fo4054ba4a",
      "generated-user" : "********"
    },
    "requiredDependencies" : [ {
      "majorSchemaVersion" : 3,
      "name" : "note-for-approval-db",
      "properties" : { },
      "parameters" : { },
      "propertiesMetadata" : {
        "metadata" : { }
      },
      "parametersMetadata" : {
        "metadata" : { }
      }
    } ],
    "providedDependencies" : [ {
      "majorSchemaVersion" : 3,
      "name" : "srv-api",
      "isPublic" : false,
      "properties" : {
        "srv-url" : "https://brainbox-consulting-bv-brainboxconsultingig-dev-note-fo4054ba4a.cfapps.eu10-005.hana.ondemand.com"
      },
      "parameters" : { },
      "propertiesMetadata" : {
        "metadata" : { }
      },
      "parametersMetadata" : {
        "metadata" : { }
      }
    }, {
      "majorSchemaVersion" : 3,
      "name" : "note-for-approval-srv",
      "isPublic" : false,
      "properties" : { },
      "parameters" : { },
      "propertiesMetadata" : {
        "metadata" : { }
      },
      "parametersMetadata" : {
        "metadata" : { }
      }
    } ],
    "propertiesMetadata" : {
      "metadata" : { }
    },
    "parametersMetadata" : {
      "metadata" : { }
    },
    "hooks" : [ ]
  }, {
    "majorSchemaVersion" : 3,
    "name" : "note-for-approval-app-content",
    "type" : "com.sap.application.content",
    "path" : "note-for-approval-app-content",
    "properties" : { },
    "parameters" : {
      "default-url" : "https://brainbox-consulting-bv-brainboxconsultingig-dev-note-fo1e3325e0.cfapps.eu10-005.hana.ondemand.com",
      "default-app-name" : "note-for-approval-app-content",
      "generated-password" : "********",
      "default-live-url" : "https://brainbox-consulting-bv-brainboxconsultingig-dev-note-fo1e3325e0.cfapps.eu10-005.hana.ondemand.com",
      "default-uri" : "brainbox-consulting-bv-brainboxconsultingig-dev-note-fo1e3325e0.cfapps.eu10-005.hana.ondemand.com",
      "default-instances" : 1,
      "default-live-host" : "brainbox-consulting-bv-brainboxconsultingig-dev-note-fo1e3325e0",
      "instances" : 1,
      "default-host" : "brainbox-consulting-bv-brainboxconsultingig-dev-note-fo1e3325e0",
      "app-name" : "note-for-approval-app-content",
      "default-live-uri" : "brainbox-consulting-bv-brainboxconsultingig-dev-note-fo1e3325e0.cfapps.eu10-005.hana.ondemand.com",
      "protocol" : "https",
      "default-live-app-name" : "note-for-approval-app-content",
      "default-live-domain" : "cfapps.eu10-005.hana.ondemand.com",
      "domain" : "cfapps.eu10-005.hana.ondemand.com",
      "host" : "brainbox-consulting-bv-brainboxconsultingig-dev-note-fo1e3325e0",
      "generated-user" : "********"
    },
    "requiredDependencies" : [ {
      "majorSchemaVersion" : 3,
      "name" : "note-for-approval-repo-host",
      "properties" : { },
      "parameters" : {
        "content-target" : true
      },
      "propertiesMetadata" : {
        "metadata" : { }
      },
      "parametersMetadata" : {
        "metadata" : { }
      }
    } ],
    "providedDependencies" : [ {
      "majorSchemaVersion" : 3,
      "name" : "note-for-approval-app-content",
      "isPublic" : false,
      "properties" : { },
      "parameters" : { },
      "propertiesMetadata" : {
        "metadata" : { }
      },
      "parametersMetadata" : {
        "metadata" : { }
      }
    } ],
    "propertiesMetadata" : {
      "metadata" : { }
    },
    "parametersMetadata" : {
      "metadata" : { }
    },
    "hooks" : [ ]
  }, {
    "majorSchemaVersion" : 3,
    "name" : "note-for-approval-db-deployer",
    "type" : "com.sap.xs.hdi",
    "path" : "note-for-approval-db-deployer",
    "properties" : {
      "EXIT" : 1
    },
    "parameters" : {
      "default-url" : "https://brainbox-consulting-bv-brainboxconsultingig-dev-note-fo33517d96.cfapps.eu10-005.hana.ondemand.com",
      "default-app-name" : "note-for-approval-db-deployer",
      "generated-password" : "********",
      "default-live-url" : "https://brainbox-consulting-bv-brainboxconsultingig-dev-note-fo33517d96.cfapps.eu10-005.hana.ondemand.com",
      "default-uri" : "brainbox-consulting-bv-brainboxconsultingig-dev-note-fo33517d96.cfapps.eu10-005.hana.ondemand.com",
      "memory" : "256M",
      "default-instances" : 1,
      "no-route" : true,
      "default-live-host" : "brainbox-consulting-bv-brainboxconsultingig-dev-note-fo33517d96",
      "instances" : 1,
      "buildpack" : "nodejs_buildpack",
      "default-host" : "brainbox-consulting-bv-brainboxconsultingig-dev-note-fo33517d96",
      "app-name" : "note-for-approval-db-deployer",
      "default-live-uri" : "brainbox-consulting-bv-brainboxconsultingig-dev-note-fo33517d96.cfapps.eu10-005.hana.ondemand.com",
      "protocol" : "https",
      "default-live-app-name" : "note-for-approval-db-deployer",
      "default-live-domain" : "cfapps.eu10-005.hana.ondemand.com",
      "dependency-type" : "hard",
      "domain" : "cfapps.eu10-005.hana.ondemand.com",
      "host" : "brainbox-consulting-bv-brainboxconsultingig-dev-note-fo33517d96",
      "generated-user" : "********",
      "tasks" : [ {
        "command" : "npm start",
        "memory" : "256M",
        "name" : "deploy"
      } ],
      "no-start" : true
    },
    "requiredDependencies" : [ {
      "majorSchemaVersion" : 3,
      "name" : "note-for-approval-db",
      "properties" : { },
      "parameters" : { },
      "propertiesMetadata" : {
        "metadata" : { }
      },
      "parametersMetadata" : {
        "metadata" : { }
      }
    } ],
    "providedDependencies" : [ {
      "majorSchemaVersion" : 3,
      "name" : "note-for-approval-db-deployer",
      "isPublic" : false,
      "properties" : { },
      "parameters" : { },
      "propertiesMetadata" : {
        "metadata" : { }
      },
      "parametersMetadata" : {
        "metadata" : { }
      }
    } ],
    "propertiesMetadata" : {
      "metadata" : { }
    },
    "parametersMetadata" : {
      "metadata" : { }
    },
    "hooks" : [ ]
  }, {
    "majorSchemaVersion" : 3,
    "name" : "note-for-approval",
    "type" : "javascript.nodejs",
    "path" : "note-for-approval",
    "properties" : { },
    "parameters" : {
      "default-url" : "https://brainbox-consulting-bv-brainboxconsultingig-dev-note-fo1ef357a0.cfapps.eu10-005.hana.ondemand.com",
      "default-app-name" : "note-for-approval",
      "generated-password" : "********",
      "default-live-url" : "https://brainbox-consulting-bv-brainboxconsultingig-dev-note-fo1ef357a0.cfapps.eu10-005.hana.ondemand.com",
      "default-uri" : "brainbox-consulting-bv-brainboxconsultingig-dev-note-fo1ef357a0.cfapps.eu10-005.hana.ondemand.com",
      "memory" : "256M",
      "default-instances" : 1,
      "default-live-host" : "brainbox-consulting-bv-brainboxconsultingig-dev-note-fo1ef357a0",
      "instances" : 1,
      "default-host" : "brainbox-consulting-bv-brainboxconsultingig-dev-note-fo1ef357a0",
      "keep-existing-routes" : true,
      "app-name" : "note-for-approval",
      "default-live-uri" : "brainbox-consulting-bv-brainboxconsultingig-dev-note-fo1ef357a0.cfapps.eu10-005.hana.ondemand.com",
      "protocol" : "https",
      "default-live-app-name" : "note-for-approval",
      "default-live-domain" : "cfapps.eu10-005.hana.ondemand.com",
      "disk-quota" : "256M",
      "domain" : "cfapps.eu10-005.hana.ondemand.com",
      "host" : "brainbox-consulting-bv-brainboxconsultingig-dev-note-fo1ef357a0",
      "generated-user" : "********"
    },
    "requiredDependencies" : [ {
      "majorSchemaVersion" : 3,
      "name" : "srv-api",
      "group" : "destinations",
      "properties" : {
        "name" : "srv-api",
        "forwardAuthToken" : "********",
        "url" : "https://brainbox-consulting-bv-brainboxconsultingig-dev-note-fo4054ba4a.cfapps.eu10-005.hana.ondemand.com"
      },
      "parameters" : { },
      "propertiesMetadata" : {
        "metadata" : { }
      },
      "parametersMetadata" : {
        "metadata" : { }
      }
    }, {
      "majorSchemaVersion" : 3,
      "name" : "note-for-approval-html5-runtime",
      "properties" : { },
      "parameters" : { },
      "propertiesMetadata" : {
        "metadata" : { }
      },
      "parametersMetadata" : {
        "metadata" : { }
      }
    } ],
    "providedDependencies" : [ {
      "majorSchemaVersion" : 3,
      "name" : "app-api",
      "isPublic" : false,
      "properties" : {
        "app-protocol" : "https",
        "app-uri" : "brainbox-consulting-bv-brainboxconsultingig-dev-note-fo1ef357a0.cfapps.eu10-005.hana.ondemand.com"
      },
      "parameters" : { },
      "propertiesMetadata" : {
        "metadata" : { }
      },
      "parametersMetadata" : {
        "metadata" : { }
      }
    }, {
      "majorSchemaVersion" : 3,
      "name" : "note-for-approval",
      "isPublic" : false,
      "properties" : { },
      "parameters" : { },
      "propertiesMetadata" : {
        "metadata" : { }
      },
      "parametersMetadata" : {
        "metadata" : { }
      }
    } ],
    "propertiesMetadata" : {
      "metadata" : { }
    },
    "parametersMetadata" : {
      "metadata" : { }
    },
    "hooks" : [ ]
  } ],
  "resources" : [ {
    "majorSchemaVersion" : 3,
    "name" : "note-for-approval-repo-host",
    "type" : "org.cloudfoundry.managed-service",
    "properties" : { },
    "parameters" : {
      "generated-password" : "********",
      "service-name" : "note-for-approval-html5-service",
      "service-plan" : "app-host",
      "service" : "html5-apps-repo",
      "generated-user" : "********",
      "default-xsappname" : "note-for-approval-repo-host",
      "type" : "managed-service",
      "default-service-name" : "note-for-approval-repo-host",
      "default-container-name" : "BRAINBOX_CONSULTING_BV_BRAINBOXCONSULTINGIG_DEV_NOTE_FOR794BA098"
    },
    "isActive" : true,
    "isOptional" : false,
    "propertiesMetadata" : {
      "metadata" : { }
    },
    "parametersMetadata" : {
      "metadata" : { }
    },
    "requiredDependencies" : [ ],
    "processedAfter" : [ ]
  }, {
    "majorSchemaVersion" : 3,
    "name" : "note-for-approval-html5-runtime",
    "type" : "org.cloudfoundry.managed-service",
    "properties" : { },
    "parameters" : {
      "generated-password" : "********",
      "service-name" : "note-for-approval-html5-runtime",
      "service-plan" : "app-runtime",
      "service" : "html5-apps-repo",
      "generated-user" : "********",
      "default-xsappname" : "note-for-approval-html5-runtime",
      "type" : "managed-service",
      "default-service-name" : "note-for-approval-html5-runtime",
      "default-container-name" : "BRAINBOX_CONSULTING_BV_BRAINBOXCONSULTINGIG_DEV_NOTE_FOR77D661F6"
    },
    "isActive" : true,
    "isOptional" : false,
    "propertiesMetadata" : {
      "metadata" : { }
    },
    "parametersMetadata" : {
      "metadata" : { }
    },
    "requiredDependencies" : [ ],
    "processedAfter" : [ ]
  }, {
    "majorSchemaVersion" : 3,
    "name" : "note-for-approval-destination-service",
    "type" : "org.cloudfoundry.managed-service",
    "properties" : { },
    "parameters" : {
      "generated-password" : "********",
      "service-name" : "note-for-approval-destination-service",
      "service-plan" : "lite",
      "service" : "destination",
      "generated-user" : "********",
      "default-xsappname" : "note-for-approval-destination-service",
      "type" : "managed-service",
      "config" : {
        "HTML5Runtime_enabled" : false,
        "init_data" : {
          "instance" : {
            "destinations" : [ {
              "Authentication" : "********",
              "Name" : "ui5",
              "ProxyType" : "Internet",
              "Type" : "HTTP",
              "URL" : "https://ui5.sap.com"
            } ],
            "existing_destinations_policy" : "update"
          }
        },
        "version" : "1.0.0"
      },
      "default-service-name" : "note-for-approval-destination-service",
      "default-container-name" : "BRAINBOX_CONSULTING_BV_BRAINBOXCONSULTINGIG_DEV_NOTE_FOR11A5BC97"
    },
    "isActive" : true,
    "isOptional" : false,
    "propertiesMetadata" : {
      "metadata" : { }
    },
    "parametersMetadata" : {
      "metadata" : { }
    },
    "requiredDependencies" : [ ],
    "processedAfter" : [ ]
  }, {
    "majorSchemaVersion" : 3,
    "name" : "note-for-approval-db",
    "type" : "com.sap.xs.hdi-container",
    "properties" : { },
    "parameters" : {
      "generated-password" : "********",
      "service-name" : "note-for-approval-db",
      "service-plan" : "hdi-shared",
      "service" : "hana",
      "generated-user" : "********",
      "default-xsappname" : "note-for-approval-db",
      "type" : "managed-service",
      "default-service-name" : "note-for-approval-db",
      "default-container-name" : "BRAINBOX_CONSULTING_BV_BRAINBOXCONSULTINGIG_DEV_NOTE_FOR712E6D35"
    },
    "isActive" : true,
    "isOptional" : false,
    "propertiesMetadata" : {
      "metadata" : { }
    },
    "parametersMetadata" : {
      "metadata" : { }
    },
    "requiredDependencies" : [ ],
    "processedAfter" : [ ]
  } ],
  "parameters" : {
    "deploy_mode" : "html5-repo",
    "mta-id" : "note-for-approval",
    "authorization-url" : "********",
    "org-guid" : "f75518ee-c52e-4c0f-8577-d43c69acffc3",
    "org" : "BrainBox Consulting BV_BrainboxConsultingIG",
    "deploy-target" : "BrainBox Consulting BV_BrainboxConsultingIG dev",
    "enable-parallel-deployments" : true,
    "region-primary-domain" : "eu10.hana.ondemand.com",
    "space" : "dev",
    "region-domain" : "eu10-005.hana.ondemand.com",
    "xs-api-url" : "https://api.cf.eu10-005.hana.ondemand.com",
    "deploy-url" : "deploy-service.cfapps.eu10-005.hana.ondemand.com",
    "xs-type" : "CF",
    "default-domain" : "cfapps.eu10-005.hana.ondemand.com",
    "mta-version" : "1.0.0",
    "xs-auth-url" : "********",
    "space-guid" : "68e32ac3-8ca0-48aa-af92-b0c9129360d2",
    "user" : "********",
    "controller-url" : "https://api.cf.eu10-005.hana.ondemand.com",
    "timestamp" : "20260903081943"
  },
  "parametersMetadata" : {
    "metadata" : { }
  }
}#
#2026 09 03 08:19:59.193#Z#DEBUG#3758d499-a770-11f1-be6f-eeee0a871e3d.OPERATION#flowable-async-job-executor-thread-9597#
[ProcessDescriptorStep] Merged descriptor properties and parameters resolved#
#2026 09 03 08:19:59.193#Z#DEBUG#3758d499-a770-11f1-be6f-eeee0a871e3d.OPERATION#flowable-async-job-executor-thread-9597#
Step "Re-Process Descriptor Step" finished#
#2026 09 03 08:19:59.235#Z#DEBUG#3758d499-a770-11f1-be6f-eeee0a871e3d.OPERATION#flowable-async-job-executor-thread-9598#
[BuildApplicationDeployModelStep] Executing task "buildApplicationDeployModelTask" of process "40d1c120-a770-11f1-85ae-eeee0a987031"...#
#2026 09 03 08:19:59.239#Z#DEBUG#3758d499-a770-11f1-be6f-eeee0a871e3d.OPERATION#flowable-async-job-executor-thread-9598#
[BuildApplicationDeployModelStep] Building cloud deployment model for application "note-for-approval-db-deployer"...#
#2026 09 03 08:19:59.247#Z#DEBUG#3758d499-a770-11f1-be6f-eeee0a871e3d.OPERATION#flowable-async-job-executor-thread-9598#
[BuildApplicationDeployModelStep] No health-check-type is specified. Setting default type: port#
#2026 09 03 08:19:59.248#Z#INFO#3758d499-a770-11f1-be6f-eeee0a871e3d.OPERATION#flowable-async-job-executor-thread-9598#
[BuildApplicationDeployModelStep] Building configuration entries for org BrainBox Consulting BV_BrainboxConsultingIG, space dev, spaceId 68e32ac3-8ca0-48aa-af92-b0c9129360d2 and namespace null!#
#2026 09 03 08:19:59.249#Z#DEBUG#3758d499-a770-11f1-be6f-eeee0a871e3d.OPERATION#flowable-async-job-executor-thread-9598#
[BuildApplicationDeployModelStep] Configuration entries to publish: [ ]#
#2026 09 03 08:19:59.249#Z#DEBUG#3758d499-a770-11f1-be6f-eeee0a871e3d.OPERATION#flowable-async-job-executor-thread-9598#
[BuildApplicationDeployModelStep] Cloud deployment model for application built#
#2026 09 03 08:19:59.249#Z#DEBUG#3758d499-a770-11f1-be6f-eeee0a871e3d.OPERATION#flowable-async-job-executor-thread-9598#
Step "Build Application Deploy Model" finished#
#2026 09 03 08:19:59.307#Z#DEBUG#3758d499-a770-11f1-be6f-eeee0a871e3d.OPERATION#flowable-async-job-executor-thread-9599#
[CreateOrUpdateAppStep] Executing task "createAppTask" of process "40d1c120-a770-11f1-85ae-eeee0a987031"...#
#2026 09 03 08:19:59.310#Z#DEBUG#3758d499-a770-11f1-be6f-eeee0a871e3d.OPERATION#flowable-async-job-executor-thread-9599#
[CreateOrUpdateAppStep] Getting application "note-for-approval-db-deployer"...#
#2026 09 03 08:19:59.343#Z#INFO#3758d499-a770-11f1-be6f-eeee0a871e3d.OPERATION#flowable-async-job-executor-thread-9599#
[CreateOrUpdateAppStep] Updating application "note-for-approval-db-deployer"...#
#2026 09 03 08:19:59.350#Z#DEBUG#3758d499-a770-11f1-be6f-eeee0a871e3d.OPERATION#flowable-async-job-executor-thread-9599#
[CreateOrUpdateAppStep] Getting process for application "cfa7ca5e-15f8-47db-8f56-b1eb52c10373"...#
#2026 09 03 08:19:59.394#Z#DEBUG#3758d499-a770-11f1-be6f-eeee0a871e3d.OPERATION#flowable-async-job-executor-thread-9599#
[CreateOrUpdateAppStep] Getting routes for application "cfa7ca5e-15f8-47db-8f56-b1eb52c10373"...#
#2026 09 03 08:19:59.423#Z#DEBUG#3758d499-a770-11f1-be6f-eeee0a871e3d.OPERATION#flowable-async-job-executor-thread-9599#
[CreateOrUpdateAppStep] Getting features for application "cfa7ca5e-15f8-47db-8f56-b1eb52c10373"#
#2026 09 03 08:19:59.463#Z#DEBUG#3758d499-a770-11f1-be6f-eeee0a871e3d.OPERATION#flowable-async-job-executor-thread-9599#
[CreateOrUpdateAppStep] Updating staging of application "note-for-approval-db-deployer" to: {
  "buildpacks" : [ "nodejs_buildpack" ],
  "healthCheckType" : "port",
  "appFeatures" : { }
}#
#2026 09 03 08:19:59.659#Z#DEBUG#3758d499-a770-11f1-be6f-eeee0a871e3d.OPERATION#flowable-async-job-executor-thread-9599#
[CreateOrUpdateAppStep] Application "note-for-approval-db-deployer" updated#
#2026 09 03 08:19:59.660#Z#DEBUG#3758d499-a770-11f1-be6f-eeee0a871e3d.OPERATION#flowable-async-job-executor-thread-9599#
[CreateOrUpdateAppStep] Getting environment of application "cfa7ca5e-15f8-47db-8f56-b1eb52c10373"...#
#2026 09 03 08:19:59.735#Z#DEBUG#3758d499-a770-11f1-be6f-eeee0a871e3d.OPERATION#flowable-async-job-executor-thread-9599#
[CreateOrUpdateAppStep] Application "note-for-approval-db-deployer" updated#
#2026 09 03 08:19:59.735#Z#DEBUG#3758d499-a770-11f1-be6f-eeee0a871e3d.OPERATION#flowable-async-job-executor-thread-9599#
Step "Create App" finished#
#2026 09 03 08:19:59.768#Z#DEBUG#3758d499-a770-11f1-be6f-eeee0a871e3d.OPERATION#flowable-async-job-executor-thread-4451#
[ProcessDescriptorStep] Executing task "reprocessDescriptorTask" of process "4131bc59-a770-11f1-be6f-eeee0a871e3d"...#
#2026 09 03 08:19:59.768#Z#DEBUG#3758d499-a770-11f1-be6f-eeee0a871e3d.OPERATION#flowable-async-job-executor-thread-4451#
[ProcessDescriptorStep] Resolving properties and parameters in merged descriptor...#
#2026 09 03 08:19:59.772#Z#DEBUG#3758d499-a770-11f1-be6f-eeee0a871e3d.OPERATION#flowable-async-job-executor-thread-4451#
[ProcessDescriptorStep] Subscriptions: [ ]#
#2026 09 03 08:19:59.777#Z#DEBUG#3758d499-a770-11f1-be6f-eeee0a871e3d.OPERATION#flowable-async-job-executor-thread-4451#
[ProcessDescriptorStep] MTA modules: [note-for-approval-db-deployer, note-for-approval-srv, note-for-approval-app-content, note-for-approval]#
#2026 09 03 08:19:59.780#Z#DEBUG#3758d499-a770-11f1-be6f-eeee0a871e3d.OPERATION#flowable-async-job-executor-thread-4451#
[ProcessDescriptorStep] Resolved deployment descriptor: {
  "majorSchemaVersion" : 3,
  "schemaVersion" : "3.3.0",
  "id" : "note-for-approval",
  "version" : "1.0.0",
  "modules" : [ {
    "majorSchemaVersion" : 3,
    "name" : "note-for-approval-srv",
    "type" : "javascript.nodejs",
    "path" : "note-for-approval-srv",
    "properties" : { },
    "parameters" : {
      "default-url" : "https://brainbox-consulting-bv-brainboxconsultingig-dev-note-fo4054ba4a.cfapps.eu10-005.hana.ondemand.com",
      "default-app-name" : "note-for-approval-srv",
      "generated-password" : "********",
      "default-live-url" : "https://brainbox-consulting-bv-brainboxconsultingig-dev-note-fo4054ba4a.cfapps.eu10-005.hana.ondemand.com",
      "default-uri" : "brainbox-consulting-bv-brainboxconsultingig-dev-note-fo4054ba4a.cfapps.eu10-005.hana.ondemand.com",
      "default-instances" : 1,
      "default-live-host" : "brainbox-consulting-bv-brainboxconsultingig-dev-note-fo4054ba4a",
      "instances" : 1,
      "buildpack" : "nodejs_buildpack",
      "default-host" : "brainbox-consulting-bv-brainboxconsultingig-dev-note-fo4054ba4a",
      "command" : "npm start",
      "app-name" : "note-for-approval-srv",
      "default-live-uri" : "brainbox-consulting-bv-brainboxconsultingig-dev-note-fo4054ba4a.cfapps.eu10-005.hana.ondemand.com",
      "protocol" : "https",
      "default-live-app-name" : "note-for-approval-srv",
      "default-live-domain" : "cfapps.eu10-005.hana.ondemand.com",
      "domain" : "cfapps.eu10-005.hana.ondemand.com",
      "host" : "brainbox-consulting-bv-brainboxconsultingig-dev-note-fo4054ba4a",
      "generated-user" : "********"
    },
    "requiredDependencies" : [ {
      "majorSchemaVersion" : 3,
      "name" : "note-for-approval-db",
      "properties" : { },
      "parameters" : { },
      "propertiesMetadata" : {
        "metadata" : { }
      },
      "parametersMetadata" : {
        "metadata" : { }
      }
    } ],
    "providedDependencies" : [ {
      "majorSchemaVersion" : 3,
      "name" : "srv-api",
      "isPublic" : false,
      "properties" : {
        "srv-url" : "https://brainbox-consulting-bv-brainboxconsultingig-dev-note-fo4054ba4a.cfapps.eu10-005.hana.ondemand.com"
      },
      "parameters" : { },
      "propertiesMetadata" : {
        "metadata" : { }
      },
      "parametersMetadata" : {
        "metadata" : { }
      }
    }, {
      "majorSchemaVersion" : 3,
      "name" : "note-for-approval-srv",
      "isPublic" : false,
      "properties" : { },
      "parameters" : { },
      "propertiesMetadata" : {
        "metadata" : { }
      },
      "parametersMetadata" : {
        "metadata" : { }
      }
    } ],
    "propertiesMetadata" : {
      "metadata" : { }
    },
    "parametersMetadata" : {
      "metadata" : { }
    },
    "hooks" : [ ]
  }, {
    "majorSchemaVersion" : 3,
    "name" : "note-for-approval-app-content",
    "type" : "com.sap.application.content",
    "path" : "note-for-approval-app-content",
    "properties" : { },
    "parameters" : {
      "default-url" : "https://brainbox-consulting-bv-brainboxconsultingig-dev-note-fo1e3325e0.cfapps.eu10-005.hana.ondemand.com",
      "default-app-name" : "note-for-approval-app-content",
      "generated-password" : "********",
      "default-live-url" : "https://brainbox-consulting-bv-brainboxconsultingig-dev-note-fo1e3325e0.cfapps.eu10-005.hana.ondemand.com",
      "default-uri" : "brainbox-consulting-bv-brainboxconsultingig-dev-note-fo1e3325e0.cfapps.eu10-005.hana.ondemand.com",
      "default-instances" : 1,
      "default-live-host" : "brainbox-consulting-bv-brainboxconsultingig-dev-note-fo1e3325e0",
      "instances" : 1,
      "default-host" : "brainbox-consulting-bv-brainboxconsultingig-dev-note-fo1e3325e0",
      "app-name" : "note-for-approval-app-content",
      "default-live-uri" : "brainbox-consulting-bv-brainboxconsultingig-dev-note-fo1e3325e0.cfapps.eu10-005.hana.ondemand.com",
      "protocol" : "https",
      "default-live-app-name" : "note-for-approval-app-content",
      "default-live-domain" : "cfapps.eu10-005.hana.ondemand.com",
      "domain" : "cfapps.eu10-005.hana.ondemand.com",
      "host" : "brainbox-consulting-bv-brainboxconsultingig-dev-note-fo1e3325e0",
      "generated-user" : "********"
    },
    "requiredDependencies" : [ {
      "majorSchemaVersion" : 3,
      "name" : "note-for-approval-repo-host",
      "properties" : { },
      "parameters" : {
        "content-target" : true
      },
      "propertiesMetadata" : {
        "metadata" : { }
      },
      "parametersMetadata" : {
        "metadata" : { }
      }
    } ],
    "providedDependencies" : [ {
      "majorSchemaVersion" : 3,
      "name" : "note-for-approval-app-content",
      "isPublic" : false,
      "properties" : { },
      "parameters" : { },
      "propertiesMetadata" : {
        "metadata" : { }
      },
      "parametersMetadata" : {
        "metadata" : { }
      }
    } ],
    "propertiesMetadata" : {
      "metadata" : { }
    },
    "parametersMetadata" : {
      "metadata" : { }
    },
    "hooks" : [ ]
  }, {
    "majorSchemaVersion" : 3,
    "name" : "note-for-approval-db-deployer",
    "type" : "com.sap.xs.hdi",
    "path" : "note-for-approval-db-deployer",
    "properties" : {
      "EXIT" : 1
    },
    "parameters" : {
      "default-url" : "https://brainbox-consulting-bv-brainboxconsultingig-dev-note-fo33517d96.cfapps.eu10-005.hana.ondemand.com",
      "default-app-name" : "note-for-approval-db-deployer",
      "generated-password" : "********",
      "default-live-url" : "https://brainbox-consulting-bv-brainboxconsultingig-dev-note-fo33517d96.cfapps.eu10-005.hana.ondemand.com",
      "default-uri" : "brainbox-consulting-bv-brainboxconsultingig-dev-note-fo33517d96.cfapps.eu10-005.hana.ondemand.com",
      "memory" : "256M",
      "default-instances" : 1,
      "no-route" : true,
      "default-live-host" : "brainbox-consulting-bv-brainboxconsultingig-dev-note-fo33517d96",
      "instances" : 1,
      "buildpack" : "nodejs_buildpack",
      "default-host" : "brainbox-consulting-bv-brainboxconsultingig-dev-note-fo33517d96",
      "app-name" : "note-for-approval-db-deployer",
      "default-live-uri" : "brainbox-consulting-bv-brainboxconsultingig-dev-note-fo33517d96.cfapps.eu10-005.hana.ondemand.com",
      "protocol" : "https",
      "default-live-app-name" : "note-for-approval-db-deployer",
      "default-live-domain" : "cfapps.eu10-005.hana.ondemand.com",
      "dependency-type" : "hard",
      "domain" : "cfapps.eu10-005.hana.ondemand.com",
      "host" : "brainbox-consulting-bv-brainboxconsultingig-dev-note-fo33517d96",
      "generated-user" : "********",
      "tasks" : [ {
        "command" : "npm start",
        "memory" : "256M",
        "name" : "deploy"
      } ],
      "no-start" : true
    },
    "requiredDependencies" : [ {
      "majorSchemaVersion" : 3,
      "name" : "note-for-approval-db",
      "properties" : { },
      "parameters" : { },
      "propertiesMetadata" : {
        "metadata" : { }
      },
      "parametersMetadata" : {
        "metadata" : { }
      }
    } ],
    "providedDependencies" : [ {
      "majorSchemaVersion" : 3,
      "name" : "note-for-approval-db-deployer",
      "isPublic" : false,
      "properties" : { },
      "parameters" : { },
      "propertiesMetadata" : {
        "metadata" : { }
      },
      "parametersMetadata" : {
        "metadata" : { }
      }
    } ],
    "propertiesMetadata" : {
      "metadata" : { }
    },
    "parametersMetadata" : {
      "metadata" : { }
    },
    "hooks" : [ ]
  }, {
    "majorSchemaVersion" : 3,
    "name" : "note-for-approval",
    "type" : "javascript.nodejs",
    "path" : "note-for-approval",
    "properties" : { },
    "parameters" : {
      "default-url" : "https://brainbox-consulting-bv-brainboxconsultingig-dev-note-fo1ef357a0.cfapps.eu10-005.hana.ondemand.com",
      "default-app-name" : "note-for-approval",
      "generated-password" : "********",
      "default-live-url" : "https://brainbox-consulting-bv-brainboxconsultingig-dev-note-fo1ef357a0.cfapps.eu10-005.hana.ondemand.com",
      "default-uri" : "brainbox-consulting-bv-brainboxconsultingig-dev-note-fo1ef357a0.cfapps.eu10-005.hana.ondemand.com",
      "memory" : "256M",
      "default-instances" : 1,
      "default-live-host" : "brainbox-consulting-bv-brainboxconsultingig-dev-note-fo1ef357a0",
      "instances" : 1,
      "default-host" : "brainbox-consulting-bv-brainboxconsultingig-dev-note-fo1ef357a0",
      "keep-existing-routes" : true,
      "app-name" : "note-for-approval",
      "default-live-uri" : "brainbox-consulting-bv-brainboxconsultingig-dev-note-fo1ef357a0.cfapps.eu10-005.hana.ondemand.com",
      "protocol" : "https",
      "default-live-app-name" : "note-for-approval",
      "default-live-domain" : "cfapps.eu10-005.hana.ondemand.com",
      "disk-quota" : "256M",
      "domain" : "cfapps.eu10-005.hana.ondemand.com",
      "host" : "brainbox-consulting-bv-brainboxconsultingig-dev-note-fo1ef357a0",
      "generated-user" : "********"
    },
    "requiredDependencies" : [ {
      "majorSchemaVersion" : 3,
      "name" : "srv-api",
      "group" : "destinations",
      "properties" : {
        "name" : "srv-api",
        "forwardAuthToken" : "********",
        "url" : "https://brainbox-consulting-bv-brainboxconsultingig-dev-note-fo4054ba4a.cfapps.eu10-005.hana.ondemand.com"
      },
      "parameters" : { },
      "propertiesMetadata" : {
        "metadata" : { }
      },
      "parametersMetadata" : {
        "metadata" : { }
      }
    }, {
      "majorSchemaVersion" : 3,
      "name" : "note-for-approval-html5-runtime",
      "properties" : { },
      "parameters" : { },
      "propertiesMetadata" : {
        "metadata" : { }
      },
      "parametersMetadata" : {
        "metadata" : { }
      }
    } ],
    "providedDependencies" : [ {
      "majorSchemaVersion" : 3,
      "name" : "app-api",
      "isPublic" : false,
      "properties" : {
        "app-protocol" : "https",
        "app-uri" : "brainbox-consulting-bv-brainboxconsultingig-dev-note-fo1ef357a0.cfapps.eu10-005.hana.ondemand.com"
      },
      "parameters" : { },
      "propertiesMetadata" : {
        "metadata" : { }
      },
      "parametersMetadata" : {
        "metadata" : { }
      }
    }, {
      "majorSchemaVersion" : 3,
      "name" : "note-for-approval",
      "isPublic" : false,
      "properties" : { },
      "parameters" : { },
      "propertiesMetadata" : {
        "metadata" : { }
      },
      "parametersMetadata" : {
        "metadata" : { }
      }
    } ],
    "propertiesMetadata" : {
      "metadata" : { }
    },
    "parametersMetadata" : {
      "metadata" : { }
    },
    "hooks" : [ ]
  } ],
  "resources" : [ {
    "majorSchemaVersion" : 3,
    "name" : "note-for-approval-repo-host",
    "type" : "org.cloudfoundry.managed-service",
    "properties" : { },
    "parameters" : {
      "generated-password" : "********",
      "service-name" : "note-for-approval-html5-service",
      "service-plan" : "app-host",
      "service" : "html5-apps-repo",
      "generated-user" : "********",
      "default-xsappname" : "note-for-approval-repo-host",
      "type" : "managed-service",
      "default-service-name" : "note-for-approval-repo-host",
      "default-container-name" : "BRAINBOX_CONSULTING_BV_BRAINBOXCONSULTINGIG_DEV_NOTE_FOR794BA098"
    },
    "isActive" : true,
    "isOptional" : false,
    "propertiesMetadata" : {
      "metadata" : { }
    },
    "parametersMetadata" : {
      "metadata" : { }
    },
    "requiredDependencies" : [ ],
    "processedAfter" : [ ]
  }, {
    "majorSchemaVersion" : 3,
    "name" : "note-for-approval-html5-runtime",
    "type" : "org.cloudfoundry.managed-service",
    "properties" : { },
    "parameters" : {
      "generated-password" : "********",
      "service-name" : "note-for-approval-html5-runtime",
      "service-plan" : "app-runtime",
      "service" : "html5-apps-repo",
      "generated-user" : "********",
      "default-xsappname" : "note-for-approval-html5-runtime",
      "type" : "managed-service",
      "default-service-name" : "note-for-approval-html5-runtime",
      "default-container-name" : "BRAINBOX_CONSULTING_BV_BRAINBOXCONSULTINGIG_DEV_NOTE_FOR77D661F6"
    },
    "isActive" : true,
    "isOptional" : false,
    "propertiesMetadata" : {
      "metadata" : { }
    },
    "parametersMetadata" : {
      "metadata" : { }
    },
    "requiredDependencies" : [ ],
    "processedAfter" : [ ]
  }, {
    "majorSchemaVersion" : 3,
    "name" : "note-for-approval-destination-service",
    "type" : "org.cloudfoundry.managed-service",
    "properties" : { },
    "parameters" : {
      "generated-password" : "********",
      "service-name" : "note-for-approval-destination-service",
      "service-plan" : "lite",
      "service" : "destination",
      "generated-user" : "********",
      "default-xsappname" : "note-for-approval-destination-service",
      "type" : "managed-service",
      "config" : {
        "HTML5Runtime_enabled" : false,
        "init_data" : {
          "instance" : {
            "destinations" : [ {
              "Authentication" : "********",
              "Name" : "ui5",
              "ProxyType" : "Internet",
              "Type" : "HTTP",
              "URL" : "https://ui5.sap.com"
            } ],
            "existing_destinations_policy" : "update"
          }
        },
        "version" : "1.0.0"
      },
      "default-service-name" : "note-for-approval-destination-service",
      "default-container-name" : "BRAINBOX_CONSULTING_BV_BRAINBOXCONSULTINGIG_DEV_NOTE_FOR11A5BC97"
    },
    "isActive" : true,
    "isOptional" : false,
    "propertiesMetadata" : {
      "metadata" : { }
    },
    "parametersMetadata" : {
      "metadata" : { }
    },
    "requiredDependencies" : [ ],
    "processedAfter" : [ ]
  }, {
    "majorSchemaVersion" : 3,
    "name" : "note-for-approval-db",
    "type" : "com.sap.xs.hdi-container",
    "properties" : { },
    "parameters" : {
      "generated-password" : "********",
      "service-name" : "note-for-approval-db",
      "service-plan" : "hdi-shared",
      "service" : "hana",
      "generated-user" : "********",
      "default-xsappname" : "note-for-approval-db",
      "type" : "managed-service",
      "default-service-name" : "note-for-approval-db",
      "default-container-name" : "BRAINBOX_CONSULTING_BV_BRAINBOXCONSULTINGIG_DEV_NOTE_FOR712E6D35"
    },
    "isActive" : true,
    "isOptional" : false,
    "propertiesMetadata" : {
      "metadata" : { }
    },
    "parametersMetadata" : {
      "metadata" : { }
    },
    "requiredDependencies" : [ ],
    "processedAfter" : [ ]
  } ],
  "parameters" : {
    "deploy_mode" : "html5-repo",
    "mta-id" : "note-for-approval",
    "authorization-url" : "********",
    "org-guid" : "f75518ee-c52e-4c0f-8577-d43c69acffc3",
    "org" : "BrainBox Consulting BV_BrainboxConsultingIG",
    "deploy-target" : "BrainBox Consulting BV_BrainboxConsultingIG dev",
    "enable-parallel-deployments" : true,
    "region-primary-domain" : "eu10.hana.ondemand.com",
    "space" : "dev",
    "region-domain" : "eu10-005.hana.ondemand.com",
    "xs-api-url" : "https://api.cf.eu10-005.hana.ondemand.com",
    "deploy-url" : "deploy-service.cfapps.eu10-005.hana.ondemand.com",
    "xs-type" : "CF",
    "default-domain" : "cfapps.eu10-005.hana.ondemand.com",
    "mta-version" : "1.0.0",
    "xs-auth-url" : "********",
    "space-guid" : "68e32ac3-8ca0-48aa-af92-b0c9129360d2",
    "user" : "********",
    "controller-url" : "https://api.cf.eu10-005.hana.ondemand.com",
    "timestamp" : "20260903081943"
  },
  "parametersMetadata" : {
    "metadata" : { }
  }
}#
#2026 09 03 08:19:59.780#Z#DEBUG#3758d499-a770-11f1-be6f-eeee0a871e3d.OPERATION#flowable-async-job-executor-thread-4451#
[ProcessDescriptorStep] Merged descriptor properties and parameters resolved#
#2026 09 03 08:19:59.780#Z#DEBUG#3758d499-a770-11f1-be6f-eeee0a871e3d.OPERATION#flowable-async-job-executor-thread-4451#
Step "Re-Process Descriptor Step" finished#
#2026 09 03 08:19:59.802#Z#DEBUG#3758d499-a770-11f1-be6f-eeee0a871e3d.OPERATION#flowable-async-job-executor-thread-4452#
[BuildApplicationDeployModelStep] Executing task "buildApplicationDeployModelTask" of process "4131bc59-a770-11f1-be6f-eeee0a871e3d"...#
#2026 09 03 08:19:59.804#Z#DEBUG#3758d499-a770-11f1-be6f-eeee0a871e3d.OPERATION#flowable-async-job-executor-thread-4452#
[BuildApplicationDeployModelStep] Building cloud deployment model for application "note-for-approval"...#
#2026 09 03 08:19:59.807#Z#DEBUG#3758d499-a770-11f1-be6f-eeee0a871e3d.OPERATION#flowable-async-job-executor-thread-4452#
[BuildApplicationDeployModelStep] Getting routes for application "00415b23-d656-42e4-9089-360c286d1f4f"...#
#2026 09 03 08:19:59.835#Z#DEBUG#3758d499-a770-11f1-be6f-eeee0a871e3d.OPERATION#flowable-async-job-executor-thread-4452#
[BuildApplicationDeployModelStep] No health-check-type is specified. Setting default type: port#
#2026 09 03 08:19:59.836#Z#INFO#3758d499-a770-11f1-be6f-eeee0a871e3d.OPERATION#flowable-async-job-executor-thread-4452#
[BuildApplicationDeployModelStep] Building configuration entries for org BrainBox Consulting BV_BrainboxConsultingIG, space dev, spaceId 68e32ac3-8ca0-48aa-af92-b0c9129360d2 and namespace null!#
#2026 09 03 08:19:59.837#Z#DEBUG#3758d499-a770-11f1-be6f-eeee0a871e3d.OPERATION#flowable-async-job-executor-thread-4452#
[BuildApplicationDeployModelStep] Configuration entries to publish: [ ]#
#2026 09 03 08:19:59.837#Z#DEBUG#3758d499-a770-11f1-be6f-eeee0a871e3d.OPERATION#flowable-async-job-executor-thread-4452#
[BuildApplicationDeployModelStep] Cloud deployment model for application built#
#2026 09 03 08:19:59.837#Z#DEBUG#3758d499-a770-11f1-be6f-eeee0a871e3d.OPERATION#flowable-async-job-executor-thread-4452#
Step "Build Application Deploy Model" finished#
#2026 09 03 08:20:00.198#Z#DEBUG#3758d499-a770-11f1-be6f-eeee0a871e3d.OPERATION#flowable-async-job-executor-thread-10366#
[ProcessDescriptorStep] Executing task "reprocessDescriptorTask" of process "416b1c21-a770-11f1-b5d9-eeee0a807e3c"...#
#2026 09 03 08:20:00.199#Z#DEBUG#3758d499-a770-11f1-be6f-eeee0a871e3d.OPERATION#flowable-async-job-executor-thread-10366#
[ProcessDescriptorStep] Resolving properties and parameters in merged descriptor...#
#2026 09 03 08:20:00.205#Z#DEBUG#3758d499-a770-11f1-be6f-eeee0a871e3d.OPERATION#flowable-async-job-executor-thread-10366#
[ProcessDescriptorStep] Subscriptions: [ ]#
#2026 09 03 08:20:00.222#Z#DEBUG#3758d499-a770-11f1-be6f-eeee0a871e3d.OPERATION#flowable-async-job-executor-thread-10366#
[ProcessDescriptorStep] MTA modules: [note-for-approval-db-deployer, note-for-approval-srv, note-for-approval-app-content, note-for-approval]#
#2026 09 03 08:20:00.226#Z#DEBUG#3758d499-a770-11f1-be6f-eeee0a871e3d.OPERATION#flowable-async-job-executor-thread-10366#
[ProcessDescriptorStep] Resolved deployment descriptor: {
  "majorSchemaVersion" : 3,
  "schemaVersion" : "3.3.0",
  "id" : "note-for-approval",
  "version" : "1.0.0",
  "modules" : [ {
    "majorSchemaVersion" : 3,
    "name" : "note-for-approval-srv",
    "type" : "javascript.nodejs",
    "path" : "note-for-approval-srv",
    "properties" : { },
    "parameters" : {
      "default-url" : "https://brainbox-consulting-bv-brainboxconsultingig-dev-note-fo4054ba4a.cfapps.eu10-005.hana.ondemand.com",
      "default-app-name" : "note-for-approval-srv",
      "generated-password" : "********",
      "default-live-url" : "https://brainbox-consulting-bv-brainboxconsultingig-dev-note-fo4054ba4a.cfapps.eu10-005.hana.ondemand.com",
      "default-uri" : "brainbox-consulting-bv-brainboxconsultingig-dev-note-fo4054ba4a.cfapps.eu10-005.hana.ondemand.com",
      "default-instances" : 1,
      "default-live-host" : "brainbox-consulting-bv-brainboxconsultingig-dev-note-fo4054ba4a",
      "instances" : 1,
      "buildpack" : "nodejs_buildpack",
      "default-host" : "brainbox-consulting-bv-brainboxconsultingig-dev-note-fo4054ba4a",
      "command" : "npm start",
      "app-name" : "note-for-approval-srv",
      "default-live-uri" : "brainbox-consulting-bv-brainboxconsultingig-dev-note-fo4054ba4a.cfapps.eu10-005.hana.ondemand.com",
      "protocol" : "https",
      "default-live-app-name" : "note-for-approval-srv",
      "default-live-domain" : "cfapps.eu10-005.hana.ondemand.com",
      "domain" : "cfapps.eu10-005.hana.ondemand.com",
      "host" : "brainbox-consulting-bv-brainboxconsultingig-dev-note-fo4054ba4a",
      "generated-user" : "********"
    },
    "requiredDependencies" : [ {
      "majorSchemaVersion" : 3,
      "name" : "note-for-approval-db",
      "properties" : { },
      "parameters" : { },
      "propertiesMetadata" : {
        "metadata" : { }
      },
      "parametersMetadata" : {
        "metadata" : { }
      }
    } ],
    "providedDependencies" : [ {
      "majorSchemaVersion" : 3,
      "name" : "srv-api",
      "isPublic" : false,
      "properties" : {
        "srv-url" : "https://brainbox-consulting-bv-brainboxconsultingig-dev-note-fo4054ba4a.cfapps.eu10-005.hana.ondemand.com"
      },
      "parameters" : { },
      "propertiesMetadata" : {
        "metadata" : { }
      },
      "parametersMetadata" : {
        "metadata" : { }
      }
    }, {
      "majorSchemaVersion" : 3,
      "name" : "note-for-approval-srv",
      "isPublic" : false,
      "properties" : { },
      "parameters" : { },
      "propertiesMetadata" : {
        "metadata" : { }
      },
      "parametersMetadata" : {
        "metadata" : { }
      }
    } ],
    "propertiesMetadata" : {
      "metadata" : { }
    },
    "parametersMetadata" : {
      "metadata" : { }
    },
    "hooks" : [ ]
  }, {
    "majorSchemaVersion" : 3,
    "name" : "note-for-approval-app-content",
    "type" : "com.sap.application.content",
    "path" : "note-for-approval-app-content",
    "properties" : { },
    "parameters" : {
      "default-url" : "https://brainbox-consulting-bv-brainboxconsultingig-dev-note-fo1e3325e0.cfapps.eu10-005.hana.ondemand.com",
      "default-app-name" : "note-for-approval-app-content",
      "generated-password" : "********",
      "default-live-url" : "https://brainbox-consulting-bv-brainboxconsultingig-dev-note-fo1e3325e0.cfapps.eu10-005.hana.ondemand.com",
      "default-uri" : "brainbox-consulting-bv-brainboxconsultingig-dev-note-fo1e3325e0.cfapps.eu10-005.hana.ondemand.com",
      "default-instances" : 1,
      "default-live-host" : "brainbox-consulting-bv-brainboxconsultingig-dev-note-fo1e3325e0",
      "instances" : 1,
      "default-host" : "brainbox-consulting-bv-brainboxconsultingig-dev-note-fo1e3325e0",
      "app-name" : "note-for-approval-app-content",
      "default-live-uri" : "brainbox-consulting-bv-brainboxconsultingig-dev-note-fo1e3325e0.cfapps.eu10-005.hana.ondemand.com",
      "protocol" : "https",
      "default-live-app-name" : "note-for-approval-app-content",
      "default-live-domain" : "cfapps.eu10-005.hana.ondemand.com",
      "domain" : "cfapps.eu10-005.hana.ondemand.com",
      "host" : "brainbox-consulting-bv-brainboxconsultingig-dev-note-fo1e3325e0",
      "generated-user" : "********"
    },
    "requiredDependencies" : [ {
      "majorSchemaVersion" : 3,
      "name" : "note-for-approval-repo-host",
      "properties" : { },
      "parameters" : {
        "content-target" : true
      },
      "propertiesMetadata" : {
        "metadata" : { }
      },
      "parametersMetadata" : {
        "metadata" : { }
      }
    } ],
    "providedDependencies" : [ {
      "majorSchemaVersion" : 3,
      "name" : "note-for-approval-app-content",
      "isPublic" : false,
      "properties" : { },
      "parameters" : { },
      "propertiesMetadata" : {
        "metadata" : { }
      },
      "parametersMetadata" : {
        "metadata" : { }
      }
    } ],
    "propertiesMetadata" : {
      "metadata" : { }
    },
    "parametersMetadata" : {
      "metadata" : { }
    },
    "hooks" : [ ]
  }, {
    "majorSchemaVersion" : 3,
    "name" : "note-for-approval-db-deployer",
    "type" : "com.sap.xs.hdi",
    "path" : "note-for-approval-db-deployer",
    "properties" : {
      "EXIT" : 1
    },
    "parameters" : {
      "default-url" : "https://brainbox-consulting-bv-brainboxconsultingig-dev-note-fo33517d96.cfapps.eu10-005.hana.ondemand.com",
      "default-app-name" : "note-for-approval-db-deployer",
      "generated-password" : "********",
      "default-live-url" : "https://brainbox-consulting-bv-brainboxconsultingig-dev-note-fo33517d96.cfapps.eu10-005.hana.ondemand.com",
      "default-uri" : "brainbox-consulting-bv-brainboxconsultingig-dev-note-fo33517d96.cfapps.eu10-005.hana.ondemand.com",
      "memory" : "256M",
      "default-instances" : 1,
      "no-route" : true,
      "default-live-host" : "brainbox-consulting-bv-brainboxconsultingig-dev-note-fo33517d96",
      "instances" : 1,
      "buildpack" : "nodejs_buildpack",
      "default-host" : "brainbox-consulting-bv-brainboxconsultingig-dev-note-fo33517d96",
      "app-name" : "note-for-approval-db-deployer",
      "default-live-uri" : "brainbox-consulting-bv-brainboxconsultingig-dev-note-fo33517d96.cfapps.eu10-005.hana.ondemand.com",
      "protocol" : "https",
      "default-live-app-name" : "note-for-approval-db-deployer",
      "default-live-domain" : "cfapps.eu10-005.hana.ondemand.com",
      "dependency-type" : "hard",
      "domain" : "cfapps.eu10-005.hana.ondemand.com",
      "host" : "brainbox-consulting-bv-brainboxconsultingig-dev-note-fo33517d96",
      "generated-user" : "********",
      "tasks" : [ {
        "command" : "npm start",
        "memory" : "256M",
        "name" : "deploy"
      } ],
      "no-start" : true
    },
    "requiredDependencies" : [ {
      "majorSchemaVersion" : 3,
      "name" : "note-for-approval-db",
      "properties" : { },
      "parameters" : { },
      "propertiesMetadata" : {
        "metadata" : { }
      },
      "parametersMetadata" : {
        "metadata" : { }
      }
    } ],
    "providedDependencies" : [ {
      "majorSchemaVersion" : 3,
      "name" : "note-for-approval-db-deployer",
      "isPublic" : false,
      "properties" : { },
      "parameters" : { },
      "propertiesMetadata" : {
        "metadata" : { }
      },
      "parametersMetadata" : {
        "metadata" : { }
      }
    } ],
    "propertiesMetadata" : {
      "metadata" : { }
    },
    "parametersMetadata" : {
      "metadata" : { }
    },
    "hooks" : [ ]
  }, {
    "majorSchemaVersion" : 3,
    "name" : "note-for-approval",
    "type" : "javascript.nodejs",
    "path" : "note-for-approval",
    "properties" : { },
    "parameters" : {
      "default-url" : "https://brainbox-consulting-bv-brainboxconsultingig-dev-note-fo1ef357a0.cfapps.eu10-005.hana.ondemand.com",
      "default-app-name" : "note-for-approval",
      "generated-password" : "********",
      "default-live-url" : "https://brainbox-consulting-bv-brainboxconsultingig-dev-note-fo1ef357a0.cfapps.eu10-005.hana.ondemand.com",
      "default-uri" : "brainbox-consulting-bv-brainboxconsultingig-dev-note-fo1ef357a0.cfapps.eu10-005.hana.ondemand.com",
      "memory" : "256M",
      "default-instances" : 1,
      "default-live-host" : "brainbox-consulting-bv-brainboxconsultingig-dev-note-fo1ef357a0",
      "instances" : 1,
      "default-host" : "brainbox-consulting-bv-brainboxconsultingig-dev-note-fo1ef357a0",
      "keep-existing-routes" : true,
      "app-name" : "note-for-approval",
      "default-live-uri" : "brainbox-consulting-bv-brainboxconsultingig-dev-note-fo1ef357a0.cfapps.eu10-005.hana.ondemand.com",
      "protocol" : "https",
      "default-live-app-name" : "note-for-approval",
      "default-live-domain" : "cfapps.eu10-005.hana.ondemand.com",
      "disk-quota" : "256M",
      "domain" : "cfapps.eu10-005.hana.ondemand.com",
      "host" : "brainbox-consulting-bv-brainboxconsultingig-dev-note-fo1ef357a0",
      "generated-user" : "********"
    },
    "requiredDependencies" : [ {
      "majorSchemaVersion" : 3,
      "name" : "srv-api",
      "group" : "destinations",
      "properties" : {
        "name" : "srv-api",
        "forwardAuthToken" : "********",
        "url" : "https://brainbox-consulting-bv-brainboxconsultingig-dev-note-fo4054ba4a.cfapps.eu10-005.hana.ondemand.com"
      },
      "parameters" : { },
      "propertiesMetadata" : {
        "metadata" : { }
      },
      "parametersMetadata" : {
        "metadata" : { }
      }
    }, {
      "majorSchemaVersion" : 3,
      "name" : "note-for-approval-html5-runtime",
      "properties" : { },
      "parameters" : { },
      "propertiesMetadata" : {
        "metadata" : { }
      },
      "parametersMetadata" : {
        "metadata" : { }
      }
    } ],
    "providedDependencies" : [ {
      "majorSchemaVersion" : 3,
      "name" : "app-api",
      "isPublic" : false,
      "properties" : {
        "app-protocol" : "https",
        "app-uri" : "brainbox-consulting-bv-brainboxconsultingig-dev-note-fo1ef357a0.cfapps.eu10-005.hana.ondemand.com"
      },
      "parameters" : { },
      "propertiesMetadata" : {
        "metadata" : { }
      },
      "parametersMetadata" : {
        "metadata" : { }
      }
    }, {
      "majorSchemaVersion" : 3,
      "name" : "note-for-approval",
      "isPublic" : false,
      "properties" : { },
      "parameters" : { },
      "propertiesMetadata" : {
        "metadata" : { }
      },
      "parametersMetadata" : {
        "metadata" : { }
      }
    } ],
    "propertiesMetadata" : {
      "metadata" : { }
    },
    "parametersMetadata" : {
      "metadata" : { }
    },
    "hooks" : [ ]
  } ],
  "resources" : [ {
    "majorSchemaVersion" : 3,
    "name" : "note-for-approval-repo-host",
    "type" : "org.cloudfoundry.managed-service",
    "properties" : { },
    "parameters" : {
      "generated-password" : "********",
      "service-name" : "note-for-approval-html5-service",
      "service-plan" : "app-host",
      "service" : "html5-apps-repo",
      "generated-user" : "********",
      "default-xsappname" : "note-for-approval-repo-host",
      "type" : "managed-service",
      "default-service-name" : "note-for-approval-repo-host",
      "default-container-name" : "BRAINBOX_CONSULTING_BV_BRAINBOXCONSULTINGIG_DEV_NOTE_FOR794BA098"
    },
    "isActive" : true,
    "isOptional" : false,
    "propertiesMetadata" : {
      "metadata" : { }
    },
    "parametersMetadata" : {
      "metadata" : { }
    },
    "requiredDependencies" : [ ],
    "processedAfter" : [ ]
  }, {
    "majorSchemaVersion" : 3,
    "name" : "note-for-approval-html5-runtime",
    "type" : "org.cloudfoundry.managed-service",
    "properties" : { },
    "parameters" : {
      "generated-password" : "********",
      "service-name" : "note-for-approval-html5-runtime",
      "service-plan" : "app-runtime",
      "service" : "html5-apps-repo",
      "generated-user" : "********",
      "default-xsappname" : "note-for-approval-html5-runtime",
      "type" : "managed-service",
      "default-service-name" : "note-for-approval-html5-runtime",
      "default-container-name" : "BRAINBOX_CONSULTING_BV_BRAINBOXCONSULTINGIG_DEV_NOTE_FOR77D661F6"
    },
    "isActive" : true,
    "isOptional" : false,
    "propertiesMetadata" : {
      "metadata" : { }
    },
    "parametersMetadata" : {
      "metadata" : { }
    },
    "requiredDependencies" : [ ],
    "processedAfter" : [ ]
  }, {
    "majorSchemaVersion" : 3,
    "name" : "note-for-approval-destination-service",
    "type" : "org.cloudfoundry.managed-service",
    "properties" : { },
    "parameters" : {
      "generated-password" : "********",
      "service-name" : "note-for-approval-destination-service",
      "service-plan" : "lite",
      "service" : "destination",
      "generated-user" : "********",
      "default-xsappname" : "note-for-approval-destination-service",
      "type" : "managed-service",
      "config" : {
        "HTML5Runtime_enabled" : false,
        "init_data" : {
          "instance" : {
            "destinations" : [ {
              "Authentication" : "********",
              "Name" : "ui5",
              "ProxyType" : "Internet",
              "Type" : "HTTP",
              "URL" : "https://ui5.sap.com"
            } ],
            "existing_destinations_policy" : "update"
          }
        },
        "version" : "1.0.0"
      },
      "default-service-name" : "note-for-approval-destination-service",
      "default-container-name" : "BRAINBOX_CONSULTING_BV_BRAINBOXCONSULTINGIG_DEV_NOTE_FOR11A5BC97"
    },
    "isActive" : true,
    "isOptional" : false,
    "propertiesMetadata" : {
      "metadata" : { }
    },
    "parametersMetadata" : {
      "metadata" : { }
    },
    "requiredDependencies" : [ ],
    "processedAfter" : [ ]
  }, {
    "majorSchemaVersion" : 3,
    "name" : "note-for-approval-db",
    "type" : "com.sap.xs.hdi-container",
    "properties" : { },
    "parameters" : {
      "generated-password" : "********",
      "service-name" : "note-for-approval-db",
      "service-plan" : "hdi-shared",
      "service" : "hana",
      "generated-user" : "********",
      "default-xsappname" : "note-for-approval-db",
      "type" : "managed-service",
      "default-service-name" : "note-for-approval-db",
      "default-container-name" : "BRAINBOX_CONSULTING_BV_BRAINBOXCONSULTINGIG_DEV_NOTE_FOR712E6D35"
    },
    "isActive" : true,
    "isOptional" : false,
    "propertiesMetadata" : {
      "metadata" : { }
    },
    "parametersMetadata" : {
      "metadata" : { }
    },
    "requiredDependencies" : [ ],
    "processedAfter" : [ ]
  } ],
  "parameters" : {
    "deploy_mode" : "html5-repo",
    "mta-id" : "note-for-approval",
    "authorization-url" : "********",
    "org-guid" : "f75518ee-c52e-4c0f-8577-d43c69acffc3",
    "org" : "BrainBox Consulting BV_BrainboxConsultingIG",
    "deploy-target" : "BrainBox Consulting BV_BrainboxConsultingIG dev",
    "enable-parallel-deployments" : true,
    "region-primary-domain" : "eu10.hana.ondemand.com",
    "space" : "dev",
    "region-domain" : "eu10-005.hana.ondemand.com",
    "xs-api-url" : "https://api.cf.eu10-005.hana.ondemand.com",
    "deploy-url" : "deploy-service.cfapps.eu10-005.hana.ondemand.com",
    "xs-type" : "CF",
    "default-domain" : "cfapps.eu10-005.hana.ondemand.com",
    "mta-version" : "1.0.0",
    "xs-auth-url" : "********",
    "space-guid" : "68e32ac3-8ca0-48aa-af92-b0c9129360d2",
    "user" : "********",
    "controller-url" : "https://api.cf.eu10-005.hana.ondemand.com",
    "timestamp" : "20260903081943"
  },
  "parametersMetadata" : {
    "metadata" : { }
  }
}#
#2026 09 03 08:20:00.226#Z#DEBUG#3758d499-a770-11f1-be6f-eeee0a871e3d.OPERATION#flowable-async-job-executor-thread-10366#
[ProcessDescriptorStep] Merged descriptor properties and parameters resolved#
#2026 09 03 08:20:00.226#Z#DEBUG#3758d499-a770-11f1-be6f-eeee0a871e3d.OPERATION#flowable-async-job-executor-thread-10366#
Step "Re-Process Descriptor Step" finished#
#2026 09 03 08:20:00.273#Z#DEBUG#3758d499-a770-11f1-be6f-eeee0a871e3d.OPERATION#flowable-async-job-executor-thread-10367#
[BuildApplicationDeployModelStep] Executing task "buildApplicationDeployModelTask" of process "416b1c21-a770-11f1-b5d9-eeee0a807e3c"...#
#2026 09 03 08:20:00.277#Z#DEBUG#3758d499-a770-11f1-be6f-eeee0a871e3d.OPERATION#flowable-async-job-executor-thread-10367#
[BuildApplicationDeployModelStep] Building cloud deployment model for application "note-for-approval-srv"...#
#2026 09 03 08:20:00.287#Z#DEBUG#3758d499-a770-11f1-be6f-eeee0a871e3d.OPERATION#flowable-async-job-executor-thread-10367#
[BuildApplicationDeployModelStep] No health-check-type is specified. Setting default type: port#
#2026 09 03 08:20:00.288#Z#INFO#3758d499-a770-11f1-be6f-eeee0a871e3d.OPERATION#flowable-async-job-executor-thread-10367#
[BuildApplicationDeployModelStep] Building configuration entries for org BrainBox Consulting BV_BrainboxConsultingIG, space dev, spaceId 68e32ac3-8ca0-48aa-af92-b0c9129360d2 and namespace null!#
#2026 09 03 08:20:00.290#Z#DEBUG#3758d499-a770-11f1-be6f-eeee0a871e3d.OPERATION#flowable-async-job-executor-thread-10367#
[BuildApplicationDeployModelStep] Configuration entries to publish: [ ]#
#2026 09 03 08:20:00.290#Z#DEBUG#3758d499-a770-11f1-be6f-eeee0a871e3d.OPERATION#flowable-async-job-executor-thread-10367#
[BuildApplicationDeployModelStep] Cloud deployment model for application built#
#2026 09 03 08:20:00.290#Z#DEBUG#3758d499-a770-11f1-be6f-eeee0a871e3d.OPERATION#flowable-async-job-executor-thread-10367#
Step "Build Application Deploy Model" finished#
#2026 09 03 08:20:00.342#Z#DEBUG#3758d499-a770-11f1-be6f-eeee0a871e3d.OPERATION#flowable-async-job-executor-thread-10368#
[CreateOrUpdateAppStep] Executing task "createAppTask" of process "416b1c21-a770-11f1-b5d9-eeee0a807e3c"...#
#2026 09 03 08:20:00.344#Z#DEBUG#3758d499-a770-11f1-be6f-eeee0a871e3d.OPERATION#flowable-async-job-executor-thread-10368#
[CreateOrUpdateAppStep] Getting application "note-for-approval-srv"...#
#2026 09 03 08:20:00.388#Z#INFO#3758d499-a770-11f1-be6f-eeee0a871e3d.OPERATION#flowable-async-job-executor-thread-10368#
[CreateOrUpdateAppStep] Updating application "note-for-approval-srv"...#
#2026 09 03 08:20:00.395#Z#DEBUG#3758d499-a770-11f1-be6f-eeee0a871e3d.OPERATION#flowable-async-job-executor-thread-10368#
[CreateOrUpdateAppStep] Getting process for application "7037cbc0-f596-4751-ad38-f95db4aad153"...#
#2026 09 03 08:20:00.436#Z#DEBUG#3758d499-a770-11f1-be6f-eeee0a871e3d.OPERATION#flowable-async-job-executor-thread-10368#
[CreateOrUpdateAppStep] Getting routes for application "7037cbc0-f596-4751-ad38-f95db4aad153"...#
#2026 09 03 08:20:00.474#Z#DEBUG#3758d499-a770-11f1-be6f-eeee0a871e3d.OPERATION#flowable-async-job-executor-thread-10368#
[CreateOrUpdateAppStep] Getting features for application "7037cbc0-f596-4751-ad38-f95db4aad153"#
#2026 09 03 08:20:00.503#Z#DEBUG#3758d499-a770-11f1-be6f-eeee0a871e3d.OPERATION#flowable-async-job-executor-thread-10368#
[CreateOrUpdateAppStep] Updating staging of application "note-for-approval-srv" to: {
  "buildpacks" : [ "nodejs_buildpack" ],
  "command" : "npm start",
  "healthCheckType" : "port",
  "appFeatures" : { }
}#
#2026 09 03 08:20:00.706#Z#DEBUG#3758d499-a770-11f1-be6f-eeee0a871e3d.OPERATION#flowable-async-job-executor-thread-10368#
[CreateOrUpdateAppStep] Application "note-for-approval-srv" updated#
#2026 09 03 08:20:00.706#Z#DEBUG#3758d499-a770-11f1-be6f-eeee0a871e3d.OPERATION#flowable-async-job-executor-thread-10368#
[CreateOrUpdateAppStep] Getting environment of application "7037cbc0-f596-4751-ad38-f95db4aad153"...#
#2026 09 03 08:20:00.793#Z#DEBUG#3758d499-a770-11f1-be6f-eeee0a871e3d.OPERATION#flowable-async-job-executor-thread-10368#
[CreateOrUpdateAppStep] Application "note-for-approval-srv" updated#
#2026 09 03 08:20:00.794#Z#DEBUG#3758d499-a770-11f1-be6f-eeee0a871e3d.OPERATION#flowable-async-job-executor-thread-10368#
Step "Create App" finished#
#2026 09 03 08:19:59.870#Z#DEBUG#3758d499-a770-11f1-be6f-eeee0a871e3d.OPERATION#flowable-async-job-executor-thread-9601#
[CheckServiceBindingOperationStep] Executing task "checkForServiceBindingOperationInProgress" of process "4140afe4-a770-11f1-85ae-eeee0a987031"...#
#2026 09 03 08:19:59.870#Z#DEBUG#3758d499-a770-11f1-be6f-eeee0a871e3d.OPERATION#flowable-async-job-executor-thread-9601#
[CheckServiceBindingOperationStep] Checking for service binding operation in progress between app "note-for-approval-db-deployer" and service instance "note-for-approval-db"#
#2026 09 03 08:19:59.872#Z#DEBUG#3758d499-a770-11f1-be6f-eeee0a871e3d.OPERATION#flowable-async-job-executor-thread-9601#
[CheckServiceBindingOperationStep] Getting application guid "note-for-approval-db-deployer"...#
#2026 09 03 08:20:00.723#Z#DEBUG#3758d499-a770-11f1-be6f-eeee0a871e3d.OPERATION#flowable-async-job-executor-thread-9601#
[CheckServiceBindingOperationStep] Getting GUID of required service instance "note-for-approval-db"...#
#2026 09 03 08:20:00.765#Z#DEBUG#3758d499-a770-11f1-be6f-eeee0a871e3d.OPERATION#flowable-async-job-executor-thread-9601#
[CheckServiceBindingOperationStep] Getting binding of service instance "3cda08d7-bd8d-45de-a8e6-41a33d7f1e28" with application "cfa7ca5e-15f8-47db-8f56-b1eb52c10373"...#
#2026 09 03 08:20:00.797#Z#DEBUG#3758d499-a770-11f1-be6f-eeee0a871e3d.OPERATION#flowable-async-job-executor-thread-9601#
[CheckServiceBindingOperationStep] Service binding operation "dda41f67-572f-4037-829d-204e5d11c0ad" with type "create" is in state "succeeded"#
#2026 09 03 08:20:00.797#Z#DEBUG#3758d499-a770-11f1-be6f-eeee0a871e3d.OPERATION#flowable-async-job-executor-thread-9601#
Step "Check For Service Binding Operation In Progress" finished#
#2026 09 03 08:19:59.864#Z#DEBUG#3758d499-a770-11f1-be6f-eeee0a871e3d.OPERATION#flowable-async-job-executor-thread-4453#
[CreateOrUpdateAppStep] Executing task "createAppTask" of process "4131bc59-a770-11f1-be6f-eeee0a871e3d"...#
#2026 09 03 08:19:59.865#Z#DEBUG#3758d499-a770-11f1-be6f-eeee0a871e3d.OPERATION#flowable-async-job-executor-thread-4453#
[CreateOrUpdateAppStep] Getting application "note-for-approval"...#
#2026 09 03 08:19:59.896#Z#INFO#3758d499-a770-11f1-be6f-eeee0a871e3d.OPERATION#flowable-async-job-executor-thread-4453#
[CreateOrUpdateAppStep] Updating application "note-for-approval"...#
#2026 09 03 08:19:59.904#Z#DEBUG#3758d499-a770-11f1-be6f-eeee0a871e3d.OPERATION#flowable-async-job-executor-thread-4453#
[CreateOrUpdateAppStep] Getting process for application "00415b23-d656-42e4-9089-360c286d1f4f"...#
#2026 09 03 08:19:59.940#Z#DEBUG#3758d499-a770-11f1-be6f-eeee0a871e3d.OPERATION#flowable-async-job-executor-thread-4453#
[CreateOrUpdateAppStep] Getting routes for application "00415b23-d656-42e4-9089-360c286d1f4f"...#
#2026 09 03 08:19:59.972#Z#DEBUG#3758d499-a770-11f1-be6f-eeee0a871e3d.OPERATION#flowable-async-job-executor-thread-4453#
[CreateOrUpdateAppStep] Getting features for application "00415b23-d656-42e4-9089-360c286d1f4f"#
#2026 09 03 08:20:00.020#Z#DEBUG#3758d499-a770-11f1-be6f-eeee0a871e3d.OPERATION#flowable-async-job-executor-thread-4453#
[CreateOrUpdateAppStep] Updating staging of application "note-for-approval" to: {
  "buildpacks" : [ ],
  "healthCheckType" : "port",
  "appFeatures" : { }
}#
#2026 09 03 08:20:00.834#Z#DEBUG#3758d499-a770-11f1-be6f-eeee0a871e3d.OPERATION#flowable-async-job-executor-thread-4453#
[CreateOrUpdateAppStep] Application "note-for-approval" updated#
#2026 09 03 08:20:00.834#Z#DEBUG#3758d499-a770-11f1-be6f-eeee0a871e3d.OPERATION#flowable-async-job-executor-thread-4453#
[CreateOrUpdateAppStep] Getting environment of application "00415b23-d656-42e4-9089-360c286d1f4f"...#
#2026 09 03 08:20:00.906#Z#DEBUG#3758d499-a770-11f1-be6f-eeee0a871e3d.OPERATION#flowable-async-job-executor-thread-4453#
[CreateOrUpdateAppStep] Application "note-for-approval" updated#
#2026 09 03 08:20:00.906#Z#DEBUG#3758d499-a770-11f1-be6f-eeee0a871e3d.OPERATION#flowable-async-job-executor-thread-4453#
Step "Create App" finished#
#2026 09 03 08:20:00.889#Z#DEBUG#3758d499-a770-11f1-be6f-eeee0a871e3d.OPERATION#flowable-async-job-executor-thread-10370#
[CheckServiceBindingOperationStep] Executing task "checkForServiceBindingOperationInProgress" of process "41dec4d5-a770-11f1-b5d9-eeee0a807e3c"...#
#2026 09 03 08:20:00.889#Z#DEBUG#3758d499-a770-11f1-be6f-eeee0a871e3d.OPERATION#flowable-async-job-executor-thread-10370#
[CheckServiceBindingOperationStep] Checking for service binding operation in progress between app "note-for-approval-srv" and service instance "note-for-approval-db"#
#2026 09 03 08:20:00.890#Z#DEBUG#3758d499-a770-11f1-be6f-eeee0a871e3d.OPERATION#flowable-async-job-executor-thread-10370#
[CheckServiceBindingOperationStep] Getting application guid "note-for-approval-srv"...#
#2026 09 03 08:20:00.927#Z#DEBUG#3758d499-a770-11f1-be6f-eeee0a871e3d.OPERATION#flowable-async-job-executor-thread-10370#
[CheckServiceBindingOperationStep] Getting GUID of required service instance "note-for-approval-db"...#
#2026 09 03 08:20:00.963#Z#DEBUG#3758d499-a770-11f1-be6f-eeee0a871e3d.OPERATION#flowable-async-job-executor-thread-10370#
[CheckServiceBindingOperationStep] Getting binding of service instance "3cda08d7-bd8d-45de-a8e6-41a33d7f1e28" with application "7037cbc0-f596-4751-ad38-f95db4aad153"...#
#2026 09 03 08:20:01.006#Z#DEBUG#3758d499-a770-11f1-be6f-eeee0a871e3d.OPERATION#flowable-async-job-executor-thread-10370#
[CheckServiceBindingOperationStep] Service binding operation "9355b338-c382-4021-8b2e-858df1dafa16" with type "create" is in state "succeeded"#
#2026 09 03 08:20:01.006#Z#DEBUG#3758d499-a770-11f1-be6f-eeee0a871e3d.OPERATION#flowable-async-job-executor-thread-10370#
Step "Check For Service Binding Operation In Progress" finished#
#2026 09 03 08:20:00.975#Z#DEBUG#3758d499-a770-11f1-be6f-eeee0a871e3d.OPERATION#flowable-async-job-executor-thread-4455#
[CheckServiceBindingOperationStep] Executing task "checkForServiceBindingOperationInProgress" of process "41ed1c6d-a770-11f1-be6f-eeee0a871e3d"...#
#2026 09 03 08:20:00.975#Z#DEBUG#3758d499-a770-11f1-be6f-eeee0a871e3d.OPERATION#flowable-async-job-executor-thread-4455#
[CheckServiceBindingOperationStep] Checking for service binding operation in progress between app "note-for-approval" and service instance "note-for-approval-html5-runtime"#
#2026 09 03 08:20:00.975#Z#DEBUG#3758d499-a770-11f1-be6f-eeee0a871e3d.OPERATION#flowable-async-job-executor-thread-4455#
[CheckServiceBindingOperationStep] Getting application guid "note-for-approval"...#
#2026 09 03 08:20:01.011#Z#DEBUG#3758d499-a770-11f1-be6f-eeee0a871e3d.OPERATION#flowable-async-job-executor-thread-4455#
[CheckServiceBindingOperationStep] Getting GUID of required service instance "note-for-approval-html5-runtime"...#
#2026 09 03 08:20:01.051#Z#DEBUG#3758d499-a770-11f1-be6f-eeee0a871e3d.OPERATION#flowable-async-job-executor-thread-4455#
[CheckServiceBindingOperationStep] Getting binding of service instance "7d72db8e-eb9e-477c-a62a-92e4416d38d2" with application "00415b23-d656-42e4-9089-360c286d1f4f"...#
#2026 09 03 08:20:01.081#Z#DEBUG#3758d499-a770-11f1-be6f-eeee0a871e3d.OPERATION#flowable-async-job-executor-thread-4455#
[CheckServiceBindingOperationStep] Service binding operation "37ae9d32-2325-46a5-acc1-88fcdeb67e47" with type "create" is in state "succeeded"#
#2026 09 03 08:20:01.081#Z#DEBUG#3758d499-a770-11f1-be6f-eeee0a871e3d.OPERATION#flowable-async-job-executor-thread-4455#
Step "Check For Service Binding Operation In Progress" finished#
#2026 09 03 08:20:00.835#Z#DEBUG#3758d499-a770-11f1-be6f-eeee0a871e3d.OPERATION#flowable-async-job-executor-thread-9602#
[DetermineApplicationServiceBindingActionsStep] Executing task "determineApplicationServiceBindingActionsTask" of process "4140afe4-a770-11f1-85ae-eeee0a987031"...#
#2026 09 03 08:20:00.838#Z#DEBUG#3758d499-a770-11f1-be6f-eeee0a871e3d.OPERATION#flowable-async-job-executor-thread-9602#
[DetermineApplicationServiceBindingActionsStep] Determine bind/unbind operations of application "note-for-approval-db-deployer" to service instance "note-for-approval-db"#
#2026 09 03 08:20:00.838#Z#DEBUG#3758d499-a770-11f1-be6f-eeee0a871e3d.OPERATION#flowable-async-job-executor-thread-9602#
[DetermineApplicationServiceBindingActionsStep] Getting application "note-for-approval-db-deployer"...#
#2026 09 03 08:20:00.873#Z#DEBUG#3758d499-a770-11f1-be6f-eeee0a871e3d.OPERATION#flowable-async-job-executor-thread-9602#
[DetermineApplicationServiceBindingActionsStep] Binding parameters for application "note-for-approval-db-deployer": { }#
#2026 09 03 08:20:00.905#Z#DEBUG#3758d499-a770-11f1-be6f-eeee0a871e3d.OPERATION#flowable-async-job-executor-thread-9602#
[DetermineApplicationServiceBindingActionsStep] Check should rebind application "note-for-approval-db-deployer" and service instance "note-for-approval-db"#
#2026 09 03 08:20:00.905#Z#DEBUG#3758d499-a770-11f1-be6f-eeee0a871e3d.OPERATION#flowable-async-job-executor-thread-9602#
[DetermineApplicationServiceBindingActionsStep] Getting GUID of required service instance "note-for-approval-db"...#
#2026 09 03 08:20:00.931#Z#DEBUG#3758d499-a770-11f1-be6f-eeee0a871e3d.OPERATION#flowable-async-job-executor-thread-9602#
[DetermineApplicationServiceBindingActionsStep] Getting binding of service instance "3cda08d7-bd8d-45de-a8e6-41a33d7f1e28" with application "cfa7ca5e-15f8-47db-8f56-b1eb52c10373"...#
#2026 09 03 08:20:00.960#Z#DEBUG#3758d499-a770-11f1-be6f-eeee0a871e3d.OPERATION#flowable-async-job-executor-thread-9602#
[DetermineApplicationServiceBindingActionsStep] Getting parameters of service binding "dda41f67-572f-4037-829d-204e5d11c0ad"...#
#2026 09 03 08:20:01.189#Z#INFO#3758d499-a770-11f1-be6f-eeee0a871e3d.OPERATION#flowable-async-job-executor-thread-9602#
[DetermineApplicationServiceBindingActionsStep] Service instance "note-for-approval-db" will not be rebound to application "note-for-approval-db-deployer" because the binding parameters are not modified#
#2026 09 03 08:20:01.195#Z#DEBUG#3758d499-a770-11f1-be6f-eeee0a871e3d.OPERATION#flowable-async-job-executor-thread-9602#
[DetermineApplicationServiceBindingActionsStep] Calculated binding operations between application "note-for-approval-db-deployer" and service instance "note-for-approval-db": unbind - false bind - false#
#2026 09 03 08:20:01.195#Z#DEBUG#3758d499-a770-11f1-be6f-eeee0a871e3d.OPERATION#flowable-async-job-executor-thread-9602#
Step "Determine Application Service Binding Actions" finished#
#2026 09 03 08:20:01.104#Z#DEBUG#3758d499-a770-11f1-be6f-eeee0a871e3d.OPERATION#flowable-async-job-executor-thread-4456#
[DetermineApplicationServiceBindingActionsStep] Executing task "determineApplicationServiceBindingActionsTask" of process "41ed1c6d-a770-11f1-be6f-eeee0a871e3d"...#
#2026 09 03 08:20:01.105#Z#DEBUG#3758d499-a770-11f1-be6f-eeee0a871e3d.OPERATION#flowable-async-job-executor-thread-4456#
[DetermineApplicationServiceBindingActionsStep] Determine bind/unbind operations of application "note-for-approval" to service instance "note-for-approval-html5-runtime"#
#2026 09 03 08:20:01.105#Z#DEBUG#3758d499-a770-11f1-be6f-eeee0a871e3d.OPERATION#flowable-async-job-executor-thread-4456#
[DetermineApplicationServiceBindingActionsStep] Getting application "note-for-approval"...#
#2026 09 03 08:20:01.138#Z#DEBUG#3758d499-a770-11f1-be6f-eeee0a871e3d.OPERATION#flowable-async-job-executor-thread-4456#
[DetermineApplicationServiceBindingActionsStep] Binding parameters for application "note-for-approval": { }#
#2026 09 03 08:20:01.163#Z#DEBUG#3758d499-a770-11f1-be6f-eeee0a871e3d.OPERATION#flowable-async-job-executor-thread-4456#
[DetermineApplicationServiceBindingActionsStep] Check should rebind application "note-for-approval" and service instance "note-for-approval-html5-runtime"#
#2026 09 03 08:20:01.163#Z#DEBUG#3758d499-a770-11f1-be6f-eeee0a871e3d.OPERATION#flowable-async-job-executor-thread-4456#
[DetermineApplicationServiceBindingActionsStep] Getting GUID of required service instance "note-for-approval-html5-runtime"...#
#2026 09 03 08:20:01.194#Z#DEBUG#3758d499-a770-11f1-be6f-eeee0a871e3d.OPERATION#flowable-async-job-executor-thread-4456#
[DetermineApplicationServiceBindingActionsStep] Getting binding of service instance "7d72db8e-eb9e-477c-a62a-92e4416d38d2" with application "00415b23-d656-42e4-9089-360c286d1f4f"...#
#2026 09 03 08:20:01.230#Z#DEBUG#3758d499-a770-11f1-be6f-eeee0a871e3d.OPERATION#flowable-async-job-executor-thread-4456#
[DetermineApplicationServiceBindingActionsStep] Getting parameters of service binding "37ae9d32-2325-46a5-acc1-88fcdeb67e47"...#
#2026 09 03 08:20:01.260#Z#WARN#3758d499-a770-11f1-be6f-eeee0a871e3d.OPERATION#flowable-async-job-executor-thread-4456#
[DetermineApplicationServiceBindingActionsStep] Cannot retrieve parameters of binding between application "note-for-approval" and service instance "note-for-approval-html5-runtime"#
#2026 09 03 08:20:01.261#Z#DEBUG#3758d499-a770-11f1-be6f-eeee0a871e3d.OPERATION#flowable-async-job-executor-thread-4456#
[DetermineApplicationServiceBindingActionsStep] Calculated binding operations between application "note-for-approval" and service instance "note-for-approval-html5-runtime": unbind - true bind - true#
#2026 09 03 08:20:01.261#Z#DEBUG#3758d499-a770-11f1-be6f-eeee0a871e3d.OPERATION#flowable-async-job-executor-thread-4456#
Step "Determine Application Service Binding Actions" finished#
#2026 09 03 08:20:01.362#Z#DEBUG#3758d499-a770-11f1-be6f-eeee0a871e3d.OPERATION#flowable-async-job-executor-thread-9604#
[DetermineVcapServicesPropertiesChangedStep] Executing task "determineVcapServicesPropertiesChangedTask" of process "4223e40e-a770-11f1-85ae-eeee0a987031"...#
#2026 09 03 08:20:01.365#Z#DEBUG#3758d499-a770-11f1-be6f-eeee0a871e3d.OPERATION#flowable-async-job-executor-thread-9604#
[DetermineVcapServicesPropertiesChangedStep] VCAP_SERVICES properties for application "note-for-approval-db-deployer" changed: false#
#2026 09 03 08:20:01.365#Z#DEBUG#3758d499-a770-11f1-be6f-eeee0a871e3d.OPERATION#flowable-async-job-executor-thread-9604#
Step "Determine vcap services properties changed" finished#
#2026 09 03 08:20:01.040#Z#DEBUG#3758d499-a770-11f1-be6f-eeee0a871e3d.OPERATION#flowable-async-job-executor-thread-10371#
[DetermineApplicationServiceBindingActionsStep] Executing task "determineApplicationServiceBindingActionsTask" of process "41dec4d5-a770-11f1-b5d9-eeee0a807e3c"...#
#2026 09 03 08:20:01.043#Z#DEBUG#3758d499-a770-11f1-be6f-eeee0a871e3d.OPERATION#flowable-async-job-executor-thread-10371#
[DetermineApplicationServiceBindingActionsStep] Determine bind/unbind operations of application "note-for-approval-srv" to service instance "note-for-approval-db"#
#2026 09 03 08:20:01.043#Z#DEBUG#3758d499-a770-11f1-be6f-eeee0a871e3d.OPERATION#flowable-async-job-executor-thread-10371#
[DetermineApplicationServiceBindingActionsStep] Getting application "note-for-approval-srv"...#
#2026 09 03 08:20:01.077#Z#DEBUG#3758d499-a770-11f1-be6f-eeee0a871e3d.OPERATION#flowable-async-job-executor-thread-10371#
[DetermineApplicationServiceBindingActionsStep] Binding parameters for application "note-for-approval-srv": { }#
#2026 09 03 08:20:01.107#Z#DEBUG#3758d499-a770-11f1-be6f-eeee0a871e3d.OPERATION#flowable-async-job-executor-thread-10371#
[DetermineApplicationServiceBindingActionsStep] Check should rebind application "note-for-approval-srv" and service instance "note-for-approval-db"#
#2026 09 03 08:20:01.107#Z#DEBUG#3758d499-a770-11f1-be6f-eeee0a871e3d.OPERATION#flowable-async-job-executor-thread-10371#
[DetermineApplicationServiceBindingActionsStep] Getting GUID of required service instance "note-for-approval-db"...#
#2026 09 03 08:20:01.150#Z#DEBUG#3758d499-a770-11f1-be6f-eeee0a871e3d.OPERATION#flowable-async-job-executor-thread-10371#
[DetermineApplicationServiceBindingActionsStep] Getting binding of service instance "3cda08d7-bd8d-45de-a8e6-41a33d7f1e28" with application "7037cbc0-f596-4751-ad38-f95db4aad153"...#
#2026 09 03 08:20:01.177#Z#DEBUG#3758d499-a770-11f1-be6f-eeee0a871e3d.OPERATION#flowable-async-job-executor-thread-10371#
[DetermineApplicationServiceBindingActionsStep] Getting parameters of service binding "9355b338-c382-4021-8b2e-858df1dafa16"...#
#2026 09 03 08:20:01.421#Z#INFO#3758d499-a770-11f1-be6f-eeee0a871e3d.OPERATION#flowable-async-job-executor-thread-10371#
[DetermineApplicationServiceBindingActionsStep] Service instance "note-for-approval-db" will not be rebound to application "note-for-approval-srv" because the binding parameters are not modified#
#2026 09 03 08:20:01.427#Z#DEBUG#3758d499-a770-11f1-be6f-eeee0a871e3d.OPERATION#flowable-async-job-executor-thread-10371#
[DetermineApplicationServiceBindingActionsStep] Calculated binding operations between application "note-for-approval-srv" and service instance "note-for-approval-db": unbind - false bind - false#
#2026 09 03 08:20:01.427#Z#DEBUG#3758d499-a770-11f1-be6f-eeee0a871e3d.OPERATION#flowable-async-job-executor-thread-10371#
Step "Determine Application Service Binding Actions" finished#
#2026 09 03 08:20:01.287#Z#DEBUG#3758d499-a770-11f1-be6f-eeee0a871e3d.OPERATION#flowable-async-job-executor-thread-4457#
[UnbindServiceFromApplicationStep] Executing task "unbindServiceFromApplicationTask" of process "41ed1c6d-a770-11f1-be6f-eeee0a871e3d"...#
#2026 09 03 08:20:01.289#Z#INFO#3758d499-a770-11f1-be6f-eeee0a871e3d.OPERATION#flowable-async-job-executor-thread-4457#
[UnbindServiceFromApplicationStep] Unbinding service instance "note-for-approval-html5-runtime" from application "note-for-approval"...#
#2026 09 03 08:20:01.293#Z#DEBUG#3758d499-a770-11f1-be6f-eeee0a871e3d.OPERATION#flowable-async-job-executor-thread-4457#
[UnbindServiceFromApplicationStep] Unbinding application "note-for-approval" from service instance "note-for-approval-html5-runtime"...#
#2026 09 03 08:20:01.449#Z#DEBUG#3758d499-a770-11f1-be6f-eeee0a871e3d.OPERATION#flowable-async-job-executor-thread-4457#
Step "Unbind Service from Application" finished#
#2026 09 03 08:20:01.553#Z#DEBUG#3758d499-a770-11f1-be6f-eeee0a871e3d.OPERATION#flowable-async-job-executor-thread-10373#
[DetermineVcapServicesPropertiesChangedStep] Executing task "determineVcapServicesPropertiesChangedTask" of process "4242b6df-a770-11f1-b5d9-eeee0a807e3c"...#
#2026 09 03 08:20:01.555#Z#DEBUG#3758d499-a770-11f1-be6f-eeee0a871e3d.OPERATION#flowable-async-job-executor-thread-10373#
[DetermineVcapServicesPropertiesChangedStep] VCAP_SERVICES properties for application "note-for-approval-srv" changed: false#
#2026 09 03 08:20:01.555#Z#DEBUG#3758d499-a770-11f1-be6f-eeee0a871e3d.OPERATION#flowable-async-job-executor-thread-10373#
Step "Determine vcap services properties changed" finished#
#2026 09 03 08:20:01.421#Z#DEBUG#3758d499-a770-11f1-be6f-eeee0a871e3d.OPERATION#flowable-async-job-executor-thread-9605#
[UploadAppStep] Executing task "uploadAppTask" of process "4223e40e-a770-11f1-85ae-eeee0a987031"...#
#2026 09 03 08:20:01.424#Z#DEBUG#3758d499-a770-11f1-be6f-eeee0a871e3d.OPERATION#flowable-async-job-executor-thread-9605#
[UploadAppStep] Application upload timeout is default one: 3,600 seconds#
#2026 09 03 08:20:01.425#Z#INFO#3758d499-a770-11f1-be6f-eeee0a871e3d.OPERATION#flowable-async-job-executor-thread-9605#
[UploadAppStep] Uploading application "note-for-approval-db-deployer"...#
#2026 09 03 08:20:01.431#Z#DEBUG#3758d499-a770-11f1-be6f-eeee0a871e3d.OPERATION#flowable-async-job-executor-thread-9605#
[UploadAppStep] Getting application "note-for-approval-db-deployer"...#
#2026 09 03 08:20:01.473#Z#DEBUG#3758d499-a770-11f1-be6f-eeee0a871e3d.OPERATION#flowable-async-job-executor-thread-9605#
[UploadAppStep] Getting environment of application "cfa7ca5e-15f8-47db-8f56-b1eb52c10373"...#
#2026 09 03 08:20:01.508#Z#INFO#3758d499-a770-11f1-be6f-eeee0a871e3d.OPERATION#flowable-async-job-executor-thread-9605#
[UploadAppStep] Calculating application digest: "note-for-approval-db-deployer"#
#2026 09 03 08:20:01.678#Z#DEBUG#3758d499-a770-11f1-be6f-eeee0a871e3d.OPERATION#flowable-async-job-executor-thread-9605#
Step "Upload App" finished#
#2026 09 03 08:20:01.588#Z#DEBUG#3758d499-a770-11f1-be6f-eeee0a871e3d.OPERATION#flowable-async-job-executor-thread-10374#
[UploadAppStep] Executing task "uploadAppTask" of process "4242b6df-a770-11f1-b5d9-eeee0a807e3c"...#
#2026 09 03 08:20:01.591#Z#DEBUG#3758d499-a770-11f1-be6f-eeee0a871e3d.OPERATION#flowable-async-job-executor-thread-10374#
[UploadAppStep] Application upload timeout is default one: 3,600 seconds#
#2026 09 03 08:20:01.591#Z#INFO#3758d499-a770-11f1-be6f-eeee0a871e3d.OPERATION#flowable-async-job-executor-thread-10374#
[UploadAppStep] Uploading application "note-for-approval-srv"...#
#2026 09 03 08:20:01.597#Z#DEBUG#3758d499-a770-11f1-be6f-eeee0a871e3d.OPERATION#flowable-async-job-executor-thread-10374#
[UploadAppStep] Getting application "note-for-approval-srv"...#
#2026 09 03 08:20:01.630#Z#DEBUG#3758d499-a770-11f1-be6f-eeee0a871e3d.OPERATION#flowable-async-job-executor-thread-10374#
[UploadAppStep] Getting environment of application "7037cbc0-f596-4751-ad38-f95db4aad153"...#
#2026 09 03 08:20:01.687#Z#INFO#3758d499-a770-11f1-be6f-eeee0a871e3d.OPERATION#flowable-async-job-executor-thread-10374#
[UploadAppStep] Calculating application digest: "note-for-approval-srv"#
#2026 09 03 08:20:01.946#Z#DEBUG#3758d499-a770-11f1-be6f-eeee0a871e3d.OPERATION#flowable-async-job-executor-thread-10374#
Step "Upload App" finished#
#2026 09 03 08:20:06.345#Z#DEBUG#3758d499-a770-11f1-be6f-eeee0a871e3d.OPERATION#flowable-async-job-executor-thread-6953#
[StartContentDeployStep] Executing task "startContentDeployTask" of process "3fc385d5-a770-11f1-b5d9-eeee0a807e3c"...#
#2026 09 03 08:20:06.347#Z#DEBUG#3758d499-a770-11f1-be6f-eeee0a871e3d.OPERATION#flowable-async-job-executor-thread-6953#
[StartContentDeployStep] Checking status of module content deployment "note-for-approval-app-content" in service "note-for-approval-repo-host"...#
#2026 09 03 08:20:06.890#Z#DEBUG#3758d499-a770-11f1-be6f-eeee0a871e3d.OPERATION#flowable-async-job-executor-thread-6953#
[StartContentDeployStep] Deleting content deployment resource "a3a2305e-60ed-4e45-8fbe-129285533d38"...#
#2026 09 03 08:20:06.933#Z#DEBUG#3758d499-a770-11f1-be6f-eeee0a871e3d.OPERATION#flowable-async-job-executor-thread-6953#
Step "Start Content Deploy" finished#
#2026 09 03 08:20:16.417#Z#DEBUG#3758d499-a770-11f1-be6f-eeee0a871e3d.OPERATION#flowable-async-job-executor-thread-4483#
[UnbindServiceFromApplicationStep] Executing task "unbindServiceFromApplicationTask" of process "41ed1c6d-a770-11f1-be6f-eeee0a871e3d"...#
#2026 09 03 08:20:16.420#Z#DEBUG#3758d499-a770-11f1-be6f-eeee0a871e3d.OPERATION#flowable-async-job-executor-thread-4483#
[UnbindServiceFromApplicationStep] Getting async job "ab05d503-5a99-462b-9590-ca0069c738f5"#
#2026 09 03 08:20:16.448#Z#DEBUG#3758d499-a770-11f1-be6f-eeee0a871e3d.OPERATION#flowable-async-job-executor-thread-4483#
[UnbindServiceFromApplicationStep] Getting service instance "note-for-approval-html5-runtime"...#
#2026 09 03 08:20:16.551#Z#DEBUG#3758d499-a770-11f1-be6f-eeee0a871e3d.OPERATION#flowable-async-job-executor-thread-4483#
[UnbindServiceFromApplicationStep] Async service binding operation with id "ab05d503-5a99-462b-9590-ca0069c738f5" finished#
#2026 09 03 08:20:16.554#Z#DEBUG#3758d499-a770-11f1-be6f-eeee0a871e3d.OPERATION#flowable-async-job-executor-thread-4483#
Step "Unbind Service from Application" finished#
#2026 09 03 08:20:16.591#Z#DEBUG#3758d499-a770-11f1-be6f-eeee0a871e3d.OPERATION#flowable-async-job-executor-thread-4493#
[BindServiceToApplicationStep] Executing task "bindServiceToApplicationTask" of process "41ed1c6d-a770-11f1-be6f-eeee0a871e3d"...#
#2026 09 03 08:20:16.593#Z#INFO#3758d499-a770-11f1-be6f-eeee0a871e3d.OPERATION#flowable-async-job-executor-thread-4493#
[BindServiceToApplicationStep] Binding service instance "note-for-approval-html5-runtime" to application "note-for-approval"...#
#2026 09 03 08:20:16.599#Z#DEBUG#3758d499-a770-11f1-be6f-eeee0a871e3d.OPERATION#flowable-async-job-executor-thread-4493#
[BindServiceToApplicationStep] Binding service instance "note-for-approval-html5-runtime" to application "note-for-approval" with parameters: { }#
#2026 09 03 08:20:16.715#Z#DEBUG#3758d499-a770-11f1-be6f-eeee0a871e3d.OPERATION#flowable-async-job-executor-thread-4493#
Step "Bind Service to Application" finished#
#2026 09 03 08:20:16.394#Z#DEBUG#3758d499-a770-11f1-be6f-eeee0a871e3d.OPERATION#flowable-async-job-executor-thread-4477#
[UploadAppStep] Executing task "uploadAppTask" of process "4223e40e-a770-11f1-85ae-eeee0a987031"...#
#2026 09 03 08:20:16.397#Z#DEBUG#3758d499-a770-11f1-be6f-eeee0a871e3d.OPERATION#flowable-async-job-executor-thread-4477#
[UploadAppStep] Application upload timeout is default one: 3,600 seconds#
#2026 09 03 08:20:16.399#Z#DEBUG#3758d499-a770-11f1-be6f-eeee0a871e3d.OPERATION#pool-14-thread-2#
[UploadAppStep] Upload of application: note-for-approval-db-deployer started on instance: 2#
#2026 09 03 08:20:16.399#Z#DEBUG#3758d499-a770-11f1-be6f-eeee0a871e3d.OPERATION#pool-14-thread-2#
[UploadAppStep] Uploading file "note-for-approval-db-deployer/data.zip" for application "note-for-approval-db-deployer"#
#2026 09 03 08:20:16.418#Z#DEBUG#3758d499-a770-11f1-be6f-eeee0a871e3d.OPERATION#flowable-async-job-executor-thread-4485#
[UploadAppStep] Executing task "uploadAppTask" of process "4242b6df-a770-11f1-b5d9-eeee0a807e3c"...#
#2026 09 03 08:20:16.420#Z#DEBUG#3758d499-a770-11f1-be6f-eeee0a871e3d.OPERATION#flowable-async-job-executor-thread-4485#
[UploadAppStep] Application upload timeout is default one: 3,600 seconds#
#2026 09 03 08:20:16.421#Z#DEBUG#3758d499-a770-11f1-be6f-eeee0a871e3d.OPERATION#pool-14-thread-6#
[UploadAppStep] Upload of application: note-for-approval-srv started on instance: 2#
#2026 09 03 08:20:16.421#Z#DEBUG#3758d499-a770-11f1-be6f-eeee0a871e3d.OPERATION#pool-14-thread-6#
[UploadAppStep] Uploading file "note-for-approval-srv/data.zip" for application "note-for-approval-srv"#
#2026 09 03 08:20:16.468#Z#INFO#3758d499-a770-11f1-be6f-eeee0a871e3d.OPERATION#pool-14-thread-2#
[UploadAppStep] Time elapsed for app binary download: 69 in millis#
#2026 09 03 08:20:16.468#Z#INFO#3758d499-a770-11f1-be6f-eeee0a871e3d.OPERATION#pool-14-thread-2#
[UploadAppStep] Size of app note-for-approval-db-deployer is 2,455,089 bytes#
#2026 09 03 08:20:16.468#Z#DEBUG#3758d499-a770-11f1-be6f-eeee0a871e3d.OPERATION#pool-14-thread-2#
[UploadAppStep] Asynchronously uploading binaries for application "note-for-approval-db-deployer"...#
#2026 09 03 08:20:16.680#Z#INFO#3758d499-a770-11f1-be6f-eeee0a871e3d.OPERATION#pool-14-thread-6#
[UploadAppStep] Time elapsed for app binary download: 258 in millis#
#2026 09 03 08:20:16.680#Z#INFO#3758d499-a770-11f1-be6f-eeee0a871e3d.OPERATION#pool-14-thread-6#
[UploadAppStep] Size of app note-for-approval-srv is 26,070,142 bytes#
#2026 09 03 08:20:16.680#Z#DEBUG#3758d499-a770-11f1-be6f-eeee0a871e3d.OPERATION#pool-14-thread-6#
[UploadAppStep] Asynchronously uploading binaries for application "note-for-approval-srv"...#
#2026 09 03 08:20:16.690#Z#INFO#3758d499-a770-11f1-be6f-eeee0a871e3d.OPERATION#pool-14-thread-2#
[UploadAppStep] Started async upload of application "note-for-approval-db-deployer"#
#2026 09 03 08:20:16.695#Z#INFO#3758d499-a770-11f1-be6f-eeee0a871e3d.OPERATION#flowable-async-job-executor-thread-4477#
[UploadAppStep] Time elapsed for upload: 298 in millis#
#2026 09 03 08:20:16.696#Z#DEBUG#3758d499-a770-11f1-be6f-eeee0a871e3d.OPERATION#flowable-async-job-executor-thread-4477#
[UploadAppStep] Getting application "note-for-approval-db-deployer"...#
#2026 09 03 08:20:16.715#Z#DEBUG#3758d499-a770-11f1-be6f-eeee0a871e3d.OPERATION#App upload monitor: 377ba3e4-bc82-4f15-8275-9e59c71173a1#
[UploadAppStep] Upload status: PROCESSING_UPLOAD#
#2026 09 03 08:20:16.729#Z#DEBUG#3758d499-a770-11f1-be6f-eeee0a871e3d.OPERATION#flowable-async-job-executor-thread-4477#
[UploadAppStep] Getting environment of application "cfa7ca5e-15f8-47db-8f56-b1eb52c10373"...#
#2026 09 03 08:20:16.768#Z#DEBUG#3758d499-a770-11f1-be6f-eeee0a871e3d.OPERATION#flowable-async-job-executor-thread-4477#
[UploadAppStep] Updating environment of application "note-for-approval-db-deployer"#
#2026 09 03 08:20:16.852#Z#DEBUG#3758d499-a770-11f1-be6f-eeee0a871e3d.OPERATION#flowable-async-job-executor-thread-4477#
Step "Upload App" finished#
#2026 09 03 08:20:17.057#Z#INFO#3758d499-a770-11f1-be6f-eeee0a871e3d.OPERATION#pool-14-thread-6#
[UploadAppStep] Started async upload of application "note-for-approval-srv"#
#2026 09 03 08:20:17.061#Z#INFO#3758d499-a770-11f1-be6f-eeee0a871e3d.OPERATION#flowable-async-job-executor-thread-4485#
[UploadAppStep] Time elapsed for upload: 641 in millis#
#2026 09 03 08:20:17.061#Z#DEBUG#3758d499-a770-11f1-be6f-eeee0a871e3d.OPERATION#flowable-async-job-executor-thread-4485#
[UploadAppStep] Getting application "note-for-approval-srv"...#
#2026 09 03 08:20:17.090#Z#DEBUG#3758d499-a770-11f1-be6f-eeee0a871e3d.OPERATION#App upload monitor: 74c943d8-4f21-403a-8af4-9a95ea98a592#
[UploadAppStep] Upload status: PROCESSING_UPLOAD#
#2026 09 03 08:20:17.091#Z#DEBUG#3758d499-a770-11f1-be6f-eeee0a871e3d.OPERATION#flowable-async-job-executor-thread-4485#
[UploadAppStep] Getting environment of application "7037cbc0-f596-4751-ad38-f95db4aad153"...#
#2026 09 03 08:20:17.125#Z#DEBUG#3758d499-a770-11f1-be6f-eeee0a871e3d.OPERATION#flowable-async-job-executor-thread-4485#
[UploadAppStep] Updating environment of application "note-for-approval-srv"#
#2026 09 03 08:20:17.205#Z#DEBUG#3758d499-a770-11f1-be6f-eeee0a871e3d.OPERATION#flowable-async-job-executor-thread-4485#
Step "Upload App" finished#
#2026 09 03 08:20:22.115#Z#DEBUG#3758d499-a770-11f1-be6f-eeee0a871e3d.OPERATION#App upload monitor: 74c943d8-4f21-403a-8af4-9a95ea98a592#
[UploadAppStep] Upload status: PROCESSING_UPLOAD#
#2026 09 03 08:20:26.460#Z#DEBUG#3758d499-a770-11f1-be6f-eeee0a871e3d.OPERATION#flowable-async-job-executor-thread-4520#
[UploadAppStep] Executing task "uploadAppTask" of process "4223e40e-a770-11f1-85ae-eeee0a987031"...#
#2026 09 03 08:20:26.462#Z#DEBUG#3758d499-a770-11f1-be6f-eeee0a871e3d.OPERATION#flowable-async-job-executor-thread-4520#
[UploadAppStep] Application upload timeout is default one: 3,600 seconds#
#2026 09 03 08:20:26.462#Z#DEBUG#3758d499-a770-11f1-be6f-eeee0a871e3d.OPERATION#flowable-async-job-executor-thread-4520#
[UploadAppStep] Checking upload status of application "note-for-approval-db-deployer"...#
#2026 09 03 08:20:26.463#Z#DEBUG#3758d499-a770-11f1-be6f-eeee0a871e3d.OPERATION#flowable-async-job-executor-thread-4520#
[UploadAppStep] Getting package "377ba3e4-bc82-4f15-8275-9e59c71173a1"...#
#2026 09 03 08:20:26.491#Z#DEBUG#3758d499-a770-11f1-be6f-eeee0a871e3d.OPERATION#flowable-async-job-executor-thread-4520#
[UploadAppStep] Application "note-for-approval-db-deployer" uploaded#
#2026 09 03 08:20:26.491#Z#DEBUG#3758d499-a770-11f1-be6f-eeee0a871e3d.OPERATION#flowable-async-job-executor-thread-4520#
Step "Upload App" finished#
#2026 09 03 08:20:26.462#Z#DEBUG#3758d499-a770-11f1-be6f-eeee0a871e3d.OPERATION#flowable-async-job-executor-thread-6969#
[UploadAppStep] Executing task "uploadAppTask" of process "4242b6df-a770-11f1-b5d9-eeee0a807e3c"...#
#2026 09 03 08:20:26.464#Z#DEBUG#3758d499-a770-11f1-be6f-eeee0a871e3d.OPERATION#flowable-async-job-executor-thread-6969#
[UploadAppStep] Application upload timeout is default one: 3,600 seconds#
#2026 09 03 08:20:26.464#Z#DEBUG#3758d499-a770-11f1-be6f-eeee0a871e3d.OPERATION#flowable-async-job-executor-thread-6969#
[UploadAppStep] Checking upload status of application "note-for-approval-srv"...#
#2026 09 03 08:20:26.465#Z#DEBUG#3758d499-a770-11f1-be6f-eeee0a871e3d.OPERATION#flowable-async-job-executor-thread-6969#
[UploadAppStep] Getting package "74c943d8-4f21-403a-8af4-9a95ea98a592"...#
#2026 09 03 08:20:26.496#Z#DEBUG#3758d499-a770-11f1-be6f-eeee0a871e3d.OPERATION#flowable-async-job-executor-thread-6969#
Step "Upload App" finished#
#2026 09 03 08:20:26.442#Z#DEBUG#3758d499-a770-11f1-be6f-eeee0a871e3d.OPERATION#flowable-async-job-executor-thread-4516#
[BindServiceToApplicationStep] Executing task "bindServiceToApplicationTask" of process "41ed1c6d-a770-11f1-be6f-eeee0a871e3d"...#
#2026 09 03 08:20:26.443#Z#DEBUG#3758d499-a770-11f1-be6f-eeee0a871e3d.OPERATION#flowable-async-job-executor-thread-4516#
[BindServiceToApplicationStep] Getting async job "735d8df5-8d10-41f1-9bb3-bef60f8d7070"#
#2026 09 03 08:20:26.461#Z#DEBUG#3758d499-a770-11f1-be6f-eeee0a871e3d.OPERATION#flowable-async-job-executor-thread-4516#
[BindServiceToApplicationStep] Getting service instance "note-for-approval-html5-runtime"...#
#2026 09 03 08:20:26.565#Z#DEBUG#3758d499-a770-11f1-be6f-eeee0a871e3d.OPERATION#flowable-async-job-executor-thread-4516#
[BindServiceToApplicationStep] Async service binding operation with id "735d8df5-8d10-41f1-9bb3-bef60f8d7070" finished#
#2026 09 03 08:20:26.566#Z#DEBUG#3758d499-a770-11f1-be6f-eeee0a871e3d.OPERATION#flowable-async-job-executor-thread-4516#
Step "Bind Service to Application" finished#
#2026 09 03 08:20:26.517#Z#DEBUG#3758d499-a770-11f1-be6f-eeee0a871e3d.OPERATION#flowable-async-job-executor-thread-4522#
[ScaleAppStep] Executing task "scaleAppTask" of process "4223e40e-a770-11f1-85ae-eeee0a987031"...#
#2026 09 03 08:20:26.519#Z#DEBUG#3758d499-a770-11f1-be6f-eeee0a871e3d.OPERATION#flowable-async-job-executor-thread-4522#
[ScaleAppStep] Scaling application "note-for-approval-db-deployer"...#
#2026 09 03 08:20:26.519#Z#DEBUG#3758d499-a770-11f1-be6f-eeee0a871e3d.OPERATION#flowable-async-job-executor-thread-4522#
[ScaleAppStep] Getting application guid "note-for-approval-db-deployer"...#
#2026 09 03 08:20:26.549#Z#DEBUG#3758d499-a770-11f1-be6f-eeee0a871e3d.OPERATION#flowable-async-job-executor-thread-4522#
[ScaleAppStep] Getting process for application "cfa7ca5e-15f8-47db-8f56-b1eb52c10373"...#
#2026 09 03 08:20:26.583#Z#DEBUG#3758d499-a770-11f1-be6f-eeee0a871e3d.OPERATION#flowable-async-job-executor-thread-4522#
[ScaleAppStep] Application "note-for-approval-db-deployer" scaled#
#2026 09 03 08:20:26.583#Z#DEBUG#3758d499-a770-11f1-be6f-eeee0a871e3d.OPERATION#flowable-async-job-executor-thread-4522#
Step "Scale App" finished#
#2026 09 03 08:20:26.668#Z#DEBUG#3758d499-a770-11f1-be6f-eeee0a871e3d.OPERATION#flowable-async-job-executor-thread-4525#
[DetermineVcapServicesPropertiesChangedStep] Executing task "determineVcapServicesPropertiesChangedTask" of process "513bb87f-a770-11f1-be6f-eeee0a871e3d"...#
#2026 09 03 08:20:26.670#Z#DEBUG#3758d499-a770-11f1-be6f-eeee0a871e3d.OPERATION#flowable-async-job-executor-thread-4525#
[DetermineVcapServicesPropertiesChangedStep] VCAP_SERVICES properties for application "note-for-approval" changed: true#
#2026 09 03 08:20:26.670#Z#DEBUG#3758d499-a770-11f1-be6f-eeee0a871e3d.OPERATION#flowable-async-job-executor-thread-4525#
Step "Determine vcap services properties changed" finished#
#2026 09 03 08:20:26.606#Z#DEBUG#3758d499-a770-11f1-be6f-eeee0a871e3d.OPERATION#flowable-async-job-executor-thread-4524#
[DetermineDesiredStateAchievingActionsStep] Executing task "determineDesiredStateAchievingActionsTask" of process "4223e40e-a770-11f1-85ae-eeee0a987031"...#
#2026 09 03 08:20:26.607#Z#DEBUG#3758d499-a770-11f1-be6f-eeee0a871e3d.OPERATION#flowable-async-job-executor-thread-4524#
[DetermineDesiredStateAchievingActionsStep] Getting application "note-for-approval-db-deployer"...#
#2026 09 03 08:20:26.638#Z#DEBUG#3758d499-a770-11f1-be6f-eeee0a871e3d.OPERATION#flowable-async-job-executor-thread-4524#
[DetermineDesiredStateAchievingActionsStep] Getting instances for application "note-for-approval-db-deployer"...#
#2026 09 03 08:20:26.638#Z#DEBUG#3758d499-a770-11f1-be6f-eeee0a871e3d.OPERATION#flowable-async-job-executor-thread-4524#
[DetermineDesiredStateAchievingActionsStep] Getting environment of application "cfa7ca5e-15f8-47db-8f56-b1eb52c10373"...#
#2026 09 03 08:20:26.674#Z#DEBUG#3758d499-a770-11f1-be6f-eeee0a871e3d.OPERATION#flowable-async-job-executor-thread-4524#
[DetermineDesiredStateAchievingActionsStep] Current state of application note-for-approval-db-deployer: STOPPED#
#2026 09 03 08:20:26.674#Z#DEBUG#3758d499-a770-11f1-be6f-eeee0a871e3d.OPERATION#flowable-async-job-executor-thread-4524#
[DetermineDesiredStateAchievingActionsStep] Desired state of application note-for-approval-db-deployer: STOPPED#
#2026 09 03 08:20:26.674#Z#DEBUG#3758d499-a770-11f1-be6f-eeee0a871e3d.OPERATION#flowable-async-job-executor-thread-4524#
[DetermineDesiredStateAchievingActionsStep] Actions that should be executed on application note-for-approval-db-deployer: [STAGE]#
#2026 09 03 08:20:26.674#Z#DEBUG#3758d499-a770-11f1-be6f-eeee0a871e3d.OPERATION#flowable-async-job-executor-thread-4524#
Step "Determine Desired State Achieving Actions" finished#
#2026 09 03 08:20:26.697#Z#DEBUG#3758d499-a770-11f1-be6f-eeee0a871e3d.OPERATION#flowable-async-job-executor-thread-4528#
[UploadAppStep] Executing task "uploadAppTask" of process "513bb87f-a770-11f1-be6f-eeee0a871e3d"...#
#2026 09 03 08:20:26.699#Z#DEBUG#3758d499-a770-11f1-be6f-eeee0a871e3d.OPERATION#flowable-async-job-executor-thread-4528#
[UploadAppStep] Application upload timeout is default one: 3,600 seconds#
#2026 09 03 08:20:26.700#Z#INFO#3758d499-a770-11f1-be6f-eeee0a871e3d.OPERATION#flowable-async-job-executor-thread-4528#
[UploadAppStep] Uploading application "note-for-approval"...#
#2026 09 03 08:20:26.704#Z#DEBUG#3758d499-a770-11f1-be6f-eeee0a871e3d.OPERATION#flowable-async-job-executor-thread-4528#
[UploadAppStep] Getting application "note-for-approval"...#
#2026 09 03 08:20:26.737#Z#DEBUG#3758d499-a770-11f1-be6f-eeee0a871e3d.OPERATION#flowable-async-job-executor-thread-4528#
[UploadAppStep] Getting environment of application "00415b23-d656-42e4-9089-360c286d1f4f"...#
#2026 09 03 08:20:26.778#Z#INFO#3758d499-a770-11f1-be6f-eeee0a871e3d.OPERATION#flowable-async-job-executor-thread-4528#
[UploadAppStep] Calculating application digest: "note-for-approval"#
#2026 09 03 08:20:26.825#Z#DEBUG#3758d499-a770-11f1-be6f-eeee0a871e3d.OPERATION#flowable-async-job-executor-thread-4528#
[UploadAppStep] Getting packages for application: "00415b23-d656-42e4-9089-360c286d1f4f"#
#2026 09 03 08:20:26.852#Z#DEBUG#3758d499-a770-11f1-be6f-eeee0a871e3d.OPERATION#flowable-async-job-executor-thread-4528#
[UploadAppStep] Getting the current droplet for application: "00415b23-d656-42e4-9089-360c286d1f4f"#
#2026 09 03 08:20:26.884#Z#DEBUG#3758d499-a770-11f1-be6f-eeee0a871e3d.OPERATION#flowable-async-job-executor-thread-4528#
[UploadAppStep] Getting package by id: "5b8384b1-43aa-4137-9154-e5a380a5f9a3"#
#2026 09 03 08:20:26.910#Z#DEBUG#3758d499-a770-11f1-be6f-eeee0a871e3d.OPERATION#flowable-async-job-executor-thread-4528#
[UploadAppStep] Getting builds for application "00415b23-d656-42e4-9089-360c286d1f4f"...#
#2026 09 03 08:20:26.946#Z#DEBUG#3758d499-a770-11f1-be6f-eeee0a871e3d.OPERATION#flowable-async-job-executor-thread-4528#
[UploadAppStep] Getting the current droplet for application: "00415b23-d656-42e4-9089-360c286d1f4f"#
#2026 09 03 08:20:26.985#Z#INFO#3758d499-a770-11f1-be6f-eeee0a871e3d.OPERATION#flowable-async-job-executor-thread-4528#
[UploadAppStep] Content of application "note-for-approval" is not changed - upload will be skipped.#
#2026 09 03 08:20:26.999#Z#DEBUG#3758d499-a770-11f1-be6f-eeee0a871e3d.OPERATION#flowable-async-job-executor-thread-4528#
Step "Upload App" finished#
#2026 09 03 08:20:27.031#Z#DEBUG#3758d499-a770-11f1-be6f-eeee0a871e3d.OPERATION#flowable-async-job-executor-thread-4530#
[ScaleAppStep] Executing task "scaleAppTask" of process "513bb87f-a770-11f1-be6f-eeee0a871e3d"...#
#2026 09 03 08:20:27.034#Z#DEBUG#3758d499-a770-11f1-be6f-eeee0a871e3d.OPERATION#flowable-async-job-executor-thread-4530#
[ScaleAppStep] Scaling application "note-for-approval"...#
#2026 09 03 08:20:27.034#Z#DEBUG#3758d499-a770-11f1-be6f-eeee0a871e3d.OPERATION#flowable-async-job-executor-thread-4530#
[ScaleAppStep] Getting application guid "note-for-approval"...#
#2026 09 03 08:20:27.061#Z#DEBUG#3758d499-a770-11f1-be6f-eeee0a871e3d.OPERATION#flowable-async-job-executor-thread-4530#
[ScaleAppStep] Getting process for application "00415b23-d656-42e4-9089-360c286d1f4f"...#
#2026 09 03 08:20:27.094#Z#DEBUG#3758d499-a770-11f1-be6f-eeee0a871e3d.OPERATION#flowable-async-job-executor-thread-4530#
[ScaleAppStep] Application "note-for-approval" scaled#
#2026 09 03 08:20:27.094#Z#DEBUG#3758d499-a770-11f1-be6f-eeee0a871e3d.OPERATION#flowable-async-job-executor-thread-4530#
Step "Scale App" finished#
#2026 09 03 08:20:26.699#Z#DEBUG#3758d499-a770-11f1-be6f-eeee0a871e3d.OPERATION#flowable-async-job-executor-thread-4529#
[StageAppStep] Executing task "stageAppTask" of process "4223e40e-a770-11f1-85ae-eeee0a987031"...#
#2026 09 03 08:20:26.701#Z#DEBUG#3758d499-a770-11f1-be6f-eeee0a871e3d.OPERATION#flowable-async-job-executor-thread-4529#
[StageAppStep] Application stage timeout is default one: 3,600 seconds#
#2026 09 03 08:20:26.702#Z#INFO#3758d499-a770-11f1-be6f-eeee0a871e3d.OPERATION#flowable-async-job-executor-thread-4529#
[StageAppStep] Staging application "note-for-approval-db-deployer"...#
#2026 09 03 08:20:26.706#Z#DEBUG#3758d499-a770-11f1-be6f-eeee0a871e3d.OPERATION#flowable-async-job-executor-thread-4529#
[StageAppStep] Creating build for package "377ba3e4-bc82-4f15-8275-9e59c71173a1"...#
#2026 09 03 08:20:27.098#Z#DEBUG#3758d499-a770-11f1-be6f-eeee0a871e3d.OPERATION#flowable-async-job-executor-thread-4529#
Step "Stage App" finished#
#2026 09 03 08:20:27.119#Z#DEBUG#3758d499-a770-11f1-be6f-eeee0a871e3d.OPERATION#flowable-async-job-executor-thread-4531#
[DetermineDesiredStateAchievingActionsStep] Executing task "determineDesiredStateAchievingActionsTask" of process "513bb87f-a770-11f1-be6f-eeee0a871e3d"...#
#2026 09 03 08:20:27.121#Z#DEBUG#3758d499-a770-11f1-be6f-eeee0a871e3d.OPERATION#flowable-async-job-executor-thread-4531#
[DetermineDesiredStateAchievingActionsStep] Getting application "note-for-approval"...#
#2026 09 03 08:20:27.157#Z#DEBUG#3758d499-a770-11f1-be6f-eeee0a871e3d.OPERATION#flowable-async-job-executor-thread-4531#
[DetermineDesiredStateAchievingActionsStep] Getting instances for application "note-for-approval"...#
#2026 09 03 08:20:27.206#Z#DEBUG#3758d499-a770-11f1-be6f-eeee0a871e3d.OPERATION#flowable-async-job-executor-thread-4531#
[DetermineDesiredStateAchievingActionsStep] Getting environment of application "00415b23-d656-42e4-9089-360c286d1f4f"...#
#2026 09 03 08:20:27.244#Z#DEBUG#3758d499-a770-11f1-be6f-eeee0a871e3d.OPERATION#flowable-async-job-executor-thread-4531#
[DetermineDesiredStateAchievingActionsStep] Current state of application note-for-approval: STARTED#
#2026 09 03 08:20:27.244#Z#DEBUG#3758d499-a770-11f1-be6f-eeee0a871e3d.OPERATION#flowable-async-job-executor-thread-4531#
[DetermineDesiredStateAchievingActionsStep] Desired state of application note-for-approval: STARTED#
#2026 09 03 08:20:27.244#Z#DEBUG#3758d499-a770-11f1-be6f-eeee0a871e3d.OPERATION#flowable-async-job-executor-thread-4531#
[DetermineDesiredStateAchievingActionsStep] Actions that should be executed on application note-for-approval: [STOP, STAGE, START]#
#2026 09 03 08:20:27.244#Z#DEBUG#3758d499-a770-11f1-be6f-eeee0a871e3d.OPERATION#flowable-async-job-executor-thread-4531#
Step "Determine Desired State Achieving Actions" finished#
#2026 09 03 08:20:27.272#Z#DEBUG#3758d499-a770-11f1-be6f-eeee0a871e3d.OPERATION#flowable-async-job-executor-thread-4532#
[StopAppStep] Executing task "stopAppTask" of process "513bb87f-a770-11f1-be6f-eeee0a871e3d"...#
#2026 09 03 08:20:27.274#Z#INFO#3758d499-a770-11f1-be6f-eeee0a871e3d.OPERATION#flowable-async-job-executor-thread-4532#
[StopAppStep] Stopping application "note-for-approval"...#
#2026 09 03 08:20:27.279#Z#DEBUG#3758d499-a770-11f1-be6f-eeee0a871e3d.OPERATION#flowable-async-job-executor-thread-4532#
[StopAppStep] Stopping application "note-for-approval"...#
#2026 09 03 08:20:27.447#Z#DEBUG#3758d499-a770-11f1-be6f-eeee0a871e3d.OPERATION#flowable-async-job-executor-thread-4532#
[StopAppStep] Application "note-for-approval" stopped#
#2026 09 03 08:20:27.447#Z#DEBUG#3758d499-a770-11f1-be6f-eeee0a871e3d.OPERATION#flowable-async-job-executor-thread-4532#
[StopAppStep] Getting environment of application "00415b23-d656-42e4-9089-360c286d1f4f"...#
#2026 09 03 08:20:27.471#Z#DEBUG#3758d499-a770-11f1-be6f-eeee0a871e3d.OPERATION#flowable-async-job-executor-thread-4532#
Step "Stop App" finished#
#2026 09 03 08:20:27.503#Z#DEBUG#3758d499-a770-11f1-be6f-eeee0a871e3d.OPERATION#flowable-async-job-executor-thread-4533#
[StageAppStep] Executing task "stageAppTask" of process "51bd6c0f-a770-11f1-be6f-eeee0a871e3d"...#
#2026 09 03 08:20:27.504#Z#DEBUG#3758d499-a770-11f1-be6f-eeee0a871e3d.OPERATION#flowable-async-job-executor-thread-4533#
[StageAppStep] Application stage timeout is default one: 3,600 seconds#
#2026 09 03 08:20:27.506#Z#DEBUG#3758d499-a770-11f1-be6f-eeee0a871e3d.OPERATION#flowable-async-job-executor-thread-4533#
Step "Stage App" finished#
#2026 09 03 08:20:27.532#Z#DEBUG#3758d499-a770-11f1-be6f-eeee0a871e3d.OPERATION#flowable-async-job-executor-thread-4534#
[RestartAppStep] Executing task "startAppTask" of process "51bd6c0f-a770-11f1-be6f-eeee0a871e3d"...#
#2026 09 03 08:20:27.536#Z#DEBUG#3758d499-a770-11f1-be6f-eeee0a871e3d.OPERATION#flowable-async-job-executor-thread-4534#
[RestartAppStep] Application start timeout is default one: 3,600 seconds#
#2026 09 03 08:20:27.542#Z#DEBUG#3758d499-a770-11f1-be6f-eeee0a871e3d.OPERATION#flowable-async-job-executor-thread-4534#
[RestartAppStep] Getting application "note-for-approval"...#
#2026 09 03 08:20:27.573#Z#INFO#3758d499-a770-11f1-be6f-eeee0a871e3d.OPERATION#flowable-async-job-executor-thread-4534#
[RestartAppStep] Starting application "note-for-approval"...#
#2026 09 03 08:20:27.577#Z#DEBUG#3758d499-a770-11f1-be6f-eeee0a871e3d.OPERATION#flowable-async-job-executor-thread-4534#
[RestartAppStep] Starting application "note-for-approval"...#
#2026 09 03 08:20:27.804#Z#DEBUG#3758d499-a770-11f1-be6f-eeee0a871e3d.OPERATION#flowable-async-job-executor-thread-4534#
Step "Start App" finished#
#2026 09 03 08:20:27.157#Z#DEBUG#3758d499-a770-11f1-be6f-eeee0a871e3d.OPERATION#App upload monitor: 74c943d8-4f21-403a-8af4-9a95ea98a592#
[UploadAppStep] Upload status: PROCESSING_UPLOAD#
#2026 09 03 08:20:32.184#Z#DEBUG#3758d499-a770-11f1-be6f-eeee0a871e3d.OPERATION#App upload monitor: 74c943d8-4f21-403a-8af4-9a95ea98a592#
[UploadAppStep] Upload status: PROCESSING_UPLOAD#
#2026 09 03 08:20:36.518#Z#DEBUG#3758d499-a770-11f1-be6f-eeee0a871e3d.OPERATION#flowable-async-job-executor-thread-4550#
[UploadAppStep] Executing task "uploadAppTask" of process "4242b6df-a770-11f1-b5d9-eeee0a807e3c"...#
#2026 09 03 08:20:36.520#Z#DEBUG#3758d499-a770-11f1-be6f-eeee0a871e3d.OPERATION#flowable-async-job-executor-thread-4550#
[UploadAppStep] Application upload timeout is default one: 3,600 seconds#
#2026 09 03 08:20:36.520#Z#DEBUG#3758d499-a770-11f1-be6f-eeee0a871e3d.OPERATION#flowable-async-job-executor-thread-4550#
[UploadAppStep] Checking upload status of application "note-for-approval-srv"...#
#2026 09 03 08:20:36.521#Z#DEBUG#3758d499-a770-11f1-be6f-eeee0a871e3d.OPERATION#flowable-async-job-executor-thread-4550#
[UploadAppStep] Getting package "74c943d8-4f21-403a-8af4-9a95ea98a592"...#
#2026 09 03 08:20:36.546#Z#DEBUG#3758d499-a770-11f1-be6f-eeee0a871e3d.OPERATION#flowable-async-job-executor-thread-4550#
Step "Upload App" finished#
#2026 09 03 08:20:36.540#Z#DEBUG#3758d499-a770-11f1-be6f-eeee0a871e3d.OPERATION#flowable-async-job-executor-thread-4558#
[StageAppStep] Executing task "stageAppTask" of process "4223e40e-a770-11f1-85ae-eeee0a987031"...#
#2026 09 03 08:20:36.541#Z#DEBUG#3758d499-a770-11f1-be6f-eeee0a871e3d.OPERATION#flowable-async-job-executor-thread-4558#
[StageAppStep] Application stage timeout is default one: 3,600 seconds#
#2026 09 03 08:20:36.542#Z#DEBUG#3758d499-a770-11f1-be6f-eeee0a871e3d.OPERATION#flowable-async-job-executor-thread-4558#
[StageAppStep] Checking status of application "note-for-approval-db-deployer"...#
#2026 09 03 08:20:36.542#Z#DEBUG#3758d499-a770-11f1-be6f-eeee0a871e3d.OPERATION#flowable-async-job-executor-thread-4558#
[StageAppStep] Getting build "1a392949-e922-447d-bb2a-bf5e99369fe8"...#
#2026 09 03 08:20:36.572#Z#DEBUG#3758d499-a770-11f1-be6f-eeee0a871e3d.OPERATION#flowable-async-job-executor-thread-4558#
[StageAppStep] Staging status of application "note-for-approval-db-deployer": PENDING#
#2026 09 03 08:20:36.574#Z#DEBUG#3758d499-a770-11f1-be6f-eeee0a871e3d.OPERATION#flowable-async-job-executor-thread-4558#
[StageAppStep] Getting application guid "note-for-approval-db-deployer"...#
#2026 09 03 08:20:36.652#Z#DEBUG#3758d499-a770-11f1-be6f-eeee0a871e3d.OPERATION#flowable-async-job-executor-thread-4558#
Step "Stage App" finished#
#2026 09 03 08:20:36.542#Z#DEBUG#3758d499-a770-11f1-be6f-eeee0a871e3d.OPERATION#flowable-async-job-executor-thread-4559#
[RestartAppStep] Executing task "startAppTask" of process "51f03af7-a770-11f1-be6f-eeee0a871e3d"...#
#2026 09 03 08:20:36.545#Z#DEBUG#3758d499-a770-11f1-be6f-eeee0a871e3d.OPERATION#flowable-async-job-executor-thread-4559#
[RestartAppStep] Application start timeout is default one: 3,600 seconds#
#2026 09 03 08:20:36.546#Z#DEBUG#3758d499-a770-11f1-be6f-eeee0a871e3d.OPERATION#flowable-async-job-executor-thread-4559#
[RestartAppStep] Checking status of application "note-for-approval"...#
#2026 09 03 08:20:36.546#Z#DEBUG#3758d499-a770-11f1-be6f-eeee0a871e3d.OPERATION#flowable-async-job-executor-thread-4559#
[RestartAppStep] Getting application "note-for-approval"...#
#2026 09 03 08:20:36.578#Z#DEBUG#3758d499-a770-11f1-be6f-eeee0a871e3d.OPERATION#flowable-async-job-executor-thread-4559#
[RestartAppStep] Getting instances for application "note-for-approval"...#
#2026 09 03 08:20:36.656#Z#DEBUG#3758d499-a770-11f1-be6f-eeee0a871e3d.OPERATION#flowable-async-job-executor-thread-4559#
[RestartAppStep] Application "note-for-approval": 1 of 1 instances running (1 running)#
#2026 09 03 08:20:36.717#Z#DEBUG#3758d499-a770-11f1-be6f-eeee0a871e3d.OPERATION#flowable-async-job-executor-thread-4559#
[RestartAppStep] Getting routes for application "00415b23-d656-42e4-9089-360c286d1f4f"...#
#2026 09 03 08:20:36.755#Z#INFO#3758d499-a770-11f1-be6f-eeee0a871e3d.OPERATION#flowable-async-job-executor-thread-4559#
[RestartAppStep] Application "note-for-approval" started and available at "brainbox-consulting-bv-brainboxconsultingig-dev-note-fo1ef357a0.cfapps.eu10-005.hana.ondemand.com"#
#2026 09 03 08:20:36.761#Z#DEBUG#3758d499-a770-11f1-be6f-eeee0a871e3d.OPERATION#flowable-async-job-executor-thread-4559#
Step "Start App" finished#
#2026 09 03 08:20:46.570#Z#DEBUG#3758d499-a770-11f1-be6f-eeee0a871e3d.OPERATION#flowable-async-job-executor-thread-4575#
[RestartAppStep] Executing task "startAppTask" of process "5746f68b-a770-11f1-be6f-eeee0a871e3d"...#
#2026 09 03 08:20:46.573#Z#DEBUG#3758d499-a770-11f1-be6f-eeee0a871e3d.OPERATION#flowable-async-job-executor-thread-4575#
[RestartAppStep] Application start timeout is default one: 3,600 seconds#
#2026 09 03 08:20:46.575#Z#DEBUG#3758d499-a770-11f1-be6f-eeee0a871e3d.OPERATION#flowable-async-job-executor-thread-4575#
Step "Start App" finished#
#2026 09 03 08:20:46.556#Z#DEBUG#3758d499-a770-11f1-be6f-eeee0a871e3d.OPERATION#flowable-async-job-executor-thread-4570#
[UploadAppStep] Executing task "uploadAppTask" of process "4242b6df-a770-11f1-b5d9-eeee0a807e3c"...#
#2026 09 03 08:20:46.558#Z#DEBUG#3758d499-a770-11f1-be6f-eeee0a871e3d.OPERATION#flowable-async-job-executor-thread-4570#
[UploadAppStep] Application upload timeout is default one: 3,600 seconds#
#2026 09 03 08:20:46.558#Z#DEBUG#3758d499-a770-11f1-be6f-eeee0a871e3d.OPERATION#flowable-async-job-executor-thread-4570#
[UploadAppStep] Checking upload status of application "note-for-approval-srv"...#
#2026 09 03 08:20:46.559#Z#DEBUG#3758d499-a770-11f1-be6f-eeee0a871e3d.OPERATION#flowable-async-job-executor-thread-4570#
[UploadAppStep] Getting package "74c943d8-4f21-403a-8af4-9a95ea98a592"...#
#2026 09 03 08:20:46.599#Z#DEBUG#3758d499-a770-11f1-be6f-eeee0a871e3d.OPERATION#flowable-async-job-executor-thread-4570#
[UploadAppStep] Application "note-for-approval-srv" uploaded#
#2026 09 03 08:20:46.600#Z#DEBUG#3758d499-a770-11f1-be6f-eeee0a871e3d.OPERATION#flowable-async-job-executor-thread-4570#
Step "Upload App" finished#
#2026 09 03 08:20:46.659#Z#DEBUG#3758d499-a770-11f1-be6f-eeee0a871e3d.OPERATION#flowable-async-job-executor-thread-4590#
[PrepareToExecuteTasksStep] Executing task "prepareToExecuteTasksTask" of process "5d261aba-a770-11f1-be6f-eeee0a871e3d"...#
#2026 09 03 08:20:46.660#Z#DEBUG#3758d499-a770-11f1-be6f-eeee0a871e3d.OPERATION#flowable-async-job-executor-thread-4590#
Step "Prepare To Execute Tasks" finished#
#2026 09 03 08:20:46.643#Z#DEBUG#3758d499-a770-11f1-be6f-eeee0a871e3d.OPERATION#flowable-async-job-executor-thread-4589#
[ScaleAppStep] Executing task "scaleAppTask" of process "4242b6df-a770-11f1-b5d9-eeee0a807e3c"...#
#2026 09 03 08:20:46.645#Z#DEBUG#3758d499-a770-11f1-be6f-eeee0a871e3d.OPERATION#flowable-async-job-executor-thread-4589#
[ScaleAppStep] Scaling application "note-for-approval-srv"...#
#2026 09 03 08:20:46.645#Z#DEBUG#3758d499-a770-11f1-be6f-eeee0a871e3d.OPERATION#flowable-async-job-executor-thread-4589#
[ScaleAppStep] Getting application guid "note-for-approval-srv"...#
#2026 09 03 08:20:46.675#Z#DEBUG#3758d499-a770-11f1-be6f-eeee0a871e3d.OPERATION#flowable-async-job-executor-thread-4589#
[ScaleAppStep] Getting process for application "7037cbc0-f596-4751-ad38-f95db4aad153"...#
#2026 09 03 08:20:46.705#Z#DEBUG#3758d499-a770-11f1-be6f-eeee0a871e3d.OPERATION#flowable-async-job-executor-thread-4589#
[ScaleAppStep] Application "note-for-approval-srv" scaled#
#2026 09 03 08:20:46.705#Z#DEBUG#3758d499-a770-11f1-be6f-eeee0a871e3d.OPERATION#flowable-async-job-executor-thread-4589#
Step "Scale App" finished#
#2026 09 03 08:20:46.711#Z#DEBUG#3758d499-a770-11f1-be6f-eeee0a871e3d.OPERATION#flowable-async-job-executor-thread-4591#
[PublishConfigurationEntriesStep] Executing task "publishProvidedDependenciesTask" of process "5d209c42-a770-11f1-be6f-eeee0a871e3d"...#
#2026 09 03 08:20:46.712#Z#DEBUG#3758d499-a770-11f1-be6f-eeee0a871e3d.OPERATION#flowable-async-job-executor-thread-4591#
[PublishConfigurationEntriesStep] Publishing public provided dependencies for application "note-for-approval"...#
#2026 09 03 08:20:46.713#Z#DEBUG#3758d499-a770-11f1-be6f-eeee0a871e3d.OPERATION#flowable-async-job-executor-thread-4591#
[PublishConfigurationEntriesStep] No public provided dependencies for publishing#
#2026 09 03 08:20:46.713#Z#DEBUG#3758d499-a770-11f1-be6f-eeee0a871e3d.OPERATION#flowable-async-job-executor-thread-4591#
Step "Publish Provided Dependencies" finished#
#2026 09 03 08:20:46.742#Z#DEBUG#3758d499-a770-11f1-be6f-eeee0a871e3d.OPERATION#flowable-async-job-executor-thread-4593#
[CreateOrUpdateServiceBrokerStep] Executing task "createOrUpdateServiceBrokerTask" of process "5d209c42-a770-11f1-be6f-eeee0a871e3d"...#
#2026 09 03 08:20:46.743#Z#DEBUG#3758d499-a770-11f1-be6f-eeee0a871e3d.OPERATION#flowable-async-job-executor-thread-4593#
[CreateOrUpdateServiceBrokerStep] Creating service brokers...#
#2026 09 03 08:20:46.744#Z#DEBUG#3758d499-a770-11f1-be6f-eeee0a871e3d.OPERATION#flowable-async-job-executor-thread-4593#
Step "Create Or Update Service Broker " finished#
#2026 09 03 08:20:46.594#Z#DEBUG#3758d499-a770-11f1-be6f-eeee0a871e3d.OPERATION#flowable-async-job-executor-thread-4585#
[StageAppStep] Executing task "stageAppTask" of process "4223e40e-a770-11f1-85ae-eeee0a987031"...#
#2026 09 03 08:20:46.595#Z#DEBUG#3758d499-a770-11f1-be6f-eeee0a871e3d.OPERATION#flowable-async-job-executor-thread-4585#
[StageAppStep] Application stage timeout is default one: 3,600 seconds#
#2026 09 03 08:20:46.596#Z#DEBUG#3758d499-a770-11f1-be6f-eeee0a871e3d.OPERATION#flowable-async-job-executor-thread-4585#
[StageAppStep] Checking status of application "note-for-approval-db-deployer"...#
#2026 09 03 08:20:46.596#Z#DEBUG#3758d499-a770-11f1-be6f-eeee0a871e3d.OPERATION#flowable-async-job-executor-thread-4585#
[StageAppStep] Getting build "1a392949-e922-447d-bb2a-bf5e99369fe8"...#
#2026 09 03 08:20:46.636#Z#DEBUG#3758d499-a770-11f1-be6f-eeee0a871e3d.OPERATION#flowable-async-job-executor-thread-4585#
[StageAppStep] Staging status of application "note-for-approval-db-deployer": STAGED#
#2026 09 03 08:20:46.637#Z#DEBUG#3758d499-a770-11f1-be6f-eeee0a871e3d.OPERATION#flowable-async-job-executor-thread-4585#
[StageAppStep] Getting application guid "note-for-approval-db-deployer"...#
#2026 09 03 08:20:46.724#Z#DEBUG#3758d499-a770-11f1-be6f-eeee0a871e3d.OPERATION#flowable-async-job-executor-thread-4585#
[StageAppStep] Getting build "1a392949-e922-447d-bb2a-bf5e99369fe8"...#
#2026 09 03 08:20:46.752#Z#DEBUG#3758d499-a770-11f1-be6f-eeee0a871e3d.OPERATION#flowable-async-job-executor-thread-4585#
[StageAppStep] Binding droplet "b0d1e6c6-d62a-41d1-b6c2-92e16cd4b9db" to application "cfa7ca5e-15f8-47db-8f56-b1eb52c10373"...#
#2026 09 03 08:20:46.808#Z#INFO#3758d499-a770-11f1-be6f-eeee0a871e3d.OPERATION#flowable-async-job-executor-thread-4585#
[StageAppStep] Application "note-for-approval-db-deployer" staged#
#2026 09 03 08:20:46.813#Z#DEBUG#3758d499-a770-11f1-be6f-eeee0a871e3d.OPERATION#flowable-async-job-executor-thread-4585#
Step "Stage App" finished#
#2026 09 03 08:20:46.731#Z#DEBUG#3758d499-a770-11f1-be6f-eeee0a871e3d.OPERATION#flowable-async-job-executor-thread-4592#
[DetermineDesiredStateAchievingActionsStep] Executing task "determineDesiredStateAchievingActionsTask" of process "4242b6df-a770-11f1-b5d9-eeee0a807e3c"...#
#2026 09 03 08:20:46.733#Z#DEBUG#3758d499-a770-11f1-be6f-eeee0a871e3d.OPERATION#flowable-async-job-executor-thread-4592#
[DetermineDesiredStateAchievingActionsStep] Getting application "note-for-approval-srv"...#
#2026 09 03 08:20:46.794#Z#DEBUG#3758d499-a770-11f1-be6f-eeee0a871e3d.OPERATION#flowable-async-job-executor-thread-4592#
[DetermineDesiredStateAchievingActionsStep] Getting instances for application "note-for-approval-srv"...#
#2026 09 03 08:20:46.836#Z#DEBUG#3758d499-a770-11f1-be6f-eeee0a871e3d.OPERATION#flowable-async-job-executor-thread-4592#
[DetermineDesiredStateAchievingActionsStep] Getting environment of application "7037cbc0-f596-4751-ad38-f95db4aad153"...#
#2026 09 03 08:20:46.869#Z#DEBUG#3758d499-a770-11f1-be6f-eeee0a871e3d.OPERATION#flowable-async-job-executor-thread-4592#
[DetermineDesiredStateAchievingActionsStep] Current state of application note-for-approval-srv: STARTED#
#2026 09 03 08:20:46.869#Z#DEBUG#3758d499-a770-11f1-be6f-eeee0a871e3d.OPERATION#flowable-async-job-executor-thread-4592#
[DetermineDesiredStateAchievingActionsStep] Desired state of application note-for-approval-srv: STARTED#
#2026 09 03 08:20:46.869#Z#DEBUG#3758d499-a770-11f1-be6f-eeee0a871e3d.OPERATION#flowable-async-job-executor-thread-4592#
[DetermineDesiredStateAchievingActionsStep] Actions that should be executed on application note-for-approval-srv: [STOP, STAGE, START]#
#2026 09 03 08:20:46.869#Z#DEBUG#3758d499-a770-11f1-be6f-eeee0a871e3d.OPERATION#flowable-async-job-executor-thread-4592#
Step "Determine Desired State Achieving Actions" finished#
#2026 09 03 08:20:46.871#Z#DEBUG#3758d499-a770-11f1-be6f-eeee0a871e3d.OPERATION#flowable-async-job-executor-thread-4601#
[PrepareToExecuteTasksStep] Executing task "prepareToExecuteTasksTask" of process "5d48e584-a770-11f1-be6f-eeee0a871e3d"...#
#2026 09 03 08:20:46.872#Z#DEBUG#3758d499-a770-11f1-be6f-eeee0a871e3d.OPERATION#flowable-async-job-executor-thread-4601#
Step "Prepare To Execute Tasks" finished#
#2026 09 03 08:20:46.900#Z#DEBUG#3758d499-a770-11f1-be6f-eeee0a871e3d.OPERATION#flowable-async-job-executor-thread-4603#
[StopAppStep] Executing task "stopAppTask" of process "4242b6df-a770-11f1-b5d9-eeee0a807e3c"...#
#2026 09 03 08:20:46.903#Z#INFO#3758d499-a770-11f1-be6f-eeee0a871e3d.OPERATION#flowable-async-job-executor-thread-4603#
[StopAppStep] Stopping application "note-for-approval-srv"...#
#2026 09 03 08:20:46.908#Z#DEBUG#3758d499-a770-11f1-be6f-eeee0a871e3d.OPERATION#flowable-async-job-executor-thread-4603#
[StopAppStep] Stopping application "note-for-approval-srv"...#
#2026 09 03 08:20:47.058#Z#DEBUG#3758d499-a770-11f1-be6f-eeee0a871e3d.OPERATION#flowable-async-job-executor-thread-4603#
[StopAppStep] Application "note-for-approval-srv" stopped#
#2026 09 03 08:20:47.058#Z#DEBUG#3758d499-a770-11f1-be6f-eeee0a871e3d.OPERATION#flowable-async-job-executor-thread-4603#
[StopAppStep] Getting environment of application "7037cbc0-f596-4751-ad38-f95db4aad153"...#
#2026 09 03 08:20:47.089#Z#DEBUG#3758d499-a770-11f1-be6f-eeee0a871e3d.OPERATION#flowable-async-job-executor-thread-4603#
Step "Stop App" finished#
#2026 09 03 08:20:46.895#Z#DEBUG#3758d499-a770-11f1-be6f-eeee0a871e3d.OPERATION#flowable-async-job-executor-thread-4602#
[ExecuteTaskStep] Executing task "executeTaskTask" of process "5d48e584-a770-11f1-be6f-eeee0a871e3d"...#
#2026 09 03 08:20:46.896#Z#DEBUG#3758d499-a770-11f1-be6f-eeee0a871e3d.OPERATION#flowable-async-job-executor-thread-4602#
[ExecuteTaskStep] Application task execution timeout is default one: 43,200 seconds#
#2026 09 03 08:20:46.898#Z#INFO#3758d499-a770-11f1-be6f-eeee0a871e3d.OPERATION#flowable-async-job-executor-thread-4602#
[ExecuteTaskStep] Executing task "deploy" on application "note-for-approval-db-deployer"...#
#2026 09 03 08:20:46.903#Z#DEBUG#3758d499-a770-11f1-be6f-eeee0a871e3d.OPERATION#flowable-async-job-executor-thread-4602#
[ExecuteTaskStep] Running task on application "note-for-approval-db-deployer": {
  "name" : "deploy",
  "command" : "npm start",
  "limits" : {
    "memory" : 256
  }
}#
#2026 09 03 08:20:47.236#Z#DEBUG#3758d499-a770-11f1-be6f-eeee0a871e3d.OPERATION#flowable-async-job-executor-thread-4602#
Step "Execute Task" finished#
#2026 09 03 08:20:47.126#Z#DEBUG#3758d499-a770-11f1-be6f-eeee0a871e3d.OPERATION#flowable-async-job-executor-thread-4604#
[StageAppStep] Executing task "stageAppTask" of process "5d6ee340-a770-11f1-be6f-eeee0a871e3d"...#
#2026 09 03 08:20:47.128#Z#DEBUG#3758d499-a770-11f1-be6f-eeee0a871e3d.OPERATION#flowable-async-job-executor-thread-4604#
[StageAppStep] Application stage timeout is default one: 3,600 seconds#
#2026 09 03 08:20:47.131#Z#INFO#3758d499-a770-11f1-be6f-eeee0a871e3d.OPERATION#flowable-async-job-executor-thread-4604#
[StageAppStep] Staging application "note-for-approval-srv"...#
#2026 09 03 08:20:47.135#Z#DEBUG#3758d499-a770-11f1-be6f-eeee0a871e3d.OPERATION#flowable-async-job-executor-thread-4604#
[StageAppStep] Creating build for package "74c943d8-4f21-403a-8af4-9a95ea98a592"...#
#2026 09 03 08:20:47.528#Z#DEBUG#3758d499-a770-11f1-be6f-eeee0a871e3d.OPERATION#flowable-async-job-executor-thread-4604#
Step "Stage App" finished#
#2026 09 03 08:20:56.631#Z#DEBUG#3758d499-a770-11f1-be6f-eeee0a871e3d.OPERATION#flowable-async-job-executor-thread-4619#
[StageAppStep] Executing task "stageAppTask" of process "5d6ee340-a770-11f1-be6f-eeee0a871e3d"...#
#2026 09 03 08:20:56.633#Z#DEBUG#3758d499-a770-11f1-be6f-eeee0a871e3d.OPERATION#flowable-async-job-executor-thread-4619#
[StageAppStep] Application stage timeout is default one: 3,600 seconds#
#2026 09 03 08:20:56.634#Z#DEBUG#3758d499-a770-11f1-be6f-eeee0a871e3d.OPERATION#flowable-async-job-executor-thread-4619#
[StageAppStep] Checking status of application "note-for-approval-srv"...#
#2026 09 03 08:20:56.634#Z#DEBUG#3758d499-a770-11f1-be6f-eeee0a871e3d.OPERATION#flowable-async-job-executor-thread-4619#
[StageAppStep] Getting build "31e7cab6-1cde-4928-bf6d-1f86696d4609"...#
#2026 09 03 08:20:56.665#Z#DEBUG#3758d499-a770-11f1-be6f-eeee0a871e3d.OPERATION#flowable-async-job-executor-thread-4619#
[StageAppStep] Staging status of application "note-for-approval-srv": PENDING#
#2026 09 03 08:20:56.667#Z#DEBUG#3758d499-a770-11f1-be6f-eeee0a871e3d.OPERATION#flowable-async-job-executor-thread-4619#
[StageAppStep] Getting application guid "note-for-approval-srv"...#
#2026 09 03 08:20:56.761#Z#DEBUG#3758d499-a770-11f1-be6f-eeee0a871e3d.OPERATION#flowable-async-job-executor-thread-4619#
Step "Stage App" finished#
#2026 09 03 08:20:56.626#Z#DEBUG#3758d499-a770-11f1-be6f-eeee0a871e3d.OPERATION#flowable-async-job-executor-thread-4617#
[ExecuteTaskStep] Executing task "executeTaskTask" of process "5d48e584-a770-11f1-be6f-eeee0a871e3d"...#
#2026 09 03 08:20:56.629#Z#DEBUG#3758d499-a770-11f1-be6f-eeee0a871e3d.OPERATION#flowable-async-job-executor-thread-4617#
[ExecuteTaskStep] Application task execution timeout is default one: 43,200 seconds#
#2026 09 03 08:20:56.630#Z#DEBUG#3758d499-a770-11f1-be6f-eeee0a871e3d.OPERATION#flowable-async-job-executor-thread-4617#
[ExecuteTaskStep] Getting task "8ef06ddc-cf28-44ea-bfe8-cc6ae4443b01"...#
#2026 09 03 08:20:56.680#Z#DEBUG#3758d499-a770-11f1-be6f-eeee0a871e3d.OPERATION#flowable-async-job-executor-thread-4617#
[ExecuteTaskStep] Task execution status: succeeded#
#2026 09 03 08:20:56.681#Z#DEBUG#3758d499-a770-11f1-be6f-eeee0a871e3d.OPERATION#flowable-async-job-executor-thread-4617#
[ExecuteTaskStep] Getting application guid "note-for-approval-db-deployer"...#
#2026 09 03 08:20:56.769#Z#DEBUG#3758d499-a770-11f1-be6f-eeee0a871e3d.OPERATION#flowable-async-job-executor-thread-4617#
Step "Execute Task" finished#
#2026 09 03 08:20:56.801#Z#DEBUG#3758d499-a770-11f1-be6f-eeee0a871e3d.OPERATION#flowable-async-job-executor-thread-4626#
[IncrementIndexStep] Executing task "incrementTaskIndexTask" of process "5d48e584-a770-11f1-be6f-eeee0a871e3d"...#
#2026 09 03 08:20:56.802#Z#DEBUG#3758d499-a770-11f1-be6f-eeee0a871e3d.OPERATION#flowable-async-job-executor-thread-4626#
Step "Increment Task Index" finished#
#2026 09 03 08:20:56.858#Z#DEBUG#3758d499-a770-11f1-be6f-eeee0a871e3d.OPERATION#flowable-async-job-executor-thread-4629#
[PublishConfigurationEntriesStep] Executing task "publishProvidedDependenciesTask" of process "4223e40e-a770-11f1-85ae-eeee0a987031"...#
#2026 09 03 08:20:56.859#Z#DEBUG#3758d499-a770-11f1-be6f-eeee0a871e3d.OPERATION#flowable-async-job-executor-thread-4629#
[PublishConfigurationEntriesStep] Publishing public provided dependencies for application "note-for-approval-db-deployer"...#
#2026 09 03 08:20:56.860#Z#DEBUG#3758d499-a770-11f1-be6f-eeee0a871e3d.OPERATION#flowable-async-job-executor-thread-4629#
[PublishConfigurationEntriesStep] No public provided dependencies for publishing#
#2026 09 03 08:20:56.860#Z#DEBUG#3758d499-a770-11f1-be6f-eeee0a871e3d.OPERATION#flowable-async-job-executor-thread-4629#
Step "Publish Provided Dependencies" finished#
#2026 09 03 08:20:56.890#Z#DEBUG#3758d499-a770-11f1-be6f-eeee0a871e3d.OPERATION#flowable-async-job-executor-thread-4630#
[CreateOrUpdateServiceBrokerStep] Executing task "createOrUpdateServiceBrokerTask" of process "4223e40e-a770-11f1-85ae-eeee0a987031"...#
#2026 09 03 08:20:56.892#Z#DEBUG#3758d499-a770-11f1-be6f-eeee0a871e3d.OPERATION#flowable-async-job-executor-thread-4630#
[CreateOrUpdateServiceBrokerStep] Creating service brokers...#
#2026 09 03 08:20:56.893#Z#DEBUG#3758d499-a770-11f1-be6f-eeee0a871e3d.OPERATION#flowable-async-job-executor-thread-4630#
Step "Create Or Update Service Broker " finished#
#2026 09 03 08:21:06.667#Z#DEBUG#3758d499-a770-11f1-be6f-eeee0a871e3d.OPERATION#flowable-async-job-executor-thread-4643#
[StageAppStep] Executing task "stageAppTask" of process "5d6ee340-a770-11f1-be6f-eeee0a871e3d"...#
#2026 09 03 08:21:06.669#Z#DEBUG#3758d499-a770-11f1-be6f-eeee0a871e3d.OPERATION#flowable-async-job-executor-thread-4643#
[StageAppStep] Application stage timeout is default one: 3,600 seconds#
#2026 09 03 08:21:06.670#Z#DEBUG#3758d499-a770-11f1-be6f-eeee0a871e3d.OPERATION#flowable-async-job-executor-thread-4643#
[StageAppStep] Checking status of application "note-for-approval-srv"...#
#2026 09 03 08:21:06.670#Z#DEBUG#3758d499-a770-11f1-be6f-eeee0a871e3d.OPERATION#flowable-async-job-executor-thread-4643#
[StageAppStep] Getting build "31e7cab6-1cde-4928-bf6d-1f86696d4609"...#
#2026 09 03 08:21:06.705#Z#DEBUG#3758d499-a770-11f1-be6f-eeee0a871e3d.OPERATION#flowable-async-job-executor-thread-4643#
[StageAppStep] Staging status of application "note-for-approval-srv": PENDING#
#2026 09 03 08:21:06.706#Z#DEBUG#3758d499-a770-11f1-be6f-eeee0a871e3d.OPERATION#flowable-async-job-executor-thread-4643#
[StageAppStep] Getting application guid "note-for-approval-srv"...#
#2026 09 03 08:21:06.801#Z#DEBUG#3758d499-a770-11f1-be6f-eeee0a871e3d.OPERATION#flowable-async-job-executor-thread-4643#
Step "Stage App" finished#
#2026 09 03 08:21:16.723#Z#DEBUG#3758d499-a770-11f1-be6f-eeee0a871e3d.OPERATION#flowable-async-job-executor-thread-9652#
[StageAppStep] Executing task "stageAppTask" of process "5d6ee340-a770-11f1-be6f-eeee0a871e3d"...#
#2026 09 03 08:21:16.727#Z#DEBUG#3758d499-a770-11f1-be6f-eeee0a871e3d.OPERATION#flowable-async-job-executor-thread-9652#
[StageAppStep] Application stage timeout is default one: 3,600 seconds#
#2026 09 03 08:21:16.728#Z#DEBUG#3758d499-a770-11f1-be6f-eeee0a871e3d.OPERATION#flowable-async-job-executor-thread-9652#
[StageAppStep] Checking status of application "note-for-approval-srv"...#
#2026 09 03 08:21:16.728#Z#DEBUG#3758d499-a770-11f1-be6f-eeee0a871e3d.OPERATION#flowable-async-job-executor-thread-9652#
[StageAppStep] Getting build "31e7cab6-1cde-4928-bf6d-1f86696d4609"...#
#2026 09 03 08:21:16.764#Z#DEBUG#3758d499-a770-11f1-be6f-eeee0a871e3d.OPERATION#flowable-async-job-executor-thread-9652#
[StageAppStep] Staging status of application "note-for-approval-srv": PENDING#
#2026 09 03 08:21:16.765#Z#DEBUG#3758d499-a770-11f1-be6f-eeee0a871e3d.OPERATION#flowable-async-job-executor-thread-9652#
[StageAppStep] Getting application guid "note-for-approval-srv"...#
#2026 09 03 08:21:16.874#Z#DEBUG#3758d499-a770-11f1-be6f-eeee0a871e3d.OPERATION#flowable-async-job-executor-thread-9652#
Step "Stage App" finished#
#2026 09 03 08:21:26.731#Z#DEBUG#3758d499-a770-11f1-be6f-eeee0a871e3d.OPERATION#flowable-async-job-executor-thread-7019#
[StageAppStep] Executing task "stageAppTask" of process "5d6ee340-a770-11f1-be6f-eeee0a871e3d"...#
#2026 09 03 08:21:26.733#Z#DEBUG#3758d499-a770-11f1-be6f-eeee0a871e3d.OPERATION#flowable-async-job-executor-thread-7019#
[StageAppStep] Application stage timeout is default one: 3,600 seconds#
#2026 09 03 08:21:26.734#Z#DEBUG#3758d499-a770-11f1-be6f-eeee0a871e3d.OPERATION#flowable-async-job-executor-thread-7019#
[StageAppStep] Checking status of application "note-for-approval-srv"...#
#2026 09 03 08:21:26.734#Z#DEBUG#3758d499-a770-11f1-be6f-eeee0a871e3d.OPERATION#flowable-async-job-executor-thread-7019#
[StageAppStep] Getting build "31e7cab6-1cde-4928-bf6d-1f86696d4609"...#
#2026 09 03 08:21:26.778#Z#DEBUG#3758d499-a770-11f1-be6f-eeee0a871e3d.OPERATION#flowable-async-job-executor-thread-7019#
[StageAppStep] Staging status of application "note-for-approval-srv": PENDING#
#2026 09 03 08:21:26.779#Z#DEBUG#3758d499-a770-11f1-be6f-eeee0a871e3d.OPERATION#flowable-async-job-executor-thread-7019#
[StageAppStep] Getting application guid "note-for-approval-srv"...#
#2026 09 03 08:21:26.865#Z#DEBUG#3758d499-a770-11f1-be6f-eeee0a871e3d.OPERATION#flowable-async-job-executor-thread-7019#
Step "Stage App" finished#
#2026 09 03 08:21:36.787#Z#DEBUG#3758d499-a770-11f1-be6f-eeee0a871e3d.OPERATION#flowable-async-job-executor-thread-7051#
[StageAppStep] Executing task "stageAppTask" of process "5d6ee340-a770-11f1-be6f-eeee0a871e3d"...#
#2026 09 03 08:21:36.789#Z#DEBUG#3758d499-a770-11f1-be6f-eeee0a871e3d.OPERATION#flowable-async-job-executor-thread-7051#
[StageAppStep] Application stage timeout is default one: 3,600 seconds#
#2026 09 03 08:21:36.790#Z#DEBUG#3758d499-a770-11f1-be6f-eeee0a871e3d.OPERATION#flowable-async-job-executor-thread-7051#
[StageAppStep] Checking status of application "note-for-approval-srv"...#
#2026 09 03 08:21:36.790#Z#DEBUG#3758d499-a770-11f1-be6f-eeee0a871e3d.OPERATION#flowable-async-job-executor-thread-7051#
[StageAppStep] Getting build "31e7cab6-1cde-4928-bf6d-1f86696d4609"...#
#2026 09 03 08:21:36.820#Z#DEBUG#3758d499-a770-11f1-be6f-eeee0a871e3d.OPERATION#flowable-async-job-executor-thread-7051#
[StageAppStep] Staging status of application "note-for-approval-srv": STAGED#
#2026 09 03 08:21:36.821#Z#DEBUG#3758d499-a770-11f1-be6f-eeee0a871e3d.OPERATION#flowable-async-job-executor-thread-7051#
[StageAppStep] Getting application guid "note-for-approval-srv"...#
#2026 09 03 08:21:36.890#Z#DEBUG#3758d499-a770-11f1-be6f-eeee0a871e3d.OPERATION#flowable-async-job-executor-thread-7051#
[StageAppStep] Getting build "31e7cab6-1cde-4928-bf6d-1f86696d4609"...#
#2026 09 03 08:21:36.935#Z#DEBUG#3758d499-a770-11f1-be6f-eeee0a871e3d.OPERATION#flowable-async-job-executor-thread-7051#
[StageAppStep] Binding droplet "4e8f4a36-c6aa-4e47-b0b8-1747ba2be5dd" to application "7037cbc0-f596-4751-ad38-f95db4aad153"...#
#2026 09 03 08:21:36.997#Z#INFO#3758d499-a770-11f1-be6f-eeee0a871e3d.OPERATION#flowable-async-job-executor-thread-7051#
[StageAppStep] Application "note-for-approval-srv" staged#
#2026 09 03 08:21:37.002#Z#DEBUG#3758d499-a770-11f1-be6f-eeee0a871e3d.OPERATION#flowable-async-job-executor-thread-7051#
Step "Stage App" finished#
#2026 09 03 08:21:37.045#Z#DEBUG#3758d499-a770-11f1-be6f-eeee0a871e3d.OPERATION#flowable-async-job-executor-thread-7060#
[RestartAppStep] Executing task "startAppTask" of process "5d6ee340-a770-11f1-be6f-eeee0a871e3d"...#
#2026 09 03 08:21:37.049#Z#DEBUG#3758d499-a770-11f1-be6f-eeee0a871e3d.OPERATION#flowable-async-job-executor-thread-7060#
[RestartAppStep] Application start timeout is default one: 3,600 seconds#
#2026 09 03 08:21:37.058#Z#DEBUG#3758d499-a770-11f1-be6f-eeee0a871e3d.OPERATION#flowable-async-job-executor-thread-7060#
[RestartAppStep] Getting application "note-for-approval-srv"...#
#2026 09 03 08:21:37.088#Z#INFO#3758d499-a770-11f1-be6f-eeee0a871e3d.OPERATION#flowable-async-job-executor-thread-7060#
[RestartAppStep] Starting application "note-for-approval-srv"...#
#2026 09 03 08:21:37.093#Z#DEBUG#3758d499-a770-11f1-be6f-eeee0a871e3d.OPERATION#flowable-async-job-executor-thread-7060#
[RestartAppStep] Starting application "note-for-approval-srv"...#
#2026 09 03 08:21:37.338#Z#DEBUG#3758d499-a770-11f1-be6f-eeee0a871e3d.OPERATION#flowable-async-job-executor-thread-7060#
Step "Start App" finished#
#2026 09 03 08:21:46.836#Z#DEBUG#3758d499-a770-11f1-be6f-eeee0a871e3d.OPERATION#flowable-async-job-executor-thread-7092#
[RestartAppStep] Executing task "startAppTask" of process "7b626eaf-a770-11f1-b520-eeee0a88223d"...#
#2026 09 03 08:21:46.839#Z#DEBUG#3758d499-a770-11f1-be6f-eeee0a871e3d.OPERATION#flowable-async-job-executor-thread-7092#
[RestartAppStep] Application start timeout is default one: 3,600 seconds#
#2026 09 03 08:21:46.840#Z#DEBUG#3758d499-a770-11f1-be6f-eeee0a871e3d.OPERATION#flowable-async-job-executor-thread-7092#
[RestartAppStep] Checking status of application "note-for-approval-srv"...#
#2026 09 03 08:21:46.840#Z#DEBUG#3758d499-a770-11f1-be6f-eeee0a871e3d.OPERATION#flowable-async-job-executor-thread-7092#
[RestartAppStep] Getting application "note-for-approval-srv"...#
#2026 09 03 08:21:46.865#Z#DEBUG#3758d499-a770-11f1-be6f-eeee0a871e3d.OPERATION#flowable-async-job-executor-thread-7092#
[RestartAppStep] Getting instances for application "note-for-approval-srv"...#
#2026 09 03 08:21:46.928#Z#DEBUG#3758d499-a770-11f1-be6f-eeee0a871e3d.OPERATION#flowable-async-job-executor-thread-7092#
[RestartAppStep] Application "note-for-approval-srv": 1 of 1 instances running (1 running)#
#2026 09 03 08:21:46.994#Z#DEBUG#3758d499-a770-11f1-be6f-eeee0a871e3d.OPERATION#flowable-async-job-executor-thread-7092#
[RestartAppStep] Getting routes for application "7037cbc0-f596-4751-ad38-f95db4aad153"...#
#2026 09 03 08:21:47.025#Z#INFO#3758d499-a770-11f1-be6f-eeee0a871e3d.OPERATION#flowable-async-job-executor-thread-7092#
[RestartAppStep] Application "note-for-approval-srv" started and available at "brainbox-consulting-bv-brainboxconsultingig-dev-note-fo4054ba4a.cfapps.eu10-005.hana.ondemand.com"#
#2026 09 03 08:21:47.031#Z#DEBUG#3758d499-a770-11f1-be6f-eeee0a871e3d.OPERATION#flowable-async-job-executor-thread-7092#
Step "Start App" finished#
#2026 09 03 08:21:56.910#Z#DEBUG#3758d499-a770-11f1-be6f-eeee0a871e3d.OPERATION#flowable-async-job-executor-thread-10489#
[RestartAppStep] Executing task "startAppTask" of process "81297742-a770-11f1-b520-eeee0a88223d"...#
#2026 09 03 08:21:56.914#Z#DEBUG#3758d499-a770-11f1-be6f-eeee0a871e3d.OPERATION#flowable-async-job-executor-thread-10489#
[RestartAppStep] Application start timeout is default one: 3,600 seconds#
#2026 09 03 08:21:56.916#Z#DEBUG#3758d499-a770-11f1-be6f-eeee0a871e3d.OPERATION#flowable-async-job-executor-thread-10489#
Step "Start App" finished#
#2026 09 03 08:21:57.007#Z#DEBUG#3758d499-a770-11f1-be6f-eeee0a871e3d.OPERATION#flowable-async-job-executor-thread-10494#
[PrepareToExecuteTasksStep] Executing task "prepareToExecuteTasksTask" of process "87145c41-a770-11f1-b5d9-eeee0a807e3c"...#
#2026 09 03 08:21:57.009#Z#DEBUG#3758d499-a770-11f1-be6f-eeee0a871e3d.OPERATION#flowable-async-job-executor-thread-10494#
Step "Prepare To Execute Tasks" finished#
#2026 09 03 08:21:57.079#Z#DEBUG#3758d499-a770-11f1-be6f-eeee0a871e3d.OPERATION#flowable-async-job-executor-thread-10495#
[PublishConfigurationEntriesStep] Executing task "publishProvidedDependenciesTask" of process "870dcc6c-a770-11f1-b5d9-eeee0a807e3c"...#
#2026 09 03 08:21:57.080#Z#DEBUG#3758d499-a770-11f1-be6f-eeee0a871e3d.OPERATION#flowable-async-job-executor-thread-10495#
[PublishConfigurationEntriesStep] Publishing public provided dependencies for application "note-for-approval-srv"...#
#2026 09 03 08:21:57.081#Z#DEBUG#3758d499-a770-11f1-be6f-eeee0a871e3d.OPERATION#flowable-async-job-executor-thread-10495#
[PublishConfigurationEntriesStep] No public provided dependencies for publishing#
#2026 09 03 08:21:57.081#Z#DEBUG#3758d499-a770-11f1-be6f-eeee0a871e3d.OPERATION#flowable-async-job-executor-thread-10495#
Step "Publish Provided Dependencies" finished#
#2026 09 03 08:21:57.121#Z#DEBUG#3758d499-a770-11f1-be6f-eeee0a871e3d.OPERATION#flowable-async-job-executor-thread-10498#
[CreateOrUpdateServiceBrokerStep] Executing task "createOrUpdateServiceBrokerTask" of process "870dcc6c-a770-11f1-b5d9-eeee0a807e3c"...#
#2026 09 03 08:21:57.122#Z#DEBUG#3758d499-a770-11f1-be6f-eeee0a871e3d.OPERATION#flowable-async-job-executor-thread-10498#
[CreateOrUpdateServiceBrokerStep] Creating service brokers...#
#2026 09 03 08:21:57.124#Z#DEBUG#3758d499-a770-11f1-be6f-eeee0a871e3d.OPERATION#flowable-async-job-executor-thread-10498#
Step "Create Or Update Service Broker " finished#
#2026 09 03 08:21:57.315#Z#DEBUG#3758d499-a770-11f1-be6f-eeee0a871e3d.OPERATION#flowable-async-job-executor-thread-10506#
[CreateSubscriptionsStep] Executing task "createSubscriptionsTask" of process "873921b4-a770-11f1-b5d9-eeee0a807e3c"...#
#2026 09 03 08:21:57.316#Z#DEBUG#3758d499-a770-11f1-be6f-eeee0a871e3d.OPERATION#flowable-async-job-executor-thread-10506#
[CreateSubscriptionsStep] Creating subscriptions...#
#2026 09 03 08:21:57.317#Z#DEBUG#3758d499-a770-11f1-be6f-eeee0a871e3d.OPERATION#flowable-async-job-executor-thread-10506#
[CreateSubscriptionsStep] Subscriptions created#
#2026 09 03 08:21:57.317#Z#DEBUG#3758d499-a770-11f1-be6f-eeee0a871e3d.OPERATION#flowable-async-job-executor-thread-10506#
Step "Create Subscriptions" finished#
#2026 09 03 08:21:57.346#Z#DEBUG#3758d499-a770-11f1-be6f-eeee0a871e3d.OPERATION#flowable-async-job-executor-thread-10507#
[DeleteSubscriptionsStep] Executing task "deleteSubscriptionsTask" of process "873921b4-a770-11f1-b5d9-eeee0a807e3c"...#
#2026 09 03 08:21:57.347#Z#DEBUG#3758d499-a770-11f1-be6f-eeee0a871e3d.OPERATION#flowable-async-job-executor-thread-10507#
[DeleteSubscriptionsStep] Deleting discontinued subscriptions...#
#2026 09 03 08:21:57.349#Z#DEBUG#3758d499-a770-11f1-be6f-eeee0a871e3d.OPERATION#flowable-async-job-executor-thread-10507#
[DeleteSubscriptionsStep] Subscriptions to delete: [ ]#
#2026 09 03 08:21:57.349#Z#DEBUG#3758d499-a770-11f1-be6f-eeee0a871e3d.OPERATION#flowable-async-job-executor-thread-10507#
[DeleteSubscriptionsStep] Deleted discontinued subscriptions#
#2026 09 03 08:21:57.349#Z#DEBUG#3758d499-a770-11f1-be6f-eeee0a871e3d.OPERATION#flowable-async-job-executor-thread-10507#
Step "Delete Subscriptions" finished#
#2026 09 03 08:21:57.378#Z#DEBUG#3758d499-a770-11f1-be6f-eeee0a871e3d.OPERATION#flowable-async-job-executor-thread-10509#
[DeleteDiscontinuedConfigurationEntriesStep] Executing task "deleteDiscontinuedConfigurationEntriesTask" of process "873921b4-a770-11f1-b5d9-eeee0a807e3c"...#
#2026 09 03 08:21:57.379#Z#DEBUG#3758d499-a770-11f1-be6f-eeee0a871e3d.OPERATION#flowable-async-job-executor-thread-10509#
[DeleteDiscontinuedConfigurationEntriesStep] Deleting discontinued published dependencies...#
#2026 09 03 08:21:57.427#Z#DEBUG#3758d499-a770-11f1-be6f-eeee0a871e3d.OPERATION#flowable-async-job-executor-thread-10509#
[DeleteDiscontinuedConfigurationEntriesStep] Deleted entries: [ ]#
#2026 09 03 08:21:57.427#Z#DEBUG#3758d499-a770-11f1-be6f-eeee0a871e3d.OPERATION#flowable-async-job-executor-thread-10509#
[DeleteDiscontinuedConfigurationEntriesStep] Discontinued published dependencies deleted#
#2026 09 03 08:21:57.427#Z#DEBUG#3758d499-a770-11f1-be6f-eeee0a871e3d.OPERATION#flowable-async-job-executor-thread-10509#
Step "Delete Discontinued Configuration Entries" finished#
#2026 09 03 08:21:57.434#Z#WARN#3758d499-a770-11f1-be6f-eeee0a871e3d.OPERATION#flowable-async-job-executor-thread-10509#
[DoNotDeleteServicesListener] Skipping deletion of services, because the command line option "--delete-services" is not specified.#
#2026 09 03 08:21:57.474#Z#DEBUG#3758d499-a770-11f1-be6f-eeee0a871e3d.OPERATION#flowable-async-job-executor-thread-10512#
[DetachServicesFromMtaStep] Executing task "detachServicesFromMtaTask" of process "875c1344-a770-11f1-b5d9-eeee0a807e3c"...#
#2026 09 03 08:21:57.474#Z#DEBUG#3758d499-a770-11f1-be6f-eeee0a871e3d.OPERATION#flowable-async-job-executor-thread-10512#
[DetachServicesFromMtaStep] Detaching services from MTA...#
#2026 09 03 08:21:57.476#Z#DEBUG#3758d499-a770-11f1-be6f-eeee0a871e3d.OPERATION#flowable-async-job-executor-thread-10512#
[DetachServicesFromMtaStep] Getting service instances without auxiliary content by names []...#
#2026 09 03 08:21:57.477#Z#DEBUG#3758d499-a770-11f1-be6f-eeee0a871e3d.OPERATION#flowable-async-job-executor-thread-10512#
[DetachServicesFromMtaStep] Detached services from MTA#
#2026 09 03 08:21:57.477#Z#DEBUG#3758d499-a770-11f1-be6f-eeee0a871e3d.OPERATION#flowable-async-job-executor-thread-10512#
Step "Detach Services from MTA" finished#
#2026 09 03 08:21:57.504#Z#DEBUG#3758d499-a770-11f1-be6f-eeee0a871e3d.OPERATION#flowable-async-job-executor-thread-10514#
[UpdateSubscribersStep] Executing task "updateSubscribersTask" of process "875c1344-a770-11f1-b5d9-eeee0a807e3c"...#
#2026 09 03 08:21:57.505#Z#DEBUG#3758d499-a770-11f1-be6f-eeee0a871e3d.OPERATION#flowable-async-job-executor-thread-10514#
[UpdateSubscribersStep] Updating subscribers...#
#2026 09 03 08:21:57.609#Z#DEBUG#3758d499-a770-11f1-be6f-eeee0a871e3d.OPERATION#flowable-async-job-executor-thread-10514#
[UpdateSubscribersStep] Subscribers updated#
#2026 09 03 08:21:57.609#Z#DEBUG#3758d499-a770-11f1-be6f-eeee0a871e3d.OPERATION#flowable-async-job-executor-thread-10514#
Step "Update Subscribers" finished#
#2026 09 03 08:21:57.671#Z#DEBUG#3758d499-a770-11f1-be6f-eeee0a871e3d.OPERATION#flowable-async-job-executor-thread-10518#
[RestartSubscribersStep] Executing task "restartSubscribersTask" of process "875c1344-a770-11f1-b5d9-eeee0a807e3c"...#
#2026 09 03 08:21:57.673#Z#DEBUG#3758d499-a770-11f1-be6f-eeee0a871e3d.OPERATION#flowable-async-job-executor-thread-10518#
Step "Restart Subscribers" finished#
#2026 09 03 08:21:57.710#Z#DEBUG#3758d499-a770-11f1-be6f-eeee0a871e3d.OPERATION#flowable-async-job-executor-thread-10519#
[PrepareToRestartServiceBrokerSubscribersStep] Executing task "prepareToRestartServiceBrokerSubscribersTask" of process "875c1344-a770-11f1-b5d9-eeee0a807e3c"...#
#2026 09 03 08:21:57.713#Z#DEBUG#3758d499-a770-11f1-be6f-eeee0a871e3d.OPERATION#flowable-async-job-executor-thread-10519#
Step "Prepare To Restart Service Brokers Subscribers" finished#
